Title,Year,Genres,Rating,Votes
The Shawshank Redemption,1994,Drama,9.3,3199370
The Godfather,1972,"Crime,Drama",9.2,2232183
The Chaos Class,1975,Comedy,9.1,46358
The Dark Knight,2008,"Crime,Thriller",9.1,3180142
12 Angry Men,1957,"Crime,Drama",9.0,987745
The Godfather Part II,1974,"Crime,Drama",9.0,1498182
Schindler's List,1993,"Biography,Drama,History",9.0,1588547
The Lord of the Rings: The Return of the King,2003,"Adventure,Drama,Fantasy",9.0,2170446
Attack on Titan: The Last Attack,2024,"Action,Adventure,Animation",9.0,31130
The Lord of the Rings: The Fellowship of the Ring,2001,"Adventure,Drama,Fantasy",8.9,2212653
Mirror Game,2016,"Crime,Mystery,Thriller",8.9,31048
"The Good, the Bad and the Ugly",1966,"Adventure,Drama,Western",8.8,892361
Forrest Gump,1994,"Drama,Romance",8.8,2504278
Pulp Fiction,1994,"Crime,Drama",8.8,2442075
Fight Club,1999,"Crime,Drama,Thriller",8.8,2619989
The Lord of the Rings: The Two Towers,2002,"Adventure,Drama,Fantasy",8.8,1962624
Inception,2010,"Adventure,Sci-Fi,Thriller",8.8,2827344
Star Wars: Episode V - The Empire Strikes Back,1980,"Adventure,Fantasy,Sci-Fi",8.7,1508954
GoodFellas,1990,"Biography,Crime,Drama",8.7,1396570
The Matrix,1999,"Action,Sci-Fi",8.7,2254915
The Chaos Class Is Waking Up,1976,Comedy,8.7,22466
"Saban, Son of Saban",1977,"Comedy,History",8.7,20074
Interstellar,2014,"Adventure,Drama,Sci-Fi",8.7,2547001
12th Fail,2023,"Biography,Drama",8.7,173199
777 Charlie,2022,"Adventure,Comedy,Drama",8.7,47868
It's a Wonderful Life,1946,"Drama,Family,Fantasy",8.6,554934
Seven Samurai,1954,"Action,Drama",8.6,402640
Harakiri,1962,"Drama,Mystery",8.6,91943
One Flew Over the Cuckoo's Nest,1975,Drama,8.6,1158498
Star Wars: Episode IV - A New Hope,1977,"Action,Adventure,Fantasy",8.6,1574286
Nayakan,1987,"Crime,Drama",8.6,27944
The Silence of the Lambs,1991,"Crime,Drama,Horror",8.6,1728689
Terminator 2: Judgment Day,1991,"Action,Adventure,Sci-Fi",8.6,1287103
Seven,1995,"Crime,Drama,Mystery",8.6,2029358
Life Is Beautiful,1997,"Comedy,Drama,Romance",8.6,814982
The Green Mile,1999,"Crime,Drama,Fantasy",8.6,1566086
Saving Private Ryan,1998,"Drama,War",8.6,1645011
Spirited Away,2001,"Adventure,Animation,Family",8.6,971686
The Chaos Class Is on Vacation,1977,Comedy,8.6,20323
A Dog's Will,2000,"Comedy,Drama,Fantasy",8.6,21706
City of God,2002,"Crime,Drama",8.6,873312
Anbe Sivam,2003,"Adventure,Comedy,Drama",8.6,28354
Jai Bhim,2021,"Crime,Drama",8.6,234839
Pariyerum Perumal,2018,Drama,8.6,20565
City Lights,1931,"Comedy,Drama,Romance",8.5,216817
Modern Times,1936,"Comedy,Drama,Romance",8.5,285786
Casablanca,1942,"Drama,Romance,War",8.5,656059
Psycho,1960,"Drama,Horror,Mystery",8.5,787427
Le Trou,1960,"Crime,Drama,Thriller",8.5,23717
Once Upon a Time in the West,1968,"Drama,Western",8.5,384943
Gol Maal,1979,"Comedy,Romance",8.5,22119
Back to the Future,1985,"Adventure,Comedy,Sci-Fi",8.5,1457746
Grave of the Fireflies,1988,"Animation,Drama,War",8.5,388215
Cinema Paradiso,1988,"Drama,Romance",8.5,317483
The Lion King,1994,"Adventure,Animation,Drama",8.5,1263236
Léon: The Professional,1994,"Action,Crime,Drama",8.5,1354339
The Usual Suspects,1995,"Crime,Drama,Mystery",8.5,1241582
American History X,1998,"Crime,Drama",8.5,1276155
Gladiator,2000,"Action,Adventure,Drama",8.5,1856084
The Pianist,2002,"Biography,Drama,Music",8.5,1014624
The Departed,2006,"Crime,Drama,Thriller",8.5,1559472
The Prestige,2006,"Drama,Mystery,Sci-Fi",8.5,1594835
The Kashmir Files,2022,Drama,8.5,579199
Sarpatta Parambarai,2021,"Action,Drama,Sport",8.5,28723
The Intouchables,2011,"Comedy,Drama",8.5,1031021
Sita Ramam,2022,"Action,Drama,Musical",8.5,84310
Whiplash,2014,"Drama,Music",8.5,1161565
Meiyazhagan,2024,"Drama,Family",8.5,23028
Mahavatar Narsimha,2024,"Action,Animation,Drama",8.5,47744
Cocktail 2,2026,"Comedy,Drama,Romance",8.5,24168
96,2018,"Drama,Romance",8.5,45637
Kumbalangi Nights,2019,"Comedy,Drama,Romance",8.5,21833
Jersey,2019,"Drama,Sport",8.5,28504
Spider-Man: Across the Spider-Verse,2023,"Action,Adventure,Animation",8.5,530692
The Great Dictator,1940,"Comedy,Drama,War",8.4,258692
Sunset Boulevard,1950,"Drama,Film-Noir",8.4,261825
Rear Window,1954,"Drama,Mystery,Thriller",8.4,569541
Paths of Glory,1957,"Drama,War",8.4,239692
Witness for the Prosecution,1957,"Crime,Drama,Mystery",8.4,162640
The World of Apu,1959,Drama,8.4,20044
High and Low,1963,"Crime,Drama,Mystery",8.4,72168
Woman in the Dunes,1964,"Drama,Thriller",8.4,25619
Alien,1979,"Horror,Sci-Fi",8.4,1066962
Apocalypse Now,1979,"Drama,Mystery,War",8.4,772168
The Shining,1980,"Drama,Horror",8.4,1229924
Raiders of the Lost Ark,1981,Adventure,8.4,1112348
Amadeus,1984,"Biography,Drama,Music",8.4,469445
Aliens,1986,"Action,Adventure,Horror",8.4,841678
Good Will Hunting,1997,"Drama,Romance",8.4,1223110
Memento,2000,"Mystery,Thriller",8.4,1438731
The Chaos Class Failed the Class,1975,Comedy,8.4,30814
The Best of Youth,2003,"Drama,Romance",8.4,28295
Inglourious Basterds,2009,"Drama,War",8.4,1791916
Anniyan,2005,"Action,Crime,Drama",8.4,26527
Black Friday,2004,"Action,Crime,Drama",8.4,25976
The Lives of Others,2006,"Drama,Mystery,Thriller",8.4,444196
The Lizard,2004,"Comedy,Drama",8.4,24532
WALL·E,2008,"Adventure,Animation,Family",8.4,1326137
Drishyam 2,2021,"Crime,Drama,Mystery",8.4,45289
The Dark Knight Rises,2012,"Crime,Thriller",8.4,2001526
Dune: Part Two,2024,"Action,Adventure,Drama",8.4,763267
Demon Slayer: Kimetsu no Yaiba - Tsuzumi Mansion Arc,2021,"Action,Animation,Fantasy",8.4,36341
Demon Slayer: Kimetsu No Yaiba Infinity Castle,2025,"Action,Adventure,Animation",8.4,73723
Drishyam,2013,"Crime,Drama,Mystery",8.4,48767
Avengers: Infinity War,2018,"Action,Adventure,Sci-Fi",8.4,1379322
Avengers: Endgame,2019,"Action,Adventure,Sci-Fi",8.4,1454516
Spider-Man: Into the Spider-Verse,2018,"Action,Adventure,Animation",8.4,794982
Thani Oruvan,2015,"Action,Crime,Drama",8.4,24229
Vada Chennai,2018,"Action,Crime,Drama",8.4,24503
Capernaum,2018,Drama,8.4,124999
Kaithi,2019,"Action,Crime,Thriller",8.4,51967
M,1931,"Crime,Mystery,Thriller",8.3,183128
Double Indemnity,1944,"Crime,Drama,Film-Noir",8.3,181863
Children of Paradise,1945,"Drama,Romance",8.3,22561
Ikiru,1952,Drama,8.3,102700
Singin' in the Rain,1952,"Comedy,Musical,Romance",8.3,283418
The Cranes Are Flying,1957,"Drama,Romance,War",8.3,22697
North by Northwest,1959,"Adventure,Drama,Mystery",8.3,369225
The Apartment,1960,"Comedy,Drama,Romance",8.3,220265
Judgment at Nuremberg,1961,"Drama,History,War",8.3,97186
Lawrence of Arabia,1962,"Adventure,Biography,Drama",8.3,342214
Dr. Strangelove or: How I Learned to Stop Worrying and Love the Bomb,1964,"Comedy,War",8.3,551275
Red Beard,1965,Drama,8.3,23488
2001: A Space Odyssey,1968,"Adventure,Sci-Fi",8.3,785288
Das Boot,1981,"Drama,War",8.3,288480
Star Wars: Episode VI - Return of the Jedi,1983,"Action,Adventure,Fantasy",8.3,1213002
Scarface,1983,"Crime,Drama",8.3,1020341
Once Upon a Time in America,1984,"Crime,Drama",8.3,408892
Come and See,1985,"Drama,Thriller,War",8.3,123934
Reservoir Dogs,1992,"Crime,Thriller",8.3,1172321
To Live,1994,"Drama,War",8.3,22436
Braveheart,1995,"Drama,War",8.3,1163778
Heat,1995,"Action,Crime,Drama",8.3,807631
Toy Story,1995,"Adventure,Animation,Comedy",8.3,1179756
Princess Mononoke,1997,"Adventure,Animation,Fantasy",8.3,484950
American Beauty,1999,Drama,8.3,1281063
Requiem for a Dream,2000,Drama,8.3,976286
Amélie,2001,"Comedy,Romance",8.3,841696
Eternal Sunshine of the Spotless Mind,2004,"Drama,Romance,Sci-Fi",8.3,1185195
Oldboy,2003,"Action,Drama,Mystery",8.3,722194
Toy Story 3,2010,"Adventure,Animation,Comedy",8.3,975120
Like Stars on Earth,2007,"Drama,Family",8.3,233343
Agent Sai Srinivasa Athreya,2019,"Comedy,Crime,Mystery",8.3,22177
Sardar Udham,2021,"Crime,Drama,History",8.3,50858
Shershaah,2021,"Action,Biography,Drama",8.3,136775
Up,2009,"Adventure,Animation,Comedy",8.3,1240720
Incendies,2010,"Drama,Mystery,War",8.3,253010
Jana Gana Mana,2022,"Drama,Thriller",8.3,22031
A Separation,2011,Drama,8.3,278440
The Hunt,2012,Drama,8.3,411570
Hi Nanna,2023,"Drama,Family,Romance",8.3,26608
Maharaja,2024,"Action,Crime,Drama",8.3,82964
Chainsaw Man - The Movie: Reze Arc,2025,"Action,Adventure,Animation",8.3,60080
Dhurandhar: The Revenge,2026,"Action,Crime,Thriller",8.3,62054
Ratsasan,2018,"Crime,Drama,Mystery",8.3,60158
Joker,2019,Drama,8.3,1701229
Dil Bechara,2020,"Comedy,Drama,Romance",8.3,137875
Hamilton,2020,"Biography,Drama,History",8.3,140205
Chhichhore,2019,"Comedy,Drama,Romance",8.3,73218
The Kid,1921,"Comedy,Drama,Family",8.2,145986
Metropolis,1927,"Drama,Sci-Fi",8.2,201646
Gone with the Wind,1939,"Drama,Romance,War",8.2,356208
Citizen Kane,1941,"Drama,Mystery",8.2,493554
Bicycle Thieves,1948,Drama,8.2,191890
The Treasure of the Sierra Madre,1948,"Adventure,Drama,Western",8.2,141690
Late Spring,1949,"Comedy,Drama",8.2,21701
All About Eve,1950,Drama,8.2,149581
The Young and the Damned,1950,"Crime,Drama",8.2,23745
Pather Panchali,1955,"Drama,History",8.2,41780
Vertigo,1958,"Mystery,Romance,Thriller",8.2,459235
Some Like It Hot,1959,"Comedy,Music,Romance",8.2,304898
Rocco and His Brothers,1960,"Crime,Drama,Sport",8.2,25804
Yojimbo,1961,"Action,Drama,Thriller",8.2,143510
To Kill a Mockingbird,1962,"Crime,Drama",8.2,351182
The Great Escape,1963,"Adventure,Drama,Thriller",8.2,278080
For a Few Dollars More,1965,"Drama,Western",8.2,300843
A Clockwork Orange,1971,"Crime,Sci-Fi",8.2,937794
Ivan Vasilyevich Changes His Profession,1973,"Adventure,Comedy,Sci-Fi",8.2,20458
The Sting,1973,"Comedy,Crime,Drama",8.2,302720
Dersu Uzala,1975,"Adventure,Biography,Drama",8.2,36518
Taxi Driver,1976,"Crime,Drama",8.2,1029590
The Elephant Man,1980,"Biography,Drama",8.2,281946
The Thing,1982,"Horror,Mystery,Sci-Fi",8.2,528013
Ran,1985,"Action,Drama,War",8.2,152615
Full Metal Jacket,1987,"Drama,War",8.2,852156
Die Hard,1988,"Action,Thriller",8.2,1031586
Indiana Jones and the Last Crusade,1989,Adventure,8.2,864840
Close-Up,1990,"Biography,Crime,Drama",8.2,26984
Unforgiven,1992,"Drama,Western",8.2,469041
Jurassic Park,1993,"Adventure,Sci-Fi",8.2,1182619
Casino,1995,"Crime,Drama",8.2,621751
Children of Heaven,1997,"Drama,Family,Sport",8.2,90367
L.A. Confidential,1997,"Crime,Drama,Mystery",8.2,659437
The Truman Show,1998,"Comedy,Drama",8.2,1380921
The Sixth Sense,1999,"Drama,Mystery,Thriller",8.2,1147855
Snatch,2000,"Comedy,Crime",8.2,978226
Hera Pheri,2000,"Action,Comedy,Crime",8.2,80986
Finding Nemo,2003,"Adventure,Animation,Comedy",8.2,1212005
Kill Bill: Vol. 1,2003,"Action,Crime,Thriller",8.2,1311326
A Beautiful Mind,2001,"Biography,Drama,Mystery",8.2,1055913
Howl's Moving Castle,2004,"Adventure,Animation,Family",8.2,514800
Downfall,2004,"Biography,Drama,History",8.2,401183
Swades,2004,"Drama,Musical",8.2,106378
Batman Begins,2005,Crime,8.2,1720749
Munna Bhai M.B.B.S.,2003,"Comedy,Drama",8.2,98496
Pan's Labyrinth,2006,"Drama,Fantasy,War",8.2,748190
Khosla Ka Ghosla!,2006,"Comedy,Crime,Drama",8.2,27253
There Will Be Blood,2007,Drama,8.2,711278
My Father and My Son,2005,Drama,8.2,101211
No Country for Old Men,2007,"Crime,Drama,Thriller",8.2,1195877
The Wolf of Wall Street,2013,"Biography,Comedy,Crime",8.2,1797214
The Father,2020,"Drama,Mystery",8.2,246366
Miracle in Cell No. 7,2019,Drama,8.2,63223
K.G.F: Chapter 2,2022,"Action,Crime,Drama",8.2,170256
Demon Slayer: Kimetsu no Yaiba - The Movie: Mugen Train,2020,"Action,Adventure,Animation",8.2,101478
Shutter Island,2010,"Drama,Mystery,Thriller",8.2,1656654
Project Hail Mary,2026,"Adventure,Comedy,Drama",8.2,366917
The Secret in Their Eyes,2009,"Drama,Mystery,Romance",8.2,243062
Prisoners,2013,"Crime,Drama,Mystery",8.2,940934
Oppenheimer,2023,"Biography,Drama,History",8.2,1051425
Drishyam 2,2022,"Crime,Drama,Mystery",8.2,52334
Zindagi Na Milegi Dobara,2011,"Adventure,Comedy,Drama",8.2,96288
Paan Singh Tomar,2012,"Action,Biography,Crime",8.2,40166
Top Gun: Maverick,2022,"Action,Drama",8.2,882106
Gangs of Wasseypur,2012,"Action,Comedy,Crime",8.2,114610
Shahid,2012,"Biography,Drama",8.2,21591
Bhaag Milkha Bhaag,2013,"Biography,Drama,Sport",8.2,79182
Manjummel Boys,2024,"Adventure,Drama,Thriller",8.2,34026
The Wild Robot,2024,"Adventure,Animation,Family",8.2,227881
Baahubali 2: The Conclusion,2017,"Action,Drama",8.2,134758
Vikram Vedha,2017,"Action,Crime,Drama",8.2,55596
Ayla: The Daughter of War,2017,"Biography,Drama,History",8.2,48527
Green Book,2018,"Biography,Comedy,Drama",8.2,691092
Super Deluxe,2019,"Comedy,Crime,Drama",8.2,20051
Rangasthalam,2018,"Action,Drama",8.2,31212
Andhadhun,2018,"Comedy,Crime,Mystery",8.2,116730
Uri: The Surgical Strike,2019,"Action,Drama,History",8.2,84209
1917,2019,"Drama,War",8.2,774824
Safety Last!,1923,"Action,Comedy,Romance",8.1,24903
Sherlock Jr.,1924,"Action,Comedy,Romance",8.1,66093
The Gold Rush,1925,"Adventure,Comedy,Drama",8.1,128342
The General,1926,"Action,Adventure,Comedy",8.1,105226
Sunrise,1927,"Drama,Romance",8.1,56784
The Circus,1928,"Comedy,Family,Romance",8.1,38647
The Passion of Joan of Arc,1928,"Biography,Drama,History",8.1,68491
All Quiet on the Western Front,1930,"Drama,War",8.1,72194
It Happened One Night,1934,"Comedy,Romance",8.1,119935
Mr. Smith Goes to Washington,1939,"Comedy,Drama",8.1,129657
The Wizard of Oz,1939,"Adventure,Family,Fantasy",8.1,468758
The Grapes of Wrath,1940,Drama,8.1,107098
To Be or Not to Be,1942,"Comedy,Romance,War",8.1,49958
The Best Years of Our Lives,1946,"Drama,Romance,War",8.1,76431
The Red Shoes,1948,"Drama,Music,Romance",8.1,43754
The Third Man,1949,"Drama,Film-Noir,Mystery",8.1,195953
White Heat,1949,"Action,Crime,Drama",8.1,38589
Rashomon,1950,"Crime,Drama,Mystery",8.1,197093
A Christmas Carol,1951,"Drama,Family,Fantasy",8.1,29201
Umberto D.,1952,Drama,8.1,30668
The Wages of Fear,1953,"Adventure,Drama,Thriller",8.1,73691
Tokyo Story,1953,Drama,8.1,77987
Ugetsu,1953,"Drama,Fantasy,War",8.1,28335
Diabolique,1955,"Crime,Drama,Horror",8.1,73442
Dial M for Murder,1954,"Crime,Drama,Mystery",8.1,205217
On the Waterfront,1954,"Crime,Drama,Thriller",8.1,178908
Rififi,1955,"Crime,Drama,Thriller",8.1,39437
A Man Escaped,1956,"Drama,Thriller,War",8.1,30818
The Bridge on the River Kwai,1957,"Adventure,Drama,War",8.1,249125
Nights of Cabiria,1957,Drama,8.1,57204
The Seventh Seal,1957,"Drama,Fantasy",8.1,215660
Wild Strawberries,1957,"Drama,Romance",8.1,124818
Ben-Hur,1959,"Adventure,Drama",8.1,271465
Inherit the Wind,1960,"Biography,Drama,History",8.1,35678
The Man Who Shot Liberty Valance,1962,"Drama,Western",8.1,88824
The Miracle Worker,1962,"Biography,Drama",8.1,21133
The Battle of Algiers,1966,"Drama,War",8.1,76056
The Sound of Music,1965,"Biography,Drama,Family",8.1,291781
Army of Shadows,1969,"Drama,War",8.1,29316
Z,1969,"Crime,Drama,Thriller",8.1,34116
Anand,1971,"Drama,Musical",8.1,37586
The Exorcist,1973,Horror,8.1,499284
Paper Moon,1973,"Comedy,Crime,Drama",8.1,57708
Chinatown,1974,"Drama,Mystery,Thriller",8.1,377078
Monty Python and the Holy Grail,1975,"Adventure,Comedy,Fantasy",8.1,604018
Barry Lyndon,1975,"Adventure,Drama,War",8.1,205704
Jaws,1975,"Adventure,Drama,Horror",8.1,740489
Sholay,1975,"Action,Adventure,Comedy",8.1,63388
The Message,1976,"Biography,Drama,History",8.1,54036
Network,1976,Drama,8.1,186137
Rocky,1976,"Drama,Sport",8.1,691892
The Deer Hunter,1978,"Drama,War",8.1,386651
Autumn Sonata,1978,"Drama,Music",8.1,42522
Raging Bull,1980,"Biography,Drama,Sport",8.1,410881
Blade Runner,1982,"Action,Drama,Sci-Fi",8.1,883289
Fanny and Alexander,1982,Drama,8.1,71479
"Paris, Texas",1984,Drama,8.1,142115
The Terminator,1984,"Action,Adventure,Sci-Fi",8.1,1007575
Jean de Florette,1986,Drama,8.1,29423
Platoon,1986,"Drama,War",8.1,472829
Stand by Me,1986,"Adventure,Drama",8.1,488810
Where Is the Friend's House?,1987,"Adventure,Drama,Family",8.1,23105
A Short Film About Love,1988,"Drama,Romance",8.1,28350
My Neighbor Totoro,1988,"Adventure,Animation,Comedy",8.1,433668
Dead Poets Society,1989,"Comedy,Drama",8.1,656934
Time of the Gypsies,1988,"Comedy,Crime,Drama",8.1,34601
Raise the Red Lantern,1991,"Drama,Romance",8.1,38127
Jo Jeeta Wohi Sikandar,1992,"Comedy,Drama,Romance",8.1,27668
Farewell My Concubine,1993,"Drama,Music,Romance",8.1,37253
In the Name of the Father,1993,"Biography,Crime,Drama",8.1,203263
Three Colors: Red,1994,"Drama,Mystery,Romance",8.1,116025
Before Sunrise,1995,"Comedy,Drama,Romance",8.1,379423
La haine,1995,"Crime,Drama",8.1,227889
The Bandit,1996,"Crime,Drama",8.1,75526
Fargo,1996,"Crime,Drama,Thriller",8.1,788717
Trainspotting,1996,"Crime,Drama",8.1,769468
The Big Lebowski,1998,"Comedy,Crime",8.1,918069
"Lock, Stock and Two Smoking Barrels",1998,"Comedy,Crime",8.1,650180
The Iron Giant,1999,"Action,Adventure,Animation",8.1,261832
Lagaan: Once Upon a Time in India,2001,"Drama,Musical,Sport",8.1,129661
Neon Genesis Evangelion: The End of Evangelion,1997,"Action,Animation,Drama",8.1,77286
"Monsters, Inc.",2001,"Adventure,Animation,Comedy",8.1,1078063
Sarfarosh,1999,"Action,Crime,Drama",8.1,28793
Yi Yi,2000,Drama,8.1,34376
Pirates of the Caribbean: The Curse of the Black Pearl,2003,"Action,Adventure,Fantasy",8.1,1329790
Memories of Murder,2003,"Crime,Drama,Mystery",8.1,269105
Black,2005,Drama,8.1,37585
Before Sunset,2004,"Drama,Romance",8.1,316454
Ratatouille,2007,"Adventure,Animation,Comedy",8.1,949250
Hotel Rwanda,2004,"Biography,Drama,History",8.1,392700
Million Dollar Baby,2004,"Drama,Sport",8.1,767909
Rang De Basanti,2006,"Comedy,Crime,Drama",8.1,126775
Pardon,2005,"Comedy,Drama",8.1,24620
A Moment to Remember,2004,"Drama,Romance",8.1,27378
V for Vendetta,2005,"Action,Drama,Sci-Fi",8.1,1248754
Chak De! India,2007,"Drama,Family,Sport",8.1,92122
Mary and Max,2009,"Animation,Comedy,Drama",8.1,202062
Article 15,2019,"Crime,Drama,Mystery",8.1,41576
Spider-Man: No Way Home,2021,"Action,Adventure,Fantasy",8.1,1027680
Harry Potter and the Deathly Hallows: Part 2,2011,"Adventure,Family,Fantasy",8.1,1049910
Gran Torino,2008,Drama,8.1,864163
A Wednesday,2008,"Action,Crime,Drama",8.1,86145
Warrior,2011,"Action,Drama,Sport",8.1,529979
Mad Max: Fury Road,2015,"Action,Adventure,Sci-Fi",8.1,1209745
The Help,2011,Drama,8.1,529611
I'm Still Here,2024,"Biography,Drama,History",8.1,163741
Kantara,2022,"Action,Adventure,Drama",8.1,117019
Udaan,2010,Drama,8.1,50031
Kahaani,2012,"Mystery,Thriller",8.1,70090
Spotlight,2015,"Biography,Crime,Drama",8.1,536740
Ford v Ferrari,2019,"Action,Biography,Drama",8.1,575462
Rush,2013,"Biography,Drama,Sport",8.1,560995
12 Years a Slave,2013,"Biography,Drama,History",8.1,788712
Barfi!,2012,"Comedy,Drama,Romance",8.1,94079
Inside Out,2015,"Adventure,Animation,Comedy",8.1,919681
Hacksaw Ridge,2016,"Biography,Drama,History",8.1,685004
Wolf Children,2012,"Animation,Drama,Family",8.1,55183
The Grand Budapest Hotel,2014,"Comedy,Drama",8.1,975312
OMG: Oh My God!,2012,"Comedy,Drama,Fantasy",8.1,71358
PK,2014,"Comedy,Drama,Musical",8.1,223672
Kantara: A Legend - Chapter 1,2025,"Action,Adventure,Drama",8.1,57237
Miracle in Cell No. 7,2013,"Comedy,Drama",8.1,26262
Amaran,2024,"Action,Biography,Drama",8.1,24077
Tangerines,2013,"Drama,War",8.1,51794
Wild Tales,2014,"Comedy,Drama,Thriller",8.1,239251
Room,2015,"Drama,Thriller",8.1,481300
Logan,2017,"Action,Drama,Sci-Fi",8.1,929330
Queen,2013,"Adventure,Comedy,Drama",8.1,71490
Obsession,2025,"Horror,Romance,Thriller",8.1,111531
Bajrangi Bhaijaan,2015,"Adventure,Comedy,Drama",8.1,111944
The Handmaiden,2016,"Drama,Romance,Thriller",8.1,204900
Masaan,2015,Drama,8.1,35670
"Three Billboards Outside Ebbing, Missouri",2017,"Comedy,Crime,Drama",8.1,609813
The Mountain II,2016,"Action,Drama,War",8.1,112827
I Want to Eat Your Pancreas,2018,"Animation,Drama,Family",8.1,36609
K.G.F: Chapter 1,2018,"Action,Crime,Drama",8.1,111626
Section 375,2019,"Crime,Drama,Mystery",8.1,21416
Major,2022,"Action,Biography,Drama",8.1,34368
The Cabinet of Dr. Caligari,1920,"Horror,Mystery,Thriller",8.0,76381
Grand Illusion,1937,"Drama,War",8.0,41147
Rebecca,1940,"Drama,Mystery,Romance",8.0,161405
The Shop Around the Corner,1940,"Comedy,Drama,Romance",8.0,44319
The Ox-Bow Incident,1943,"Drama,Western",8.0,27258
Brief Encounter,1945,"Drama,Romance",8.0,48749
A Matter of Life and Death,1946,"Drama,Fantasy,Romance",8.0,27974
"Rome, Open City",1945,"Drama,Thriller,War",8.0,34136
Kind Hearts and Coronets,1949,"Comedy,Crime",8.0,42116
Ace in the Hole,1951,"Drama,Film-Noir",8.0,42571
Limelight,1952,"Comedy,Drama,Music",8.0,24031
Roman Holiday,1953,"Comedy,Drama,Romance",8.0,157742
La Strada,1954,Drama,8.0,70015
The Night of the Hunter,1955,"Crime,Drama,Thriller",8.0,107983
Throne of Blood,1957,Drama,8.0,60375
Sweet Smell of Success,1957,"Drama,Film-Noir",8.0,40214
The Hidden Fortress,1958,"Adventure,Drama",8.0,45959
Anatomy of a Murder,1959,"Drama,Mystery",8.0,77935
The 400 Blows,1959,"Crime,Drama",8.0,134820
La Dolce Vita,1960,"Comedy,Drama",8.0,86002
The Virgin Spring,1960,Drama,8.0,33858
Viridiana,1961,Drama,8.0,28277
Ivan's Childhood,1962,"Drama,War",8.0,43595
Sanjuro,1962,"Action,Drama,Thriller",8.0,43327
What Ever Happened to Baby Jane?,1962,"Drama,Horror,Thriller",8.0,67875
The Exterminating Angel,1962,"Drama,Fantasy",8.0,38244
8½,1963,Drama,8.0,132994
Winter Light,1963,Drama,8.0,29605
Fail Safe,1964,"Drama,Thriller",8.0,28010
Andrei Rublev,1966,"Biography,Drama,History",8.0,60719
Persona,1966,"Drama,Thriller",8.0,140990
Who's Afraid of Virginia Woolf?,1966,Drama,8.0,83249
Cool Hand Luke,1967,"Crime,Drama",8.0,196458
The Graduate,1967,"Comedy,Drama,Romance",8.0,302369
Le Samouraï,1967,"Crime,Drama,Thriller",8.0,66321
Planet of the Apes,1968,"Adventure,Sci-Fi",8.0,210008
Rosemary's Baby,1968,"Drama,Horror",8.0,258854
Butch Cassidy and the Sundance Kid,1969,"Adventure,Biography,Crime",8.0,238498
Fiddler on the Roof,1971,"Drama,Family,Musical",8.0,52272
The Last Picture Show,1971,"Drama,Romance",8.0,57099
Day for Night,1973,"Comedy,Drama,Romance",8.0,26461
Papillon,1973,"Biography,Crime,Drama",8.0,146032
Fear Eats the Soul,1974,"Drama,Romance",8.0,26090
A Woman Under the Influence,1974,"Drama,Romance",8.0,33477
Young Frankenstein,1974,Comedy,8.0,180469
Dog Day Afternoon,1975,"Biography,Crime,Drama",8.0,292029
Monty Python's Life of Brian,1979,Comedy,8.0,434362
Stalker,1979,"Drama,Sci-Fi",8.0,156412
Gandhi,1982,"Biography,Drama,History",8.0,246265
Pink Floyd: The Wall,1982,"Drama,Fantasy,Music",8.0,90055
Nausicaä of the Valley of the Wind,1984,"Adventure,Animation,Sci-Fi",8.0,197735
Manon of the Spring,1986,Drama,8.0,25817
Castle in the Sky,1986,"Adventure,Animation,Family",8.0,198847
Au Revoir Les Enfants,1987,"Drama,War",8.0,38628
The Princess Bride,1987,"Adventure,Comedy,Family",8.0,487064
Akira,1988,"Action,Animation,Drama",8.0,228018
Rain Man,1988,Drama,8.0,585710
Dances with Wolves,1990,"Adventure,Drama,Western",8.0,311045
Beauty and the Beast,1991,"Animation,Family,Fantasy",8.0,506489
JFK,1991,"Drama,History,Thriller",8.0,182215
Aladdin,1992,"Adventure,Animation,Comedy",8.0,501856
Scent of a Woman,1992,Drama,8.0,372763
Groundhog Day,1993,"Comedy,Drama,Fantasy",8.0,737207
Andaz Apna Apna,1994,"Action,Comedy,Romance",8.0,58005
Dilwale Dulhania Le Jayenge,1995,"Drama,Romance",8.0,85871
12 Monkeys,1995,"Mystery,Sci-Fi,Thriller",8.0,680520
Underground,1995,"Comedy,Drama,Fantasy",8.0,64265
Secrets & Lies,1996,"Comedy,Drama",8.0,50413
Sling Blade,1996,Drama,8.0,104158
In the Mood for Love,2000,"Drama,Romance",8.0,189308
Border,1997,"Action,Drama,History",8.0,20314
"Black Cat, White Cat",1998,"Comedy,Crime,Romance",8.0,58863
Titanic,1997,"Drama,Romance",8.0,1397356
The Legend of 1900,1998,"Drama,Music,Romance",8.0,73799
Innocence,1997,Drama,8.0,22945
Central Station,1998,Drama,8.0,50927
The Celebration,1998,Drama,8.0,100054
Perfect Blue,1997,"Animation,Crime,Drama",8.0,123652
The Straight Story,1999,"Biography,Drama",8.0,108460
Magnolia,1999,Drama,8.0,350482
Amores Perros,2000,"Drama,Thriller",8.0,271436
Donnie Darko,2001,"Drama,Mystery,Sci-Fi",8.0,913106
Vizontele,2001,"Comedy,Drama,History",8.0,41328
Dogville,2003,"Crime,Drama",8.0,167860
Dil Chahta Hai,2001,"Comedy,Drama,Romance",8.0,80032
The Incredibles,2004,"Action,Adventure,Animation",8.0,904725
Infernal Affairs,2002,"Crime,Drama,Mystery",8.0,138486
The Twilight Samurai,2002,"Drama,Romance",8.0,27106
Cinderella Man,2005,"Biography,Drama,Romance",8.0,209589
"Spring, Summer, Fall, Winter... and Spring",2003,"Drama,Romance",8.0,91038
Kill Bill: Vol. 2,2004,"Action,Crime,Thriller",8.0,872283
Casino Royale,2006,"Action,Adventure,Thriller",8.0,747681
G.O.R.A.,2004,"Adventure,Comedy,Sci-Fi",8.0,71844
Tae Guk Gi: The Brotherhood of War,2004,"Action,Drama,War",8.0,42387
The Diving Bell and the Butterfly,2007,"Biography,Drama",8.0,112929
Sin City,2005,"Crime,Thriller",8.0,821420
Nobody Knows,2004,Drama,8.0,35614
Turtles Can Fly,2004,"Drama,War",8.0,22713
The Bourne Ultimatum,2007,"Action,Mystery,Thriller",8.0,685247
Blood Diamond,2006,"Adventure,Drama,Thriller",8.0,627028
The Pursuit of Happyness,2006,"Biography,Drama",8.0,624033
Lage Raho Munna Bhai,2006,"Comedy,Drama,Romance",8.0,53548
Omkara,2006,"Action,Crime,Drama",8.0,23975
Into the Wild,2007,"Adventure,Biography,Drama",8.0,696471
Persepolis,2007,"Animation,Biography,Drama",8.0,106284
The Avengers,2012,"Action,Sci-Fi",8.0,1562309
Elite Squad,2007,"Action,Crime,Drama",8.0,119934
Black Swan,2010,"Drama,Thriller",8.0,891336
CODA,2021,"Comedy,Drama,Music",8.0,223659
Dara of Jasenovac,2020,"Drama,War",8.0,82403
Departures,2008,Drama,8.0,57576
Hridayam,2022,"Drama,Musical,Romance",8.0,21095
Farha,2021,Drama,8.0,91021
Karnan,2021,"Action,Drama",8.0,25196
Dune: Part One,2021,"Action,Adventure,Drama",8.0,1063696
The Breath,2009,"Action,Drama,Thriller",8.0,36998
Ip Man,2008,"Action,Biography,Drama",8.0,243944
Deadpool,2016,"Action,Comedy,Sci-Fi",8.0,1257822
The King's Speech,2010,"Biography,Drama,History",8.0,733973
Elite Squad 2: The Enemy Within,2010,"Crime,Drama,Thriller",8.0,92424
The Revenant,2015,"Action,Drama,Western",8.0,952779
Her,2013,"Drama,Romance,Sci-Fi",8.0,728639
Blade Runner 2049,2017,"Action,Drama,Mystery",8.0,757694
Guardians of the Galaxy,2014,"Action,Adventure,Comedy",8.0,1367843
Silenced,2011,"Crime,Drama,Thriller",8.0,27759
The Imitation Game,2014,"Biography,Drama,Thriller",8.0,879859
Special 26,2013,"Crime,Drama,History",8.0,62511
The Tale of The Princess Kaguya,2013,"Animation,Drama,Family",8.0,62305
Baahubali: The Beginning,2015,"Action,Drama",8.0,154681
Winter Sleep,2014,Drama,8.0,59033
Haider,2014,"Action,Crime,Drama",8.0,61240
Manjhi: The Mountain Man,2015,"Biography,Drama",8.0,21284
The Blue Elephant,2014,"Crime,Drama,Horror",8.0,31178
Mommy,2014,Drama,8.0,65758
The Martian,2015,"Adventure,Drama,Sci-Fi",8.0,1016776
Lion,2016,"Biography,Drama",8.0,267242
La La Land,2016,"Comedy,Drama,Music",8.0,766621
M.S. Dhoni: The Untold Story,2016,"Biography,Drama,Sport",8.0,76374
The Invisible Guest,2016,"Crime,Drama,Mystery",8.0,214224
Wolfwalkers,2020,"Action,Adventure,Animation",8.0,45405
Pink,2016,"Crime,Drama,Thriller",8.0,52336
The Wild Pear Tree,2018,Drama,8.0,30765
The Tashkent Files,2019,"Drama,Mystery,Thriller",8.0,39162
"Quo Vadis, Aida?",2020,"Drama,History,War",8.0,41986
Battleship Potemkin,1925,"Drama,History,Thriller",7.9,65274
King Kong,1933,"Adventure,Horror",7.9,96117
The Thin Man,1934,"Comedy,Crime,Mystery",7.9,35317
My Man Godfrey,1936,"Comedy,Drama,Romance",7.9,28716
The Adventures of Robin Hood,1938,"Action,Adventure,Romance",7.9,57783
Angels with Dirty Faces,1938,"Crime,Drama,Film-Noir",7.9,24892
The Rules of the Game,1939,"Comedy,Drama",7.9,33447
The Maltese Falcon,1941,"Crime,Drama,Film-Noir",7.9,174480
Sullivan's Travels,1941,"Adventure,Comedy,Drama",7.9,30780
Arsenic and Old Lace,1944,"Comedy,Crime,Thriller",7.9,77688
Laura,1944,"Drama,Film-Noir,Mystery",7.9,56168
The Lost Weekend,1945,"Drama,Film-Noir",7.9,43336
Mildred Pierce,1945,"Crime,Drama,Film-Noir",7.9,31496
Beauty and the Beast,1946,"Drama,Fantasy,Romance",7.9,29887
The Big Sleep,1946,"Crime,Drama,Film-Noir",7.9,94377
Notorious,1946,"Drama,Film-Noir,Mystery",7.9,112756
Miracle on 34th Street,1947,"Comedy,Drama,Family",7.9,59869
Out of the Past,1947,"Crime,Drama,Film-Noir",7.9,44751
Rope,1948,"Crime,Drama,Mystery",7.9,165427
Harvey,1950,"Comedy,Drama,Fantasy",7.9,61044
In a Lonely Place,1950,"Drama,Film-Noir,Mystery",7.9,39328
Strangers on a Train,1951,"Crime,Drama,Film-Noir",7.9,148163
A Streetcar Named Desire,1951,Drama,7.9,118941
High Noon,1952,"Drama,Thriller,Western",7.9,116609
The Big Heat,1953,"Crime,Drama,Film-Noir",7.9,32735
Stalag 17,1953,"Comedy,Drama,War",7.9,60210
The Killing,1956,"Crime,Drama,Film-Noir",7.9,105865
The Ten Commandments,1956,"Adventure,Drama,Family",7.9,84950
Elevator to the Gallows,1958,"Crime,Drama,Thriller",7.9,31833
The Big Country,1958,"Drama,Romance,Western",7.9,24350
Cat on a Hot Tin Roof,1958,Drama,7.9,57110
Touch of Evil,1958,"Crime,Drama,Film-Noir",7.9,114916
Rio Bravo,1959,Western,7.9,73808
La Notte,1961,Drama,7.9,26651
Spartacus,1960,"Adventure,Biography,Drama",7.9,151380
The Hustler,1961,"Drama,Sport",7.9,90041
Through a Glass Darkly,1961,Drama,7.9,29488
The Manchurian Candidate,1962,"Drama,Thriller",7.9,84837
The Leopard,1963,"Drama,History",7.9,34668
Kwaidan,1964,"Drama,Fantasy,Horror",7.9,22933
A Fistful of Dollars,1964,"Drama,Western",7.9,254251
Doctor Zhivago,1965,"Drama,Romance,War",7.9,87447
Don't Look Now... We're Being Shot At!,1966,"Adventure,Comedy,War",7.9,22455
In Cold Blood,1967,"Biography,Crime,Drama",7.9,31812
In the Heat of the Night,1967,"Drama,Mystery,Thriller",7.9,91480
Kes,1969,"Drama,Family",7.9,26025
The Wild Bunch,1969,"Action,Adventure,Drama",7.9,94294
The Red Circle,1970,"Crime,Drama,Thriller",7.9,31807
The Conformist,1970,Drama,7.9,39186
Patton,1970,"Biography,Drama,War",7.9,113320
Sleuth,1972,"Mystery,Thriller",7.9,52958
Solaris,1972,"Adventure,Drama,Mystery",7.9,104364
Cries & Whispers,1972,Drama,7.9,39882
The Mirror,1975,"Biography,Drama",7.9,57873
All the President's Men,1976,"Drama,History,Thriller",7.9,138151
Annie Hall,1977,"Comedy,Romance",7.9,291614
Being There,1979,"Comedy,Drama",7.9,82082
The Blues Brothers,1980,"Adventure,Comedy,Crime",7.9,230160
Kagemusha: The Shadow Warrior,1980,"Drama,History,War",7.9,41072
E.T. the Extra-Terrestrial,1982,"Adventure,Family,Sci-Fi",7.9,472650
Fitzcarraldo,1982,"Adventure,Drama,Music",7.9,43162
A Christmas Story,1983,"Comedy,Family",7.9,179626
Nostalgia,1983,Drama,7.9,33220
This Is Spinal Tap,1984,"Comedy,Music",7.9,160617
Tampopo,1985,Comedy,7.9,26970
Wings of Desire,1987,"Drama,Fantasy,Romance",7.9,84179
A Short Film About Killing,1988,"Crime,Drama",7.9,24426
Do the Right Thing,1989,"Comedy,Drama",7.9,124838
"Blood In, Blood Out",1993,"Biography,Crime,Drama",7.9,37866
Carlito's Way,1993,"Crime,Drama,Thriller",7.9,248613
The Nightmare Before Christmas,1993,"Adventure,Animation,Family",7.9,412373
True Romance,1993,"Crime,Drama,Romance",7.9,261190
Chungking Express,1994,"Comedy,Crime,Drama",7.9,111924
Once Were Warriors,1994,"Crime,Drama",7.9,39449
Ghost in the Shell,1995,"Action,Animation,Crime",7.9,174426
Boogie Nights,1997,Drama,7.9,307002
Toy Story 2,1999,"Adventure,Animation,Comedy",7.9,672841
Shrek,2001,"Adventure,Animation,Comedy",7.9,813260
Mulholland Drive,2001,"Drama,Mystery,Thriller",7.9,429356
Dancer in the Dark,2000,"Crime,Drama,Musical",7.9,124348
Almost Famous,2000,"Adventure,Comedy,Drama",7.9,315348
"Crouching Tiger, Hidden Dragon",2000,"Action,Adventure,Drama",7.9,295582
Children of Men,2006,"Drama,Sci-Fi,Thriller",7.9,567639
Nine Queens,2000,"Crime,Drama,Thriller",7.9,63012
No Man's Land,2001,"Comedy,Drama,War",7.9,50666
Talk to Her,2002,"Drama,Mystery,Romance",7.9,120702
My Sassy Girl,2001,"Comedy,Drama,Romance",7.9,53095
Hero,2002,"Action,Adventure,Drama",7.9,194546
Harry Potter and the Prisoner of Azkaban,2004,"Adventure,Family,Fantasy",7.9,769424
Big Fish,2003,"Adventure,Drama,Fantasy",7.9,477925
Mystic River,2003,"Crime,Drama,Mystery",7.9,523656
Kal Ho Naa Ho,2003,"Comedy,Drama,Musical",7.9,81955
The Sea Inside,2004,"Biography,Drama",7.9,89042
Iron Man,2008,"Action,Adventure,Sci-Fi",7.9,1228784
The Chorus,2004,"Drama,Music",7.9,72202
The Return,2003,Drama,7.9,49654
3-Iron,2004,"Crime,Drama,Romance",7.9,61448
Fantastic Mr. Fox,2009,"Adventure,Animation,Comedy",7.9,306672
Life of Pi,2012,"Adventure,Drama,Fantasy",7.9,701698
Apocalypto,2006,"Action,Adventure,Drama",7.9,360302
Avatar,2009,"Action,Adventure,Fantasy",7.9,1502094
In Bruges,2008,"Comedy,Crime,Drama",7.9,494802
Dallas Buyers Club,2013,"Biography,Drama",7.9,549754
Star Trek,2009,"Action,Adventure,Sci-Fi",7.9,639069
Evangelion: 2.0 You Can (Not) Advance,2009,"Action,Animation,Drama",7.9,28918
"4 Months, 3 Weeks and 2 Days",2007,Drama,7.9,66102
Boyhood,2014,Drama,7.9,382318
Maidaan,2024,"Biography,Drama,History",7.9,23539
Still Walking,2008,Drama,7.9,21074
Jab We Met,2007,"Comedy,Drama,Romance",7.9,65615
The Wrestler,2008,"Drama,Sport",7.9,331573
District 9,2009,"Action,Sci-Fi,Thriller",7.9,753940
My Name Is Khan,2010,"Drama,Romance",7.9,123444
Zack Snyder's Justice League,2021,"Adventure,Fantasy,Sci-Fi",7.9,474750
The Stoning of Soraya M.,2008,Drama,7.9,23215
Dev.D,2009,"Comedy,Drama,Romance",7.9,34391
About Elly,2009,"Drama,Mystery",7.9,61192
The Holdovers,2023,"Comedy,Drama",7.9,264569
Castaway on the Moon,2009,"Comedy,Drama,Romance",7.9,21089
Amour,2012,Drama,7.9,110801
Edge of Tomorrow,2014,"Action,Adventure,Sci-Fi",7.9,807342
The Perks of Being a Wallflower,2012,Drama,7.9,598972
The Way He Looks,2014,"Drama,Romance",7.9,29672
Bohemian Rhapsody,2018,"Biography,Drama,Music",7.9,649069
X-Men: Days of Future Past,2014,"Action,Adventure,Sci-Fi",7.9,789502
Vishwaroopam,2013,"Action,Thriller",7.9,43420
Before Midnight,2013,"Drama,Romance",7.9,186640
The Raid 2,2014,"Action,Crime,Thriller",7.9,139379
Short Term 12,2013,Drama,7.9,95642
1: Nenokkadine,2014,"Action,Thriller",7.9,47824
Gully Boy,2019,"Drama,Music,Romance",7.9,47520
Arrival,2016,"Drama,Mystery,Sci-Fi",7.9,867686
Wonder,2017,"Drama,Family",7.9,197450
Jojo Rabbit,2019,"Comedy,Drama,War",7.9,489809
Perfect Days,2023,Drama,7.9,107200
Ugly,2013,"Crime,Drama,Mystery",7.9,25387
Thor: Ragnarok,2017,"Action,Adventure,Comedy",7.9,898401
Baby,2015,"Action,Thriller",7.9,63329
Puss in Boots: The Last Wish,2022,"Action,Adventure,Animation",7.9,226720
Airlift,2016,"Drama,History",7.9,61604
Togo,2019,"Adventure,Biography,Drama",7.9,62587
Hindi Medium,2017,"Comedy,Drama",7.9,36147
Guardians of the Galaxy Vol. 3,2023,"Action,Adventure,Comedy",7.9,474410
A Taxi Driver,2017,"Action,Drama,History",7.9,38375
Marriage Story,2019,"Drama,Romance",7.9,372771
Badhaai Ho,2018,"Comedy,Drama",7.9,40893
Shoplifters,2018,"Crime,Drama,Thriller",7.9,95673
Knives Out,2019,"Comedy,Crime,Drama",7.9,881112
Nosferatu,1922,"Fantasy,Horror",7.8,123609
Freaks,1932,"Drama,Horror",7.8,54881
Bride of Frankenstein,1935,"Drama,Horror,Sci-Fi",7.8,59105
A Night at the Opera,1935,"Comedy,Music,Musical",7.8,36551
Mr. Deeds Goes to Town,1936,"Comedy,Drama,Romance",7.8,25051
Bringing Up Baby,1938,Comedy,7.8,69321
You Can't Take It with You,1938,"Comedy,Drama,Romance",7.8,30437
Ninotchka,1939,"Comedy,Romance",7.8,24921
Stagecoach,1939,"Adventure,Drama,Western",7.8,59117
His Girl Friday,1940,"Comedy,Drama,Romance",7.8,68064
The Philadelphia Story,1940,"Comedy,Romance",7.8,78674
"Now, Voyager",1942,"Drama,Romance",7.8,20856
Gaslight,1944,"Crime,Drama,Mystery",7.8,37981
To Have and Have Not,1944,"Adventure,Comedy,Drama",7.8,41282
Great Expectations,1946,"Adventure,Drama,Mystery",7.8,28401
The Ghost and Mrs. Muir,1947,"Comedy,Drama,Fantasy",7.8,21349
Monsieur Verdoux,1947,"Comedy,Crime,Drama",7.8,20640
Stray Dog,1949,"Crime,Drama,Mystery",7.8,20931
The Asphalt Jungle,1950,"Crime,Drama,Film-Noir",7.8,32966
I Vitelloni,1953,"Comedy,Drama",7.8,23285
East of Eden,1955,Drama,7.8,50719
The Searchers,1956,"Adventure,Western",7.8,102839
Hiroshima Mon Amour,1959,"Drama,Romance",7.8,39505
The Children's Hour,1961,"Drama,Romance",7.8,20923
"One, Two, Three",1961,Comedy,7.8,24779
Birdman of Alcatraz,1962,"Biography,Crime,Drama",7.8,21362
Cleo from 5 to 7,1962,"Comedy,Drama,Music",7.8,31783
My Life to Live,1962,Drama,7.8,37793
Charade,1963,"Comedy,Mystery,Romance",7.8,93731
Hud,1963,"Drama,Western",7.8,26017
Mary Poppins,1964,"Comedy,Family,Fantasy",7.8,199153
Onibaba,1964,"Drama,Horror,Thriller",7.8,25842
The Umbrellas of Cherbourg,1964,"Drama,Musical,Romance",7.8,35163
The Train,1964,"Action,Thriller,War",7.8,22002
Guess Who's Coming to Dinner,1967,"Comedy,Drama",7.8,52810
Playtime,1967,Comedy,7.8,29654
The Lion in Winter,1968,"Biography,Drama,History",7.8,36897
Night of the Living Dead,1968,"Horror,Thriller",7.8,151365
Midnight Cowboy,1969,Drama,7.8,131058
"They Shoot Horses, Don't They?",1969,Drama,7.8,21798
Harold and Maude,1971,"Comedy,Drama,Romance",7.8,85186
Willy Wonka & the Chocolate Factory,1971,"Adventure,Comedy,Family",7.8,244727
"Aguirre, the Wrath of God",1972,"Action,Adventure,Biography",7.8,68244
Cabaret,1972,"Drama,Music,Musical",7.8,63811
The Day of the Jackal,1973,"Crime,Drama,Thriller",7.8,53095
Amarcord,1973,"Comedy,Drama",7.8,51559
The Outlaw Josey Wales,1976,"Drama,Western",7.8,87081
That Obscure Object of Desire,1977,"Comedy,Drama,Romance",7.8,26999
Dawn of the Dead,1978,"Horror,Thriller",7.8,136820
All That Jazz,1979,"Drama,Music,Musical",7.8,40709
Kramer vs. Kramer,1979,Drama,7.8,166828
Manhattan,1979,"Comedy,Drama,Romance",7.8,152945
The King of Comedy,1982,"Comedy,Crime,Drama",7.8,133621
The Right Stuff,1983,"Adventure,Biography,Drama",7.8,68013
Ghostbusters,1984,"Action,Comedy,Fantasy",7.8,487402
The Killing Fields,1984,"Biography,Drama,History",7.8,63851
Brazil,1985,"Drama,Sci-Fi,Thriller",7.8,221925
The Breakfast Club,1985,"Comedy,Drama",7.8,473983
Ferris Bueller's Day Off,1986,Comedy,7.8,417387
Hannah and Her Sisters,1986,"Comedy,Drama",7.8,81736
The Sacrifice,1986,Drama,7.8,35190
Predator,1987,"Action,Adventure,Horror",7.8,502354
The Untouchables,1987,"Crime,Drama,Thriller",7.8,354096
Mississippi Burning,1988,"Crime,Drama,Mystery",7.8,127172
Back to the Future Part II,1989,"Adventure,Comedy,Sci-Fi",7.8,623571
Crimes and Misdemeanors,1989,"Comedy,Drama",7.8,63425
Glory,1989,"Biography,Drama,History",7.8,153031
Kiki's Delivery Service,1989,"Animation,Family,Fantasy",7.8,189296
My Left Foot,1989,"Biography,Drama",7.8,85346
Awakenings,1990,"Biography,Drama",7.8,177402
Edward Scissorhands,1990,"Drama,Fantasy,Romance",7.8,566495
Home Alone,1990,"Comedy,Family",7.8,747115
Misery,1990,"Drama,Thriller",7.8,266061
A Few Good Men,1992,"Drama,Thriller",7.8,318194
The Muppet Christmas Carol,1992,"Comedy,Drama,Family",7.8,82257
Batman: Mask of the Phantasm,1993,"Action,Adventure,Animation",7.8,63968
A Bronx Tale,1993,"Crime,Drama",7.8,186573
The Fugitive,1993,"Action,Crime,Drama",7.8,347476
Ninja Scroll,1993,"Action,Adventure,Animation",7.8,44831
The Remains of the Day,1993,"Drama,Romance",7.8,93281
The Sandlot,1993,"Comedy,Drama,Family",7.8,115585
Tombstone,1993,"Biography,Drama,History",7.8,192863
Three Colors: Blue,1993,"Drama,Music,Mystery",7.8,118206
Ed Wood,1994,"Biography,Comedy,Drama",7.8,190348
The Postman,1994,"Biography,Comedy,Drama",7.8,41614
Eat Drink Man Woman,1994,"Comedy,Drama,Romance",7.8,25264
Whisper of the Heart,1995,"Animation,Drama,Family",7.8,83727
Breaking the Waves,1996,Drama,7.8,76144
Brother,1997,"Crime,Drama,Thriller",7.8,28839
Knockin' on Heaven's Door,1997,"Action,Comedy,Crime",7.8,37056
October Sky,1999,"Biography,Drama,Family",7.8,112239
Training Day,2001,"Crime,Drama,Thriller",7.8,519156
The Insider,1999,"Biography,Drama,History",7.8,191959
Cast Away,2000,"Adventure,Drama,Romance",7.8,690399
All About My Mother,1999,"Comedy,Drama,Romance",7.8,109983
Remember the Titans,2000,"Biography,Comedy,Drama",7.8,250620
Cowboy Bebop: The Movie,2001,"Action,Animation,Crime",7.8,57426
Millennium Actress,2001,"Animation,Drama,Fantasy",7.8,37060
Lilya 4-Ever,2002,"Crime,Drama",7.8,55741
Lakshya,2004,"Action,Drama,Romance",7.8,28140
The Last Samurai,2003,"Action,Drama",7.8,505422
Coraline,2009,"Animation,Drama,Family",7.8,301709
The Notebook,2004,"Drama,Romance",7.8,692825
Head-On,2004,"Drama,Romance",7.8,61013
Walk the Line,2005,"Biography,Drama,Music",7.8,281132
Shaun of the Dead,2004,"Comedy,Horror",7.8,640835
Serenity,2005,"Action,Adventure,Sci-Fi",7.8,316060
Tokyo Godfathers,2003,"Adventure,Animation,Comedy",7.8,55269
C.R.A.Z.Y.,2005,"Comedy,Drama",7.8,35205
Pride & Prejudice,2005,"Drama,Romance",7.8,378568
Veer Zaara,2004,"Drama,Family,Musical",7.8,66854
The Curious Case of Benjamin Button,2008,"Drama,Fantasy,Romance",7.8,747982
Hot Fuzz,2007,"Action,Comedy,Mystery",7.8,568813
Little Miss Sunshine,2006,"Comedy,Drama",7.8,560437
The Fall,2006,"Adventure,Drama,Fantasy",7.8,129579
Letters from Iwo Jima,2006,"Action,Adventure,Drama",7.8,177352
The Man from Earth,2007,"Drama,Fantasy,Mystery",7.8,219136
American Gangster,2007,"Biography,Crime,Drama",7.8,488660
Drive,2011,"Action,Drama",7.8,766034
Atonement,2007,"Drama,Mystery,Romance",7.8,330327
The Hobbit: An Unexpected Journey,2012,"Adventure,Fantasy",7.8,930053
Once,2006,"Drama,Music,Musical",7.8,125188
The Fighter,2010,"Action,Biography,Drama",7.8,408859
Gangubai Kathiawadi,2022,"Biography,Crime,Drama",7.8,67399
All Quiet on the Western Front,2022,"Drama,History,War",7.8,334231
For Love and Honor,2007,"Crime,Drama",7.8,26026
Skyfall,2012,"Action,Adventure,Thriller",7.8,774922
Mimi,2021,"Comedy,Drama",7.8,46325
The Girl with the Dragon Tattoo,2009,"Crime,Drama,Mystery",7.8,230954
Let the Right One In,2008,"Drama,Fantasy,Horror",7.8,240474
The White Ribbon,2009,"Drama,Mystery,Thriller",7.8,81732
The Hobbit: The Desolation of Smaug,2013,"Adventure,Fantasy",7.8,755571
Moon,2009,"Drama,Mystery,Sci-Fi",7.8,396300
The Chaser,2008,"Action,Crime,Drama",7.8,81165
Thirteen Lives,2022,"Biography,Drama,Thriller",7.8,79716
A Prophet,2009,"Crime,Drama",7.8,107742
The Social Network,2010,"Biography,Drama",7.8,822028
The Irishman,2019,"Biography,Crime,Drama",7.8,474360
Past Lives,2023,"Drama,Romance",7.8,174496
Karthikeya 2,2022,"Action,Adventure,Fantasy",7.8,65182
Straight Outta Compton,2015,"Biography,Drama,History",7.8,234486
Hamnet,2025,"Biography,Drama,History",7.8,120395
Captain Phillips,2013,"Action,Biography,Crime",7.8,520204
The Girl with the Dragon Tattoo,2011,"Crime,Drama,Mystery",7.8,529656
The Big Short,2015,"Biography,Comedy,Drama",7.8,541603
Society of the Snow,2023,"Adventure,Biography,Drama",7.8,175013
How to Train Your Dragon 2,2014,"Action,Adventure,Animation",7.8,403306
The Artist,2011,"Comedy,Drama,Romance",7.8,255711
Ernest & Celestine,2012,"Adventure,Animation,Comedy",7.8,24422
Once Upon a Time in Anatolia,2011,"Crime,Drama,Thriller",7.8,53964
The Batman,2022,"Action,Crime,Drama",7.8,933127
The Wind Rises,2013,"Animation,Biography,Drama",7.8,113698
To the Forest of Firefly Lights,2011,"Animation,Drama,Fantasy",7.8,25500
English Vinglish,2012,"Comedy,Drama,Family",7.8,45158
About Time,2013,"Comedy,Drama,Fantasy",7.8,436056
Kai Po Che,2013,"Drama,Sport",7.8,40093
Big Hero 6,2014,"Action,Adventure,Animation",7.8,555678
My Life as a Zucchini,2016,"Animation,Comedy,Drama",7.8,33101
"Like Father, Like Son",2013,Drama,7.8,31106
The Lunchbox,2013,"Drama,Romance",7.8,68628
Monster,2023,"Drama,Mystery,Thriller",7.8,42134
Memoir of a Snail,2024,"Animation,Drama",7.8,25864
Aavesham,2024,"Action,Comedy",7.8,33329
Chandu Champion,2024,"Action,Biography,Drama",7.8,36588
Nightcrawler,2014,"Crime,Drama,Thriller",7.8,672630
Pride,2014,"Biography,Comedy,Drama",7.8,65297
Loving Vincent,2017,"Animation,Drama,Mystery",7.8,68399
Little Women,2019,"Drama,Romance",7.8,285330
The Hateful Eight,2015,"Crime,Drama,Mystery",7.8,724531
Captain America: Civil War,2016,"Action,Sci-Fi",7.8,931291
Captain Fantastic,2016,"Adventure,Comedy,Drama",7.8,251384
Rogue One: A Star Wars Story,2016,"Action,Adventure,Sci-Fi",7.8,759117
Manchester by the Sea,2016,Drama,7.8,358422
Embrace of the Serpent,2015,"Adventure,Biography,Drama",7.8,25946
Flow,2024,"Adventure,Animation,Family",7.8,144002
Get Out,2017,"Horror,Mystery,Thriller",7.8,822809
Isle of Dogs,2018,"Adventure,Animation,Comedy",7.8,212141
"I, Daniel Blake",2016,Drama,7.8,68527
Call Me by Your Name,2017,"Drama,Romance",7.8,360664
Pad Man,2018,"Comedy,Drama",7.8,32788
Minnal Murali,2021,"Action,Comedy,Drama",7.8,35201
Badla,2019,"Crime,Drama,Mystery",7.8,34914
RRR,2022,"Action,Adventure,Drama",7.8,219116
The Gentlemen,2019,"Action,Comedy,Crime",7.8,459363
Close,2022,Drama,7.8,48304
Frankenstein,1931,"Drama,Horror,Sci-Fi",7.7,88082
Scarface,1932,"Action,Crime,Drama",7.7,33481
Duck Soup,1933,"Comedy,Musical",7.7,64133
Top Hat,1935,"Comedy,Musical,Romance",7.7,22205
Holiday,1938,"Comedy,Romance",7.7,20227
The Lady Vanishes,1938,"Crime,Drama,Mystery",7.7,61512
Fantasia,1940,"Animation,Family,Fantasy",7.7,111536
How Green Was My Valley,1941,"Drama,Family",7.7,29231
The Lady Eve,1941,"Comedy,Romance",7.7,25489
Shadow of a Doubt,1943,"Drama,Film-Noir,Mystery",7.7,75528
Scarlet Street,1945,"Crime,Drama,Film-Noir",7.7,21338
The Killers,1946,"Crime,Drama,Film-Noir",7.7,26181
My Darling Clementine,1946,"Drama,Romance,Western",7.7,28607
Black Narcissus,1947,Drama,7.7,31475
Key Largo,1948,"Action,Crime,Drama",7.7,47338
Red River,1948,"Drama,Western",7.7,37949
The African Queen,1951,"Adventure,Drama,Romance",7.7,87641
The Day the Earth Stood Still,1951,"Drama,Sci-Fi",7.7,88863
A Place in the Sun,1951,"Drama,Romance",7.7,26950
The Quiet Man,1952,"Comedy,Drama,Romance",7.7,46004
The Caine Mutiny,1954,"Drama,War",7.7,31073
Invasion of the Body Snatchers,1956,"Drama,Horror,Sci-Fi",7.7,59981
L'Avventura,1960,"Drama,Mystery,Romance",7.7,37127
The Magnificent Seven,1960,"Action,Adventure,Drama",7.7,110749
Purple Noon,1960,"Crime,Drama,Thriller",7.7,24053
The Innocents,1961,"Drama,Horror,Mystery",7.7,36245
Splendor in the Grass,1961,"Drama,Romance",7.7,22973
Cape Fear,1962,"Drama,Thriller",7.7,35222
The Longest Day,1962,"Action,Drama,History",7.7,63130
The Music Man,1962,"Comedy,Family,Musical",7.7,20815
L'Eclisse,1962,"Drama,Romance",7.7,24434
The Silence,1963,Drama,7.7,22722
Goldfinger,1964,"Action,Adventure,Thriller",7.7,218381
My Fair Lady,1964,"Drama,Musical,Romance",7.7,107983
Zulu,1964,"Drama,History,War",7.7,46363
Au hasard Balthazar,1966,Drama,7.7,24954
A Man for All Seasons,1966,"Biography,Drama,History",7.7,40412
Bonnie and Clyde,1967,"Action,Biography,Crime",7.7,127011
The Dirty Dozen,1967,"Action,Adventure,War",7.7,84265
Wait Until Dark,1967,Thriller,7.7,36604
The Great Silence,1968,"Drama,Western",7.7,20575
The Devils,1971,"Biography,Drama,History",7.7,21389
Dirty Harry,1971,"Action,Crime,Thriller",7.7,181482
The Discreet Charm of the Bourgeoisie,1972,"Comedy,Drama,Fantasy",7.7,50679
Badlands,1973,"Action,Crime,Drama",7.7,84703
The Spirit of the Beehive,1973,"Drama,Fantasy",7.7,22762
Serpico,1973,"Biography,Crime,Drama",7.7,146074
Blazing Saddles,1974,"Comedy,Western",7.7,165171
The Conversation,1974,"Drama,Mystery,Thriller",7.7,136289
The Holy Mountain,1973,"Adventure,Drama,Fantasy",7.7,52701
The Twelve Tasks of Asterix,1976,"Adventure,Animation,Comedy",7.7,21430
The Man Who Would Be King,1975,"Adventure,Drama,War",7.7,55619
Sorcerer,1977,"Adventure,Drama,Thriller",7.7,36688
Days of Heaven,1978,"Drama,Romance",7.7,69302
Halloween,1978,"Horror,Thriller",7.7,339946
Breaking Away,1979,"Comedy,Drama,Sport",7.7,27624
Airplane!,1980,Comedy,7.7,289322
Ordinary People,1980,Drama,7.7,62107
First Blood,1982,"Action,Adventure,Thriller",7.7,302410
Missing,1982,"Biography,Drama,History",7.7,24444
Star Trek II: The Wrath of Khan,1982,"Action,Adventure,Sci-Fi",7.7,136110
The Verdict,1982,Drama,7.7,50852
The Color Purple,1985,Drama,7.7,104527
The Goonies,1985,"Adventure,Comedy,Family",7.7,327688
Blue Velvet,1986,"Crime,Drama,Mystery",7.7,246333
The Name of the Rose,1986,"Drama,Mystery,Thriller",7.7,127477
Babette's Feast,1987,Drama,7.7,24045
Empire of the Sun,1987,"Drama,War",7.7,143622
The Last Emperor,1987,"Biography,Drama,History",7.7,119995
Mr. India,1987,"Action,Adventure,Comedy",7.7,20315
The Bear,1988,"Adventure,Drama,Family",7.7,20461
Who Framed Roger Rabbit,1988,"Adventure,Animation,Comedy",7.7,233156
The Killer,1989,"Action,Crime,Drama",7.7,55670
When Harry Met Sally...,1989,"Comedy,Drama,Romance",7.7,272746
Miller's Crossing,1990,"Crime,Drama,Thriller",7.7,148449
Dreams,1990,"Drama,Fantasy",7.7,32840
Boyz n the Hood,1991,"Crime,Drama",7.7,169240
Fried Green Tomatoes,1991,Drama,7.7,92186
Porco Rosso,1992,"Adventure,Animation,Comedy",7.7,117212
Hard Boiled,1992,"Action,Crime,Thriller",7.7,59914
Malcolm X,1992,"Biography,Drama,History",7.7,111511
Philadelphia,1993,Drama,7.7,274748
What's Eating Gilbert Grape,1993,Drama,7.7,269437
Clerks,1994,Comedy,7.7,240830
Apollo 13,1995,"Adventure,Drama,History",7.7,339535
Sense and Sensibility,1995,"Drama,Romance",7.7,136686
Hamlet,1996,Drama,7.7,42011
Primal Fear,1996,"Crime,Drama,Mystery",7.7,288379
Donnie Brasco,1997,"Biography,Crime,Drama",7.7,357531
The Game,1997,"Drama,Mystery,Thriller",7.7,472880
Gattaca,1997,"Drama,Sci-Fi,Thriller",7.7,348180
Fireworks,1997,"Crime,Drama,Romance",7.7,35677
As Good as It Gets,1997,"Comedy,Drama,Romance",7.7,338276
Taste of Cherry,1997,Drama,7.7,44306
Being John Malkovich,1999,"Comedy,Drama,Fantasy",7.7,369513
Mulan,1998,"Adventure,Animation,Comedy",7.7,347593
Star Wars: Episode III - Revenge of the Sith,2005,"Action,Adventure,Fantasy",7.7,925792
Open Your Eyes,1997,"Drama,Mystery,Sci-Fi",7.7,75969
Happiness,1998,"Comedy,Drama",7.7,80103
"South Park: Bigger, Longer & Uncut",1999,"Animation,Comedy,Fantasy",7.7,223638
"O Brother, Where Art Thou?",2000,"Adventure,Comedy,Crime",7.7,352466
Kikujiro,1999,"Comedy,Drama",7.7,23670
Vampire Hunter D: Bloodlust,2000,"Action,Animation,Drama",7.7,41710
Ocean's Eleven,2001,"Crime,Thriller",7.7,675955
Harry Potter and the Sorcerer's Stone,2001,"Adventure,Family,Fantasy",7.7,954793
Y tu mamá también,2001,Drama,7.7,141894
The Count of Monte Cristo,2002,"Action,Adventure,Drama",7.7,160485
Hedwig and the Angry Inch,2001,"Comedy,Drama,Music",7.7,37969
Billy Elliot,2000,"Drama,Music",7.7,152663
The Experiment,2001,"Drama,Thriller",7.7,98921
Black Hawk Down,2001,"Action,Drama,History",7.7,455921
The Triplets of Belleville,2003,"Adventure,Animation,Comedy",7.7,58342
Good Bye Lenin!,2003,"Comedy,Drama,Romance",7.7,160067
The Magdalene Sisters,2002,Drama,7.7,30097
The Motorcycle Diaries,2004,"Adventure,Biography,Drama",7.7,109279
Man on Fire,2004,"Action,Crime,Drama",7.7,422383
Harry Potter and the Goblet of Fire,2005,"Adventure,Family,Fantasy",7.7,755993
Lost in Translation,2003,"Comedy,Drama",7.7,530621
Evil,2003,Drama,7.7,44835
Ray,2004,"Biography,Drama,Music",7.7,166195
The Bourne Supremacy,2004,"Action,Mystery,Thriller",7.7,514440
Kung Fu Hustle,2004,"Action,Comedy,Fantasy",7.7,164750
Crash,2004,"Crime,Drama,Thriller",7.7,462699
Brokeback Mountain,2005,"Drama,Romance",7.7,418398
Black Book,2006,"Drama,Thriller,War",7.7,84037
Tangled,2010,"Adventure,Animation,Comedy",7.7,547432
The World's Fastest Indian,2005,"Biography,Drama,Sport",7.7,64213
Adam's Apples,2005,"Comedy,Crime,Drama",7.7,59409
Lucky Number Slevin,2006,"Crime,Drama,Thriller",7.7,339427
Zodiac,2007,"Crime,Drama,Mystery",7.7,676694
Ex Machina,2014,"Drama,Sci-Fi,Thriller",7.7,641049
This Is England,2006,"Crime,Drama",7.7,135450
Mr. Nobody,2009,"Drama,Fantasy,Romance",7.7,258061
Guru,2007,Drama,7.7,26318
Flipped,2010,"Comedy,Drama,Romance",7.7,108743
Changeling,2008,"Biography,Crime,Drama",7.7,275480
Paprika,2006,"Animation,Drama,Fantasy",7.7,113707
The Boy in the Striped Pajamas,2008,"Drama,War",7.7,275503
Harry Potter and the Deathly Hallows: Part 1,2010,"Adventure,Family,Fantasy",7.7,666896
Taken,2008,"Action,Crime,Thriller",7.7,673713
Argo,2012,"Biography,Drama,History",7.7,668568
The Worst Person in the World,2021,"Comedy,Drama,Romance",7.7,129123
Silver Linings Playbook,2012,"Comedy,Drama,Romance",7.7,774493
The Trial of the Chicago 7,2020,"Drama,History,Thriller",7.7,205847
Sam Bahadur,2023,"Biography,Drama,War",7.7,21875
The Hangover,2009,Comedy,7.7,933926
Mother,2009,"Crime,Drama,Mystery",7.7,80791
Rock On!!,2008,"Drama,Music",7.7,23528
X-Men: First Class,2011,"Action,Sci-Fi",7.7,765584
The Turin Horse,2011,Drama,7.7,21500
Beasts of No Nation,2015,"Drama,War",7.7,91651
Star Trek Into Darkness,2013,"Action,Adventure,Sci-Fi",7.7,510987
Poor Things,2023,"Comedy,Drama,Romance",7.7,410654
Magadheera,2009,"Action,Drama,Fantasy",7.7,28240
Gravity,2013,"Drama,Sci-Fi,Thriller",7.7,901702
The Quiet Girl,2022,Drama,7.7,29106
The Man from Nowhere,2010,"Action,Crime,Drama",7.7,80821
Hanu Man,2024,"Action,Adventure,Fantasy",7.7,30503
Confessions,2010,"Drama,Thriller",7.7,45288
Detachment,2011,Drama,7.7,112535
Wreck-It Ralph,2012,"Adventure,Animation,Comedy",7.7,500382
Nebraska,2013,Drama,7.7,128921
Captain America: The Winter Soldier,2014,"Action,Adventure,Sci-Fi",7.7,974952
The Best Offer,2013,"Crime,Drama,Mystery",7.7,137575
The Broken Circle Breakdown,2012,"Drama,Music,Romance",7.7,45339
Eega,2012,"Action,Comedy,Drama",7.7,30512
The Great Beauty,2013,Drama,7.7,106506
Star Wars: Episode VII - The Force Awakens,2015,"Action,Adventure,Sci-Fi",7.7,1028623
Birdman or (The Unexpected Virtue of Ignorance),2014,"Comedy,Drama",7.7,699939
Me and Earl and the Dying Girl,2015,"Comedy,Drama",7.7,144740
How to Train Your Dragon,2025,"Action,Adventure,Comedy",7.7,136136
Sentimental Value,2025,"Drama,Family",7.7,82422
The Theory of Everything,2014,"Biography,Drama,Romance",7.7,508573
Sicario,2015,"Action,Crime,Drama",7.7,541364
The Breadwinner,2017,"Animation,Drama,War",7.7,30929
A Man Called Ove,2015,"Comedy,Drama,Romance",7.7,75004
Udta Punjab,2016,"Crime,Drama",7.7,34198
Kapoor & Sons,2016,"Comedy,Drama,Family",7.7,33929
Perfect Strangers,2016,"Comedy,Drama,Thriller",7.7,77552
Mission: Impossible - Fallout,2018,"Action,Adventure,Thriller",7.7,421109
The Salesman,2016,"Drama,Thriller",7.7,68971
Wind River,2017,"Crime,Drama,Mystery",7.7,316544
Sound of Metal,2019,"Drama,Music",7.7,186864
Everything Everywhere All at Once,2022,"Action,Adventure,Comedy",7.7,647461
Raazi,2018,"Action,Drama,Thriller",7.7,37435
Corpus Christi,2019,Drama,7.7,24175
Law of Tehran,2019,"Action,Crime,Drama",7.7,21177
The Public Enemy,1931,"Crime,Drama",7.6,23567
The Invisible Man,1933,"Horror,Sci-Fi",7.6,44274
The 39 Steps,1935,"Crime,Mystery,Thriller",7.6,66331
Mutiny on the Bounty,1935,"Adventure,Biography,Drama",7.6,26738
The Awful Truth,1937,"Comedy,Romance",7.6,23353
Snow White and the Seven Dwarfs,1937,"Adventure,Animation,Family",7.6,238350
The Magnificent Ambersons,1942,"Drama,Romance",7.6,28752
Mrs. Miniver,1942,"Drama,Romance,War",7.6,21362
Lifeboat,1944,"Drama,War",7.6,33735
Gilda,1946,"Drama,Film-Noir,Romance",7.6,37435
The Bishop's Wife,1947,"Comedy,Drama,Fantasy",7.6,23870
Winchester '73,1950,"Action,Drama,Western",7.6,23129
From Here to Eternity,1953,"Drama,Romance,War",7.6,54468
Shane,1953,"Drama,Western",7.6,47847
Godzilla,1954,"Horror,Sci-Fi",7.6,45578
Johnny Guitar,1954,"Drama,Western",7.6,21626
Sabrina,1954,"Comedy,Drama,Romance",7.6,76119
White Christmas,1954,"Comedy,Musical,Romance",7.6,57030
Bad Day at Black Rock,1955,"Crime,Drama,Mystery",7.6,26804
The Ladykillers,1955,"Comedy,Crime",7.6,34263
Marty,1955,"Drama,Romance",7.6,30746
Rebel Without a Cause,1955,Drama,7.6,103497
Giant,1956,"Drama,Western",7.6,44066
3:10 to Yuma,1957,"Adventure,Drama,Thriller",7.6,23907
The Incredible Shrinking Man,1957,"Horror,Sci-Fi",7.6,22121
My Uncle,1958,Comedy,7.6,24915
Eyes Without a Face,1960,"Drama,Horror",7.6,39278
Breathless,1960,"Crime,Drama",7.6,95764
Peeping Tom,1960,"Drama,Horror,Thriller",7.6,43920
Last Year at Marienbad,1961,"Drama,Mystery,Romance",7.6,27072
Jules and Jim,1962,"Drama,Romance",7.6,47019
West Side Story,1961,"Crime,Drama,Musical",7.6,127920
The Birds,1963,"Drama,Horror,Mystery",7.6,220689
The Trial,1962,"Drama,Mystery,Thriller",7.6,26953
Zorba the Greek,1964,"Comedy,Drama",7.6,25656
Band of Outsiders,1964,"Comedy,Crime,Drama",7.6,29038
Seconds,1966,"Sci-Fi,Thriller",7.6,23787
Belle de Jour,1967,"Drama,Romance",7.6,53613
The Jungle Book,1967,"Adventure,Animation,Comedy",7.6,213925
"To Sir, with Love",1967,Drama,7.6,22061
The Odd Couple,1968,Comedy,7.6,40082
Romeo and Juliet,1968,"Drama,Romance",7.6,37485
Where Eagles Dare,1968,"Action,Adventure,War",7.6,66810
Kelly's Heroes,1970,"Adventure,Comedy,War",7.6,58738
The French Connection,1971,"Action,Crime,Drama",7.6,150957
McCabe & Mrs. Miller,1971,"Drama,Western",7.6,30481
Walkabout,1971,"Adventure,Drama",7.6,29772
Deliverance,1972,"Adventure,Drama,Thriller",7.6,129182
Jeremiah Johnson,1972,"Adventure,Drama,Western",7.6,39764
"Play It Again, Sam",1972,"Comedy,Romance",7.6,29683
"What's Up, Doc?",1972,"Comedy,Romance",7.6,29322
Enter the Dragon,1973,"Action,Crime,Thriller",7.6,120734
Fantastic Planet,1973,"Animation,Sci-Fi",7.6,42634
The Enigma of Kaspar Hauser,1974,"Biography,Drama,History",7.6,20372
The Taking of Pelham One Two Three,1974,"Action,Crime,Thriller",7.6,41458
Love and Death,1975,"Comedy,War",7.6,43906
Nashville,1975,"Comedy,Drama,Music",7.6,31548
1900,1976,"Drama,History",7.6,27846
The Shootist,1976,"Drama,Romance,Western",7.6,29393
Close Encounters of the Third Kind,1977,"Drama,Sci-Fi",7.6,235690
The 36th Chamber of Shaolin,1978,"Action,Adventure,Drama",7.6,20539
The Muppet Movie,1979,"Adventure,Comedy,Family",7.6,42755
Lupin III: The Castle of Cagliostro,1979,"Adventure,Animation,Comedy",7.6,35994
The Road Warrior,1981,"Action,Adventure,Sci-Fi",7.6,213731
My Dinner with Andre,1981,"Comedy,Drama",7.6,30736
On Golden Pond,1981,Drama,7.6,37804
Victor/Victoria,1982,"Comedy,Music,Romance",7.6,25696
Zelig,1983,Comedy,7.6,46109
After Hours,1985,"Comedy,Crime,Drama",7.6,98716
My Life as a Dog,1985,"Comedy,Drama",7.6,22875
The Purple Rose of Cairo,1985,"Comedy,Fantasy,Romance",7.6,58091
Down by Law,1986,"Comedy,Crime,Drama",7.6,58812
The Fly,1986,"Drama,Horror,Sci-Fi",7.6,225171
Evil Dead II,1987,"Comedy,Horror",7.6,196996
Lethal Weapon,1987,"Action,Crime,Thriller",7.6,296629
Maurice,1987,"Drama,Romance",7.6,27196
"Planes, Trains & Automobiles",1987,"Comedy,Drama",7.6,180802
RoboCop,1987,"Action,Crime,Sci-Fi",7.6,309603
The Naked Gun: From the Files of Police Squad!,1988,"Comedy,Crime",7.6,223223
Running on Empty,1988,"Crime,Drama,Music",7.6,20081
The Vanishing,1988,"Mystery,Thriller",7.6,54788
The Little Mermaid,1989,"Adventure,Animation,Family",7.6,312882
Barton Fink,1991,"Comedy,Drama,Thriller",7.6,135881
The Commitments,1991,"Comedy,Drama,Music",7.6,42952
The Double Life of Véronique,1991,"Drama,Fantasy,Music",7.6,57178
Night on Earth,1991,"Comedy,Drama",7.6,71300
Only Yesterday,1991,"Animation,Drama,Romance",7.6,42538
Thelma & Louise,1991,"Adventure,Crime,Drama",7.6,194369
Glengarry Glen Ross,1992,"Crime,Drama,Mystery",7.6,126197
The Last of the Mohicans,1992,"Action,Adventure,Drama",7.6,207407
My Cousin Vinny,1992,"Comedy,Crime",7.6,159548
Baazigar,1993,"Crime,Drama,Musical",7.6,32013
Dazed and Confused,1993,Comedy,7.6,216925
Gettysburg,1993,"Drama,History,War",7.6,32274
Naked,1993,"Comedy,Drama",7.6,48914
Short Cuts,1993,"Comedy,Drama",7.6,50035
Darr,1993,"Action,Drama,Romance",7.6,27150
Kabhi Haan Kabhi Naa,1994,"Comedy,Drama,Music",7.6,20412
Three Colors: White,1994,"Comedy,Drama,Romance",7.6,84693
The Bridges of Madison County,1995,"Drama,Romance",7.6,97105
Die Hard: With a Vengeance,1995,"Action,Adventure,Thriller",7.6,431176
A Little Princess,1995,"Drama,Family,Fantasy",7.6,39173
Beautiful Thing,1996,"Comedy,Drama,Romance",7.6,27388
Lost Highway,1997,"Drama,Mystery,Thriller",7.6,171152
Shine,1996,"Biography,Drama,Music",7.6,59093
Star Trek: First Contact,1996,"Action,Adventure,Drama",7.6,138146
Happy Together,1997,"Drama,Romance",7.6,38471
Le Dîner de Cons,1998,Comedy,7.6,46540
The Fifth Element,1997,"Action,Adventure,Sci-Fi",7.6,546982
The Red Violin,1998,"Drama,Music,Mystery",7.6,35792
The Thin Red Line,1998,"Drama,History,War",7.6,212421
Rushmore,1998,"Comedy,Drama,Romance",7.6,208784
Run Lola Run,1998,"Action,Crime,Thriller",7.6,217046
Lovers of the Arctic Circle,1998,"Drama,Mystery,Romance",7.6,20895
American Psycho,2000,"Crime,Drama,Horror",7.6,843049
The Boondock Saints,1999,"Action,Crime,Thriller",7.6,262790
Office Space,1999,Comedy,7.6,309540
The Hurricane,1999,"Biography,Drama,Sport",7.6,107910
In July,2000,"Adventure,Comedy,Romance",7.6,23538
Minority Report,2002,"Action,Crime,Mystery",7.6,622259
The Others,2001,"Horror,Mystery,Thriller",7.6,427720
Brat 2,2000,"Action,Crime,Drama",7.6,20384
Devdas,2002,"Drama,Musical,Romance",7.6,52378
Waking Life,2001,"Animation,Drama,Fantasy",7.6,69629
The Royal Tenenbaums,2001,"Comedy,Drama",7.6,336018
Adaptation.,2002,"Comedy,Drama",7.6,213391
I Am Sam,2001,Drama,7.6,162622
Bloody Sunday,2002,"Drama,History,War",7.6,26770
The Butterfly Effect,2004,"Drama,Sci-Fi,Thriller",7.6,556614
Carandiru,2003,"Crime,Drama",7.6,24852
In America,2002,Drama,7.6,44376
25th Hour,2002,Drama,7.6,190670
Finding Neverland,2004,"Biography,Drama,Family",7.6,217529
The Man Without a Past,2002,"Comedy,Drama,Romance",7.6,28960
21 Grams,2003,"Crime,Drama,Thriller",7.6,252681
The Station Agent,2003,"Comedy,Drama",7.6,80291
A Very Long Engagement,2004,"Drama,Mystery,Romance",7.6,78050
The Machinist,2004,"Drama,Thriller",7.6,442937
Mysterious Skin,2004,Drama,7.6,85792
Control,2003,"Comedy,Crime,Drama",7.6,28447
Dear Frankie,2004,"Drama,Romance",7.6,23113
3:10 to Yuma,2007,"Action,Crime,Drama",7.6,351711
Vera Drake,2004,"Crime,Drama",7.6,28769
Saw,2004,"Horror,Mystery,Thriller",7.6,512097
Lord of War,2005,"Crime,Drama",7.6,360164
Watchmen,2009,"Action,Drama,Mystery",7.6,612399
Match Point,2005,"Drama,Romance,Thriller",7.6,239342
300,2006,"Action,Drama",7.6,914701
Harry Potter and the Half-Blood Prince,2009,"Adventure,Family,Fantasy",7.6,662969
Control,2007,"Biography,Drama,Music",7.6,71729
Joyeux Noel,2005,"Drama,History,Music",7.6,34374
Sophie Scholl: The Final Days,2005,"Biography,Crime,Drama",7.6,29876
Kung Fu Panda,2008,"Action,Adventure,Animation",7.6,582798
Volver,2006,"Comedy,Drama",7.6,113030
Fearless,2006,"Action,Biography,Drama",7.6,81475
Gone Baby Gone,2007,"Crime,Drama,Mystery",7.6,311863
Inside Man,2006,"Crime,Drama,Mystery",7.6,425810
The Last King of Scotland,2006,"Biography,Drama,History",7.6,206179
After the Wedding,2006,Drama,7.6,39298
Freedom Writers,2007,"Biography,Crime,Drama",7.6,92931
United 93,2006,"Action,Drama,History",7.6,115667
Sivaji,2007,"Action,Crime,Drama",7.6,23982
Stardust,2007,"Adventure,Fantasy,Romance",7.6,299228
Eastern Promises,2007,"Crime,Drama,Thriller",7.6,278170
The Girl Who Leapt Through Time,2006,"Adventure,Animation,Comedy",7.6,76118
Seven Pounds,2008,"Drama,Mystery,Thriller",7.6,326376
Superbad,2007,Comedy,7.6,696743
Dhamaal,2007,"Action,Adventure,Comedy",7.6,22730
The Visitor,2007,Drama,7.6,46301
Frost/Nixon,2008,"Biography,Drama,History",7.6,116072
Shelter,2007,"Drama,Romance,Sport",7.6,25790
The Reader,2008,"Drama,Mystery,Romance",7.6,274357
Les Misérables,2019,"Crime,Drama,Thriller",7.6,30601
500 Days of Summer,2009,"Comedy,Drama,Romance",7.6,621013
I've Loved You So Long,2008,Drama,7.6,21097
Shiddat,2021,Romance,7.6,27079
The Banshees of Inisherin,2022,"Comedy,Drama",7.6,297044
The Skin I Live In,2011,"Drama,Mystery,Thriller",7.6,180848
Moneyball,2011,"Biography,Drama,Sport",7.6,511024
Cell 211,2009,"Action,Crime,Drama",7.6,74050
Kick-Ass,2010,"Action,Comedy,Crime",7.6,621778
A Thursday,2022,"Drama,Thriller",7.6,27299
50/50,2011,"Comedy,Drama,Romance",7.6,354816
Rise of the Planet of the Apes,2011,"Action,Animation,Drama",7.6,606729
Despicable Me,2010,"Adventure,Animation,Comedy",7.6,634725
Wake Up Sid,2009,"Comedy,Drama,Romance",7.6,37448
In a Better World,2010,"Drama,Romance",7.6,43134
Robot Dreams,2023,"Animation,Comedy,Drama",7.6,25145
True Grit,2010,"Drama,Western",7.6,377175
Rental Family,2025,"Comedy,Drama",7.6,59066
The Art of Racing in the Rain,2019,"Comedy,Drama,Romance",7.6,48945
Guillermo del Toro's Pinocchio,2022,"Adventure,Animation,Drama",7.6,159796
A Star Is Born,2018,"Drama,Music,Romance",7.6,450011
"Argentina, 1985",2022,"Biography,Crime,Drama",7.6,36492
Marcel the Shell with Shoes On,2021,"Animation,Comedy,Drama",7.6,33978
The Secret World of Arrietty,2010,"Adventure,Animation,Drama",7.6,117723
Midnight in Paris,2011,"Comedy,Fantasy,Romance",7.6,472009
F1: The Movie,2025,"Drama,Sport",7.6,369135
Suzume,2022,"Adventure,Animation,Drama",7.6,63899
Laurence Anyways,2012,"Drama,Romance",7.6,23264
Anatomy of a Fall,2023,"Crime,Drama,Mystery",7.6,227701
Weekend,2011,"Drama,Romance",7.6,34692
"Oslo, August 31st",2011,Drama,7.6,34261
The Little Prince,2015,"Adventure,Animation,Comedy",7.6,71671
End of Watch,2012,"Action,Crime,Drama",7.6,293281
The Raid: Redemption,2011,"Action,Crime,Thriller",7.6,230983
Pyaar Ka Punchnama,2011,"Comedy,Drama,Romance",7.6,23654
Delhi Belly,2011,"Action,Comedy,Crime",7.6,34987
The Body,2012,"Crime,Drama,Mystery",7.6,79625
Aftersun,2022,Drama,7.6,129926
Toy Story 4,2019,"Adventure,Animation,Comedy",7.6,318675
Dawn of the Planet of the Apes,2014,"Action,Adventure,Animation",7.6,512396
All of Us Strangers,2023,"Drama,Romance",7.6,79722
Tanu Weds Manu Returns,2015,"Comedy,Drama,Romance",7.6,30745
Blue Is the Warmest Colour,2013,"Drama,Romance",7.6,173709
Raanjhanaa,2013,"Drama,Romance",7.6,38269
Philomena,2013,"Biography,Comedy,Drama",7.6,107442
Hell or High Water,2016,"Crime,Drama,Thriller",7.6,278807
The Fault in Our Stars,2014,"Drama,Romance",7.6,425369
The Butterfly's Dream,2013,"Biography,Drama,History",7.6,26221
The Count of Monte Cristo,2024,"Action,Adventure,Drama",7.6,48948
Fury,2014,"Action,Drama,War",7.6,611294
Kneecap,2024,"Comedy,Drama,Music",7.6,25293
Kaiva,2023,"Action,Drama,Romance",7.6,69650
Madras Cafe,2013,"Action,Drama,Thriller",7.6,26717
Highway,2014,"Crime,Drama,Romance",7.6,32824
One Battle After Another,2025,"Crime,Drama,Thriller",7.6,419530
Creed,2015,"Action,Drama,Sport",7.6,335971
The Sheep Detectives,2026,"Comedy,Family,Mystery",7.6,20552
Marty Supreme,2025,"Comedy,Drama,Sport",7.6,191883
Lokah Chapter One: Chandra,2025,"Action,Fantasy",7.6,21608
What We Do in the Shadows,2014,"Comedy,Horror",7.6,214250
Maudie,2016,"Biography,Drama,Romance",7.6,25808
Piku,2015,"Comedy,Drama",7.6,36925
Mustang,2015,Drama,7.6,43143
Mr. Church,2016,"Comedy,Drama",7.6,34132
The Boy and the Beast,2015,"Action,Adventure,Animation",7.6,30026
Gifted,2017,Drama,7.6,159875
Just Mercy,2019,"Biography,Crime,Drama",7.6,85047
Sanam Teri Kasam,2016,"Drama,Musical,Romance",7.6,23068
Hotel Mumbai,2018,"Action,Adventure,Crime",7.6,79487
Deadpool 2,2018,"Action,Adventure,Comedy",7.6,747442
God's Own Country,2017,"Drama,Romance",7.6,41474
The Florida Project,2017,Drama,7.6,147535
Train to Busan,2016,"Action,Horror,Thriller",7.6,309000
Roma,2018,Drama,7.6,178812
Loveless,2017,Drama,7.6,37761
Newton,2017,"Comedy,Drama",7.6,22456
Parmanu: The Story of Pokhran,2018,"Drama,History,Thriller",7.6,26741
The Boy Who Harnessed the Wind,2019,"Biography,Drama,History",7.6,52610
Sound of Freedom,2023,"Biography,Crime,Drama",7.6,137995
Between Family,2017,Comedy,7.6,28919
Searching,2018,"Drama,Mystery,Thriller",7.6,193227
Müslüm,2018,"Biography,Drama,Music",7.6,21795
One Cut of the Dead,2017,"Comedy,Drama,Horror",7.6,35614
The Mitchells vs. the Machines,2021,"Adventure,Animation,Comedy",7.6,143156
Sorry We Missed You,2019,Drama,7.6,28316
The Two Popes,2019,"Biography,Drama",7.6,147072
Transformers One,2024,"Action,Adventure,Animation",7.6,66597
Dark Waters,2019,"Biography,Drama,History",7.6,122062
Pushpa: The Rise - Part 1,2021,"Action,Crime,Drama",7.6,100496
Mission: Impossible - Dead Reckoning Part One,2023,"Action,Adventure,Thriller",7.6,328985
The Phantom of the Opera,1925,"Horror,Music",7.5,22287
Wuthering Heights,1939,"Drama,Romance",7.5,22777
High Sierra,1941,"Action,Adventure,Drama",7.5,21057
Meet Me in St. Louis,1944,"Comedy,Drama,Family",7.5,31171
Spellbound,1945,"Drama,Film-Noir,Mystery",7.5,55487
Dark Passage,1947,"Drama,Film-Noir,Thriller",7.5,23990
The Lady from Shanghai,1947,"Crime,Drama,Film-Noir",7.5,36702
A Star Is Born,1954,"Drama,Musical,Romance",7.5,21065
Kiss Me Deadly,1955,"Crime,Drama,Film-Noir",7.5,23760
Forbidden Planet,1956,"Adventure,Sci-Fi",7.5,57309
The Defiant Ones,1958,"Crime,Drama",7.5,20149
Pickpocket,1959,"Crime,Drama",7.5,27625
The Time Machine,1960,"Adventure,Romance,Sci-Fi",7.5,47383
Breakfast at Tiffany's,1961,"Comedy,Drama,Romance",7.5,205029
The Guns of Navarone,1961,"Action,Adventure,Drama",7.5,59840
Lolita,1962,"Crime,Drama,Romance",7.5,116284
"It's a Mad, Mad, Mad, Mad World",1963,"Action,Adventure,Comedy",7.5,51276
A Hard Day's Night,1964,"Comedy,Musical",7.5,49974
The Flight of the Phoenix,1965,"Adventure,Drama",7.5,24271
Repulsion,1965,"Drama,Horror,Thriller",7.5,61445
The Spy Who Came in from the Cold,1965,"Drama,Thriller",7.5,20749
How to Steal a Million,1966,"Comedy,Crime,Romance",7.5,32343
El Dorado,1966,"Drama,Romance,Western",7.5,33516
The Producers,1967,"Comedy,Music",7.5,63913
Hour of the Wolf,1968,"Drama,Horror,Mystery",7.5,25080
Little Big Man,1970,"Adventure,Comedy,Drama",7.5,40446
Tora! Tora! Tora!,1970,"Action,Drama,History",7.5,39929
Monty Python's and Now for Something Completely Different,1971,Comedy,7.5,32758
"Duck, You Sucker!",1971,"Drama,War,Western",7.5,40311
The Last Detail,1973,"Comedy,Drama",7.5,31193
The Long Goodbye,1973,"Comedy,Crime,Drama",7.5,44306
Robin Hood,1973,"Adventure,Animation,Comedy",7.5,150592
The Wicker Man,1973,"Horror,Mystery,Thriller",7.5,105198
Deep Red,1975,"Horror,Mystery,Thriller",7.5,46305
The Tenant,1976,"Drama,Thriller",7.5,51482
The Omen,1976,"Horror,Mystery",7.5,146576
The Many Adventures of Winnie the Pooh,1977,"Animation,Comedy,Family",7.5,42979
Midnight Express,1978,"Biography,Crime,Drama",7.5,94912
Watership Down,1978,"Adventure,Animation,Drama",7.5,43518
Escape from Alcatraz,1979,"Biography,Crime,Drama",7.5,164896
Hair,1979,"Comedy,Drama,Musical",7.5,44335
The Warriors,1979,"Action,Crime,Thriller",7.5,119842
Coal Miner's Daughter,1980,"Biography,Drama,Music",7.5,22305
The Long Good Friday,1980,"Crime,Drama,Mystery",7.5,29744
An American Werewolf in London,1981,"Comedy,Horror",7.5,135045
Christiane F.,1981,"Biography,Drama",7.5,35276
The Secret of NIMH,1982,"Adventure,Animation,Drama",7.5,48927
Sophie's Choice,1982,"Drama,Romance",7.5,55949
Monty Python's the Meaning of Life,1983,"Comedy,Musical",7.5,130301
Trading Places,1983,Comedy,7.5,183283
Blood Simple,1984,"Crime,Drama,Thriller",7.5,114199
Indiana Jones and the Temple of Doom,1984,"Action,Adventure",7.5,569672
Police Story,1985,"Action,Comedy,Crime",7.5,46545
Withnail and I,1987,"Comedy,Drama",7.5,52399
Dangerous Liaisons,1988,"Drama,Romance",7.5,80246
A Fish Called Wanda,1988,"Comedy,Crime",7.5,165954
The Big Blue,1988,"Adventure,Drama,Sport",7.5,58926
The Last Temptation of Christ,1988,Drama,7.5,68346
Midnight Run,1988,"Action,Comedy,Crime",7.5,104149
Women on the Verge of a Nervous Breakdown,1988,"Comedy,Drama",7.5,50867
The Abyss,1989,"Adventure,Drama,Mystery",7.5,209000
Batman,1989,Crime,7.5,432630
"The Cook, the Thief, His Wife & Her Lover",1989,"Crime,Drama",7.5,45126
Field of Dreams,1989,"Drama,Family,Fantasy",7.5,139828
Henry V,1989,"Biography,Drama,History",7.5,33419
Mystery Train,1989,"Comedy,Crime,Drama",7.5,33123
National Lampoon's Christmas Vacation,1989,Comedy,7.5,247632
Santa Sangre,1989,"Drama,Horror,Thriller",7.5,25665
Back to the Future Part III,1990,"Adventure,Comedy,Sci-Fi",7.5,521686
Cyrano de Bergerac,1990,"Comedy,Drama,History",7.5,27603
The Godfather Part III,1990,"Crime,Drama",7.5,456746
The Hunt for Red October,1990,"Action,Adventure,Thriller",7.5,231606
Total Recall,1990,"Action,Adventure,Sci-Fi",7.5,382343
Delicatessen,1991,"Comedy,Crime",7.5,94469
Europa,1991,"Crime,Drama,Thriller",7.5,24698
The Fisher King,1991,"Comedy,Drama,Fantasy",7.5,96963
Chaplin,1992,"Biography,Comedy,Drama",7.5,65721
Husbands and Wives,1992,"Comedy,Drama,Romance",7.5,33035
The Player,1992,"Comedy,Crime,Drama",7.5,72347
Falling Down,1993,"Crime,Drama,Thriller",7.5,227076
Menace II Society,1993,"Crime,Drama,Thriller",7.5,70387
A Perfect World,1993,"Crime,Drama,Thriller",7.5,93829
The Piano,1993,"Drama,Music,Romance",7.5,101531
Rudy,1993,"Biography,Drama,Sport",7.5,74783
Stalingrad,1993,"Drama,War",7.5,39321
"The Adventures of Priscilla, Queen of the Desert",1994,"Comedy,Music",7.5,61629
The Crow,1994,"Action,Crime,Drama",7.5,231770
Hum Aapke Hain Koun..!,1994,"Comedy,Drama,Musical",7.5,24350
Interview with the Vampire: The Vampire Chronicles,1994,"Drama,Fantasy,Horror",7.5,377836
Fist of Legend,1994,"Action,Drama",7.5,26814
Legends of the Fall,1994,"Drama,Romance,War",7.5,200386
Quiz Show,1994,"Biography,Drama,History",7.5,77939
Drunken Master II,1994,"Action,Comedy",7.5,51758
Dead Man,1995,"Adventure,Drama,Western",7.5,109317
Dead Man Walking,1995,"Crime,Drama",7.5,108524
Fallen Angels,1995,"Comedy,Crime,Drama",7.5,59941
Leaving Las Vegas,1995,"Drama,Romance",7.5,145742
Living in Oblivion,1995,"Comedy,Drama",7.5,21773
Memories,1995,"Animation,Drama,Horror",7.5,26158
Sleepers,1996,"Crime,Drama,Thriller",7.5,253710
A Time to Kill,1996,"Crime,Drama,Thriller",7.5,208536
Contact,1997,"Drama,Mystery,Sci-Fi",7.5,314573
Dark City,1998,"Fantasy,Mystery,Sci-Fi",7.5,226917
The Devil's Advocate,1997,"Drama,Fantasy,Mystery",7.5,447092
Funny Games,1997,"Crime,Drama,Horror",7.5,97800
Jackie Brown,1997,"Crime,Drama,Thriller",7.5,405345
Songs from the Second Floor,2000,"Comedy,Drama",7.5,21587
A Simple Plan,1998,"Crime,Drama,Thriller",7.5,84107
Eyes Wide Shut,1999,"Drama,Mystery,Thriller",7.5,431494
Pleasantville,1998,"Comedy,Drama,Fantasy",7.5,144237
Cure,1997,"Crime,Horror,Mystery",7.5,38971
Show Me Love,1998,"Comedy,Drama,Romance",7.5,58066
Dil Se..,1998,"Drama,Romance",7.5,33558
Ghost Dog: The Way of the Samurai,1999,"Crime,Drama",7.5,102969
Interstate 60,2002,"Adventure,Comedy,Drama",7.5,41106
Boys Don't Cry,1999,"Biography,Crime,Drama",7.5,107849
Kuch Kuch Hota Hai,1998,"Comedy,Drama,Musical",7.5,62948
Traffic,2000,"Crime,Drama,Thriller",7.5,230818
Erin Brockovich,2000,"Biography,Drama",7.5,247250
Moulin Rouge!,2001,"Drama,Musical,Romance",7.5,315097
You Can Count on Me,2000,Drama,7.5,33477
Enemy at the Gates,2001,"Action,Drama,War",7.5,293922
Gangs of New York,2002,"Crime,Drama",7.5,506947
Best in Show,2000,Comedy,7.5,75783
Blow,2001,"Biography,Crime,Drama",7.5,287849
Flickering Lights,2000,"Action,Comedy,Crime",7.5,27006
The Man Who Wasn't There,2001,"Crime,Drama",7.5,120676
Kabhi Khushi Kabhie Gham...,2001,"Drama,Musical,Romance",7.5,63213
Battle Royale,2000,"Action,Drama,Thriller",7.5,207680
Ice Age,2002,"Adventure,Animation,Comedy",7.5,566600
The Hours,2002,"Drama,Romance",7.5,147391
28 Days Later,2002,"Drama,Horror,Sci-Fi",7.5,549751
The Life of David Gale,2003,"Crime,Drama,Mystery",7.5,132685
Harry Potter and the Chamber of Secrets,2002,"Adventure,Family,Fantasy",7.5,768387
Whale Rider,2002,"Drama,Family",7.5,44383
Sympathy for Mr. Vengeance,2002,"Crime,Drama,Thriller",7.5,82052
Master and Commander: The Far Side of the World,2003,"Action,Adventure,Drama",7.5,256968
Wallace & Gromit: The Curse of the Were-Rabbit,2005,"Adventure,Animation,Comedy",7.5,157771
Love Actually,2003,"Comedy,Drama,Romance",7.5,581419
House of Sand and Fog,2003,"Crime,Drama",7.5,75959
Spider-Man 2,2004,"Action,Adventure,Sci-Fi",7.5,788001
Secondhand Lions,2003,"Comedy,Drama,Family",7.5,66172
The Barbarian Invasions,2003,"Comedy,Crime,Drama",7.5,30951
The Aviator,2004,"Biography,Drama",7.5,409748
Distant,2002,"Comedy,Drama",7.5,24749
Miracle,2004,"Biography,Drama,History",7.5,63713
Tell No One,2006,"Crime,Drama,Mystery",7.5,61448
Love Me If You Dare,2003,"Comedy,Drama,Romance",7.5,74415
Collateral,2004,"Action,Crime,Drama",7.5,469190
Harry Potter and the Order of the Phoenix,2007,"Adventure,Family,Fantasy",7.5,702933
Sideways,2004,"Comedy,Drama,Romance",7.5,217426
"Synecdoche, New York",2008,Drama,7.5,105135
House of Flying Daggers,2004,"Action,Adventure,Drama",7.5,119920
Perfume: The Story of a Murderer,2006,"Crime,Drama,Fantasy",7.5,279599
Little Children,2006,"Drama,Romance",7.5,122060
Munich,2005,"Drama,History,Thriller",7.5,254175
Dead Man's Shoes,2004,"Crime,Drama,Thriller",7.5,63364
The Kite Runner,2007,Drama,7.5,85338
Stranger Than Fiction,2006,"Comedy,Drama,Fantasy",7.5,245795
The Great Debaters,2007,"Biography,Drama,Romance",7.5,66565
Thank You for Smoking,2005,"Comedy,Drama",7.5,236012
The Namesake,2006,Drama,7.5,23002
The Illusionist,2006,"Drama,Fantasy,Mystery",7.5,405184
The Assassination of Jesse James by the Coward Robert Ford,2007,"Biography,Crime,Drama",7.5,204811
Scott Pilgrim vs. the World,2010,"Action,Comedy,Fantasy",7.5,497711
Jodhaa Akbar,2008,"Action,Drama,History",7.5,36656
La Vie En Rose,2007,"Biography,Drama,Music",7.5,94211
Sympathy for Lady Vengeance,2005,"Crime,Drama,Thriller",7.5,93622
42,2013,"Biography,Drama,Sport",7.5,109038
A Bittersweet Life,2005,"Action,Crime,Drama",7.5,47442
The Wind That Shakes the Barley,2006,"Drama,War",7.5,59230
Grindhouse,2007,"Horror,Thriller",7.5,197147
The Secret of Kells,2009,"Adventure,Animation,Family",7.5,40962
Away from Her,2006,Drama,7.5,23817
Golmaal: Fun Unlimited,2006,"Action,Comedy,Drama",7.5,21675
Death Note,2006,"Crime,Drama,Fantasy",7.5,33403
"Lust, Caution",2007,"Drama,History,Romance",7.5,47948
The Counterfeiters,2007,"Crime,Drama,History",7.5,48643
The Book Thief,2013,"Drama,War",7.5,147893
Superman II: The Richard Donner Cut,2006,"Action,Adventure,Romance",7.5,21642
The Town,2010,"Crime,Drama,Thriller",7.5,448969
Doubt,2008,"Drama,Mystery",7.5,147840
Evangelion: 1.0 You Are (Not) Alone,2007,"Action,Animation,Drama",7.5,31799
Source Code,2011,"Action,Drama,Mystery",7.5,584033
Hugo,2011,"Adventure,Drama,Family",7.5,349955
Hunger,2008,"Biography,Crime,Drama",7.5,76645
Sherlock Holmes,2009,"Action,Adventure,Mystery",7.5,707752
Bhool Bhulaiyaa,2007,"Comedy,Horror,Mystery",7.5,38864
Selma,2014,"Biography,Drama,History",7.5,99336
The Girl with the Needle,2024,"Crime,Drama,History",7.5,20414
The Class,2008,Drama,7.5,37541
Ponniyin Selvan: Part I,2022,"Action,Drama",7.5,38607
Boy A,2007,Drama,7.5,40109
Lone Survivor,2013,"Action,Adventure,Biography",7.5,324691
Boiling Point,2021,"Drama,Thriller",7.5,56831
Sin Nombre,2009,"Adventure,Crime,Drama",7.5,35068
Zombieland,2009,"Action,Comedy,Horror",7.5,669540
Riders of Justice,2020,"Action,Comedy,Drama",7.5,76317
A Hero,2021,Drama,7.5,33265
Furiosa: A Mad Max Saga,2024,"Action,Adventure,Sci-Fi",7.5,322180
Tyrannosaur,2011,Drama,7.5,35470
Doctor Strange,2016,"Action,Adventure,Fantasy",7.5,882874
The Damned United,2009,"Biography,Drama,Sport",7.5,48505
Mesrine: Killer Instinct,2008,"Action,Biography,Crime",7.5,36692
A Royal Affair,2012,"Biography,Drama,History",7.5,54186
One Life,2023,"Biography,Drama,History",7.5,40654
Red Cliff II,2009,"Action,Adventure,Drama",7.5,26548
Ip Man 2,2010,"Action,Biography,Drama",7.5,117004
Drive My Car,2021,Drama,7.5,77146
The Flowers of War,2011,"Drama,History,Romance",7.5,58492
The Fabelmans,2022,"Biography,Drama",7.5,135607
Better Man,2024,"Animation,Biography,Fantasy",7.5,46283
Disconnect,2012,"Crime,Drama,Mystery",7.5,80345
Rocket Singh: Salesman of the Year,2009,"Comedy,Drama",7.5,25106
13 Assassins,2010,"Action,Adventure,Drama",7.5,71934
The Conjuring,2013,"Horror,Mystery,Thriller",7.5,625283
Tucker and Dale vs Evil,2010,"Comedy,Horror",7.5,209748
Redline,2009,"Action,Animation,Sci-Fi",7.5,21172
The Greatest Showman,2017,"Biography,Drama,Musical",7.5,349104
The Beasts,2022,"Drama,Thriller",7.5,25873
No Other Choice,2025,"Comedy,Crime,Drama",7.5,66914
127 Hours,2010,"Biography,Drama",7.5,425411
Boy,2010,"Comedy,Drama",7.5,31663
Chup,2022,"Drama,Horror,Mystery",7.5,27648
OMG 2,2023,"Comedy,Drama",7.5,47652
Headhunters,2011,"Action,Crime,Thriller",7.5,111760
Avatar: The Way of Water,2022,"Action,Adventure,Animation",7.5,630561
The Impossible,2012,"Drama,History,Thriller",7.5,263824
Les Misérables,2012,"Drama,Musical,Romance",7.5,362891
Wallace & Gromit: Vengeance Most Fowl,2024,"Adventure,Animation,Comedy",7.5,41893
Nimona,2023,"Action,Adventure,Animation",7.5,62501
The Hunger Games: Catching Fire,2013,"Action,Adventure,Romance",7.5,776114
Monsieur Lazhar,2011,"Comedy,Drama",7.5,21904
The Iron Claw,2023,"Biography,Drama,Sport",7.5,120065
Saving Mr. Banks,2013,"Biography,Comedy,Drama",7.5,175930
Inside Out 2,2024,"Adventure,Animation,Comedy",7.5,253372
Wadjda,2012,"Comedy,Drama",7.5,22482
Fruitvale Station,2013,"Biography,Crime,Drama",7.5,92261
American Fiction,2023,"Comedy,Drama",7.5,149755
Nr. 24,2024,"Biography,Drama,War",7.5,20502
Instructions Not Included,2013,"Comedy,Drama",7.5,34561
Brooklyn,2015,"Drama,Romance",7.5,158826
The Mountain,2012,"Adventure,Drama,Thriller",7.5,26098
Free Fall,2013,"Drama,Romance",7.5,24562
Jolly LLB,2013,"Comedy,Crime,Drama",7.5,25376
New World,2013,"Action,Crime,Drama",7.5,28926
Checkmate,2023,"Action,Comedy",7.5,24769
John Wick,2014,"Action,Crime,Thriller",7.5,831252
Train Dreams,2025,Drama,7.5,109030
The Seed of the Sacred Fig,2024,"Crime,Drama,Thriller",7.5,20531
Still Alice,2014,Drama,7.5,150922
Incredibles 2,2018,"Action,Adventure,Animation",7.5,372439
Remember,2015,"Drama,Mystery,Thriller",7.5,29876
Baby Driver,2017,"Action,Crime,Drama",7.5,687187
Victoria,2015,"Crime,Drama,Romance",7.5,67367
Miss Sloane,2016,Drama,7.5,89072
The Mauritanian,2021,"Biography,Drama,Thriller",7.5,72173
The Favourite,2018,"Biography,Comedy,Drama",7.5,259400
"Love, Simon",2018,"Comedy,Drama,Romance",7.5,134735
Young Woman and the Sea,2024,"Biography,Drama,Romance",7.5,20208
The Big Sick,2017,"Comedy,Drama,Romance",7.5,150769
Killers of the Flower Moon,2023,"Crime,Drama,History",7.5,308954
"I, Tonya",2017,"Biography,Comedy,Drama",7.5,262114
The Hate U Give,2018,"Crime,Drama",7.5,43836
On Body and Soul,2017,"Drama,Fantasy,Mystery",7.5,31615
Mersal,2017,"Action,Crime,Fantasy",7.5,42261
Cold War,2018,"Drama,Music,Romance",7.5,65639
The Guilty,2018,"Crime,Drama,Thriller",7.5,69409
BlacKkKlansman,2018,"Biography,Comedy,Crime",7.5,315320
'83,2021,"Drama,History,Sport",7.5,43121
Stree,2018,"Comedy,Horror",7.5,48034
Tanhaji: The Unsung Warrior,2020,"Action,Biography,Drama",7.5,38736
Pain and Glory,2019,Drama,7.5,67328
A Dog's Journey,2019,"Adventure,Comedy,Drama",7.5,33005
The Farewell,2019,"Comedy,Drama",7.5,75793
Waves,2019,"Drama,Romance,Sport",7.5,38533
"tick, tick... BOOM!",2021,"Biography,Comedy,Drama",7.5,129108
King Richard,2021,"Biography,Drama,Sport",7.5,186106
Promising Young Woman,2020,"Crime,Drama,Mystery",7.5,256698
I Lost My Body,2019,"Animation,Drama,Fantasy",7.5,38810
Vampyr,1932,"Fantasy,Horror",7.4,22887
Foreign Correspondent,1940,"Action,Drama,Romance",7.4,26129
Pinocchio,1940,"Adventure,Animation,Comedy",7.4,173030
The Postman Always Rings Twice,1946,"Crime,Drama,Film-Noir",7.4,24889
Fort Apache,1948,"Drama,Western",7.4,21422
Adam's Rib,1949,"Comedy,Romance",7.4,24523
To Catch a Thief,1955,"Drama,Mystery,Romance",7.4,86958
The King and I,1956,"Biography,Drama,Musical",7.4,29599
The Man Who Knew Too Much,1956,"Crime,Drama,Mystery",7.4,76321
An Affair to Remember,1957,"Drama,Romance",7.4,35813
The Wrong Man,1956,"Drama,Film-Noir",7.4,34755
Pillow Talk,1959,"Comedy,Romance",7.4,21063
Shoot the Piano Player,1960,"Crime,Drama,Thriller",7.4,21931
Knife in the Water,1962,"Drama,Thriller",7.4,25206
The Haunting,1963,Horror,7.4,44686
Contempt,1963,"Drama,Romance",7.4,39264
Pierrot le Fou,1965,"Crime,Drama,Romance",7.4,40235
Blow-Up,1966,"Drama,Mystery,Thriller",7.4,72844
Bullitt,1968,"Action,Crime,Thriller",7.4,81042
Funny Girl,1968,"Biography,Comedy,Drama",7.4,27476
Oliver!,1968,"Drama,Family,Musical",7.4,44495
The Party,1968,"Comedy,Romance",7.4,47241
Yellow Submarine,1968,"Adventure,Animation,Comedy",7.4,29924
If....,1968,"Crime,Drama",7.4,26512
True Grit,1969,"Adventure,Drama,Western",7.4,54082
They Call Me Trinity,1970,"Comedy,Western",7.4,28370
Straw Dogs,1971,"Crime,Drama,Thriller",7.4,68415
Frenzy,1972,"Drama,Thriller",7.4,53471
High Plains Drifter,1973,"Drama,Western",7.4,73475
American Graffiti,1973,"Comedy,Drama",7.4,105786
Jesus Christ Superstar,1973,"Drama,History,Musical",7.4,32767
Bring Me the Head of Alfredo Garcia,1974,"Action,Crime,Drama",7.4,23383
The Texas Chain Saw Massacre,1974,Horror,7.4,213068
Picnic at Hanging Rock,1975,"Drama,Mystery",7.4,45980
The Passenger,1975,"Drama,Thriller",7.4,28847
The Rocky Horror Picture Show,1975,"Comedy,Horror,Musical",7.4,184282
Three Days of the Condor,1975,"Crime,Mystery,Thriller",7.4,69376
Carrie,1976,Horror,7.4,229158
Cross of Iron,1977,"Drama,War",7.4,31677
Marathon Man,1976,"Crime,Drama,Thriller",7.4,75756
The American Friend,1977,"Crime,Drama,Mystery",7.4,21302
A Bridge Too Far,1977,"Drama,History,War",7.4,67892
The Duellists,1977,"Drama,War",7.4,28568
Invasion of the Body Snatchers,1978,"Horror,Sci-Fi",7.4,82005
National Lampoon's Animal House,1978,Comedy,7.4,136003
Superman,1978,"Action,Adventure,Sci-Fi",7.4,207108
And Justice for All,1979,"Crime,Drama,Thriller",7.4,45774
The Tin Drum,1979,"Drama,War",7.4,27961
The China Syndrome,1979,"Drama,Thriller",7.4,35954
Drunken Master,1978,"Action,Comedy",7.4,47896
Blow Out,1981,"Crime,Drama,Mystery",7.4,76658
Body Heat,1981,"Crime,Drama,Romance",7.4,44171
Gallipoli,1981,"Adventure,Drama,History",7.4,44747
Thief,1981,"Action,Crime,Drama",7.4,50355
Tootsie,1982,"Comedy,Drama,Romance",7.4,122798
Terms of Endearment,1983,"Comedy,Drama",7.4,70820
Beverly Hills Cop,1984,"Action,Comedy,Crime",7.4,232975
Broadway Danny Rose,1984,Comedy,7.4,28246
The Natural,1984,"Drama,Sport",7.4,57847
A Nightmare on Elm Street,1984,Horror,7.4,291959
Stranger Than Paradise,1984,"Comedy,Drama",7.4,43389
Hoosiers,1986,"Drama,Sport",7.4,57210
The Mission,1986,"Adventure,Drama,History",7.4,69833
A Better Tomorrow,1986,"Action,Crime,Drama",7.4,29101
Radio Days,1987,Comedy,7.4,38898
Beetlejuice,1988,"Comedy,Fantasy",7.4,419383
Dirty Rotten Scoundrels,1988,"Comedy,Crime",7.4,86662
The Land Before Time,1988,"Adventure,Animation,Drama",7.4,107619
Lean on Me,1989,"Biography,Drama",7.4,24780
Jacob's Ladder,1990,"Drama,Horror,Mystery",7.4,129747
Days of Being Wild,1990,"Crime,Drama,Romance",7.4,28628
Braindead,1992,"Comedy,Fantasy,Horror",7.4,110043
Dracula,1992,"Fantasy,Horror,Romance",7.4,268694
Man Bites Dog,1992,"Comedy,Crime,Drama",7.4,45074
A League of Their Own,1992,"Comedy,Drama,Sport",7.4,130709
Of Mice and Men,1992,"Drama,Western",7.4,51426
Army of Darkness,1992,"Comedy,Horror",7.4,209233
Sonatine,1993,"Action,Comedy,Crime",7.4,24142
What's Love Got to Do with It,1993,"Biography,Drama,Music",7.4,25689
Bullets Over Broadway,1994,"Comedy,Crime",7.4,43219
Dolores Claiborne,1995,"Crime,Drama,Mystery",7.4,53351
Immortal Beloved,1994,"Biography,Drama,Music",7.4,27628
Queen Margot,1994,"Biography,Drama,History",7.4,20368
The City of Lost Children,1995,"Adventure,Drama,Fantasy",7.4,75012
Crimson Tide,1995,"Action,Drama,Thriller",7.4,136691
Mr. Holland's Opus,1995,"Drama,Music",7.4,44256
Smoke,1995,"Comedy,Drama",7.4,38806
The English Patient,1996,"Drama,Romance,War",7.4,214079
Lone Star,1996,"Drama,Mystery,Western",7.4,35915
The Rock,1996,"Action,Adventure,Thriller",7.4,381544
Scream,1996,"Horror,Mystery",7.4,448117
Thesis,1996,"Crime,Horror,Mystery",7.4,46674
Waiting for Guffman,1996,Comedy,7.4,33883
Buffalo '66,1998,"Comedy,Drama,Romance",7.4,66848
Les Misérables,1998,"Crime,Drama,Romance",7.4,44545
The Sweet Hereafter,1997,Drama,7.4,36999
Fear and Loathing in Las Vegas,1998,"Adventure,Comedy,Drama",7.4,319960
The Emperor's New Groove,2000,"Adventure,Animation,Comedy",7.4,250017
Corpse Bride,2005,"Animation,Comedy,Drama",7.4,329183
The Cider House Rules,1999,"Drama,Romance",7.4,109686
Man on the Moon,1999,"Biography,Comedy,Drama",7.4,143651
Elizabeth,1998,"Biography,Drama,History",7.4,110423
The Talented Mr. Ripley,1999,"Crime,Drama,Thriller",7.4,272928
Spider-Man,2002,"Action,Adventure,Sci-Fi",7.4,971529
High Fidelity,2000,"Comedy,Drama,Music",7.4,199460
10 Things I Hate About You,1999,"Comedy,Drama,Romance",7.4,453252
Straight from the Heart,1999,"Comedy,Drama,Musical",7.4,21069
Following,1998,"Crime,Mystery,Thriller",7.4,110931
Galaxy Quest,1999,"Adventure,Comedy,Sci-Fi",7.4,192138
Frequency,2000,"Crime,Drama,Mystery",7.4,123972
Together,2000,"Comedy,Drama,Romance",7.4,24273
2046,2004,"Drama,Romance,Sci-Fi",7.4,64616
Malena,2000,"Drama,Romance,War",7.4,125266
In the Bedroom,2001,"Crime,Drama",7.4,44449
Rabbit-Proof Fence,2002,"Adventure,Biography,Drama",7.4,31698
K-PAX,2001,"Drama,Mystery,Sci-Fi",7.4,203152
Bad Education,2004,"Crime,Drama",7.4,66097
Lilo & Stitch,2002,"Adventure,Animation,Comedy",7.4,244805
X2: X-Men United,2003,"Action,Sci-Fi,Thriller",7.4,611651
Shrek 2,2004,"Adventure,Animation,Comedy",7.4,557587
American Splendor,2003,"Biography,Comedy,Drama",7.4,54813
My Life Without Me,2003,"Drama,Romance",7.4,26643
Open Range,2003,"Action,Drama,Romance",7.4,84782
Garden State,2004,"Comedy,Drama,Romance",7.4,228028
Ghost in the Shell 2: Innocence,2004,"Animation,Drama,Mystery",7.4,42761
The Terminal,2004,"Comedy,Drama,Romance",7.4,537292
The Blind Swordsman: Zatoichi,2003,"Action,Comedy,Crime",7.4,53346
Kiss Kiss Bang Bang,2005,"Comedy,Crime,Mystery",7.4,250079
Pirates of the Caribbean: Dead Man's Chest,2006,"Action,Adventure,Fantasy",7.4,828726
Green Street Hooligans,2005,"Crime,Drama,Sport",7.4,171744
The Greatest Game Ever Played,2005,"Biography,Drama,Sport",7.4,36148
Maria Full of Grace,2004,"Crime,Drama",7.4,37646
Coach Carter,2005,"Biography,Drama,Sport",7.4,193417
The Consequences of Love,2004,"Crime,Drama,Romance",7.4,20722
A History of Violence,2005,"Action,Crime,Drama",7.4,274406
Everything Is Illuminated,2005,"Comedy,Drama",7.4,61466
The Edukators,2004,"Drama,Romance",7.4,33098
Mesrine: Public Enemy No. 1,2008,"Action,Biography,Crime",7.4,32473
Little Manhattan,2005,"Comedy,Family,Romance",7.4,25999
Phir Hera Pheri,2006,"Comedy,Crime",7.4,32281
August Rush,2007,"Drama,Music",7.4,114856
"Good Night, and Good Luck.",2005,"Biography,Drama,History",7.4,105380
Akeelah and the Bee,2006,"Drama,Family",7.4,22850
Borat,2006,Comedy,7.4,479101
Paradise Now,2005,"Crime,Drama,Thriller",7.4,24902
The Painted Veil,2006,"Drama,Romance",7.4,100179
Babel,2006,Drama,7.4,329559
Amazing Grace,2006,"Biography,Drama,History",7.4,26535
The Child,2005,"Crime,Drama,Romance",7.4,20148
The Orphanage,2007,"Drama,Horror,Mystery",7.4,170862
Notes on a Scandal,2006,"Crime,Drama,Romance",7.4,89447
Juno,2007,"Comedy,Drama",7.4,573035
Magic Carpet Ride,2005,"Comedy,Crime",7.4,37629
Jaane Tu... Ya Jaane Na,2008,"Comedy,Drama,Romance",7.4,29544
Reign Over Me,2007,Drama,7.4,104694
The Illusionist,2010,"Animation,Drama",7.4,37720
The Magician,2006,"Comedy,Drama",7.4,36652
Love & Mercy,2014,"Biography,Drama,Music",7.4,45692
5 Centimeters per Second,2007,"Animation,Drama,Family",7.4,71330
REC,2007,"Horror,Mystery,Thriller",7.4,217747
Master,2021,"Action,Crime,Drama",7.4,91078
Minari,2020,Drama,7.4,126434
Entergalactic,2022,"Animation,Comedy,Music",7.4,20901
Felon,2008,"Action,Drama,Thriller",7.4,88054
Doctor,2021,"Action,Comedy,Crime",7.4,21867
Biutiful,2010,"Drama,Romance",7.4,98115
Ghajini,2008,"Action,Mystery,Thriller",7.4,72327
Downton Abbey: A New Era,2022,"Drama,Romance",7.4,38879
Black Dynamite,2009,"Action,Comedy",7.4,54537
Up in the Air,2009,"Comedy,Drama,Romance",7.4,361331
Law Abiding Citizen,2009,"Action,Crime,Drama",7.4,346148
Limitless,2011,"Sci-Fi,Thriller",7.4,650015
In the Loop,2009,Comedy,7.4,64320
Beautiful Boy,2018,"Biography,Drama",7.4,129839
Mission: Impossible - Ghost Protocol,2011,"Action,Adventure,Thriller",7.4,566437
Bugonia,2025,"Comedy,Crime,Sci-Fi",7.4,201626
We Need to Talk About Kevin,2011,"Drama,Mystery,Thriller",7.4,181988
Tetris,2023,"Biography,Drama,History",7.4,108306
Looper,2012,"Action,Drama,Sci-Fi",7.4,629454
Luca,2021,"Adventure,Animation,Comedy",7.4,224378
A.R.O.G,2008,"Comedy,Sci-Fi",7.4,49167
Frankenstein,2025,"Drama,Fantasy,Horror",7.4,321286
King of Devil's Island,2010,Drama,7.4,20757
Once Upon a Time in Mumbaai,2010,"Action,Crime,Drama",7.4,21271
KPop Demon Hunters,2025,"Action,Adventure,Animation",7.4,136905
Another Year,2010,"Comedy,Drama",7.4,32249
Guzaarish,2010,"Drama,Romance",7.4,20902
Tár,2022,"Drama,Music",7.4,109952
Summer Wars,2009,"Action,Adventure,Animation",7.4,34213
"Monica, O My Darling",2022,"Comedy,Crime,Drama",7.4,24206
Sherlock Holmes: A Game of Shadows,2011,"Action,Adventure,Mystery",7.4,503043
Yahsi Bati - The Ottoman Cowboys,2009,"Adventure,Comedy,History",7.4,41394
Air,2023,"Drama,Sport",7.4,196055
Hunting Season,2010,"Crime,Drama,Mystery",7.4,39559
Ready Player One,2018,"Action,Adventure,Sci-Fi",7.4,544461
The Way Way Back,2013,"Comedy,Drama",7.4,164262
Zero Dark Thirty,2012,"Drama,History,Thriller",7.4,342141
From Up on Poppy Hill,2011,"Animation,Comedy,Drama",7.4,59712
Rudderless,2014,"Comedy,Drama,Music",7.4,20179
Losers' Club,2011,"Drama,Romance",7.4,27049
To Strike,2013,"Action,Crime,Drama",7.4,30017
The Kid with a Bike,2011,Drama,7.4,29556
The Judge,2014,"Crime,Drama,Mystery",7.4,219747
What Maisie Knew,2012,Drama,7.4,29438
The Taste of Things,2023,"Drama,History,Romance",7.4,21170
Rurouni Kenshin Part I: Origins,2012,"Action,Adventure,Drama",7.4,31427
Begin Again,2013,"Comedy,Drama,Music",7.4,176925
Conclave,2024,"Drama,Thriller",7.4,276493
Rust and Bone,2012,"Drama,Romance",7.4,73064
No,2012,"Drama,History",7.4,27199
"McFarland, USA",2015,"Biography,Drama,Sport",7.4,46614
Calvary,2014,"Crime,Drama,Mystery",7.4,68117
Spider-Man: Homecoming,2017,"Action,Adventure,Sci-Fi",7.4,801889
Frozen,2013,"Adventure,Animation,Comedy",7.4,715424
The Hobbit: The Battle of the Five Armies,2014,"Adventure,Fantasy",7.4,619679
Frances Ha,2012,"Comedy,Drama,Romance",7.4,102717
Mission: Impossible - Rogue Nation,2015,"Action,Adventure,Thriller",7.4,447053
How to Train Your Dragon: The Hidden World,2019,"Action,Adventure,Animation",7.4,180289
Mudbound,2017,"Drama,War",7.4,57691
Predestination,2014,"Action,Drama,Sci-Fi",7.4,336064
The Garden of Words,2013,"Animation,Drama,Romance",7.4,60747
The Good Lie,2014,"Biography,Drama",7.4,35820
Weapons,2025,"Horror,Mystery",7.4,371338
The Teachers' Lounge,2023,"Drama,Thriller",7.4,30886
Me Before You,2016,"Drama,Romance",7.4,337369
Ida,2013,Drama,7.4,63290
The Ballad of Wallis Island,2025,"Comedy,Drama,Music",7.4,24512
Kill,2023,"Action,Crime,Drama",7.4,46957
Anora,2024,"Comedy,Drama,Romance",7.4,290542
Nuremberg,2025,"Biography,Drama,History",7.4,101144
Who Am I,2014,"Crime,Drama,Mystery",7.4,67046
Tamasha,2015,"Comedy,Drama,Romance",7.4,36482
Trumbo,2015,"Biography,Drama",7.4,87728
War for the Planet of the Apes,2017,"Action,Adventure,Animation",7.4,327716
Predator: Killer of Killers,2025,"Action,Adventure,Animation",7.4,61469
It Was Just an Accident,2025,"Crime,Drama,Mystery",7.4,36342
Badlapur,2015,"Action,Crime,Drama",7.4,28816
The Nice Guys,2016,"Action,Comedy,Crime",7.4,418370
Suburra,2015,"Action,Crime,Drama",7.4,23239
Molly's Game,2017,"Biography,Crime,Drama",7.4,204349
Lady Bird,2017,"Comedy,Drama",7.4,365069
Ordinary Angels,2024,"Biography,Drama",7.4,20785
The Wailing,2016,"Drama,Horror",7.4,99953
Aquarius,2016,Drama,7.4,22182
Mid90s,2018,"Comedy,Drama",7.4,88588
Uncut Gems,2019,"Crime,Drama,Thriller",7.4,357986
Phantom Thread,2017,"Drama,Romance",7.4,162693
John Wick: Chapter 3 - Parabellum,2019,"Action,Crime,Thriller",7.4,482469
The Rider,2017,"Drama,Western",7.4,22203
Kesari,2019,"Action,Drama,History",7.4,26296
Downton Abbey,2019,"Drama,Romance",7.4,71588
Mirage,2018,"Drama,Fantasy,Mystery",7.4,71744
Journal 64,2018,"Crime,Mystery,Thriller",7.4,22353
Forgotten,2017,"Crime,Mystery,Thriller",7.4,62233
Onward,2020,"Adventure,Animation,Comedy",7.4,186920
Blindspotting,2018,"Comedy,Crime,Drama",7.4,34342
Burning,2018,"Drama,Mystery,Thriller",7.4,86314
Raid,2018,"Crime,Drama,Thriller",7.4,23845
Nobody,2021,"Action,Crime,Drama",7.4,396341
The Lighthouse,2019,"Drama,Fantasy,Horror",7.4,303862
The Swimmers,2022,"Biography,Drama,Sport",7.4,40624
Jhund,2022,"Biography,Drama,Sport",7.4,26231
La belle époque,2019,"Comedy,Drama,Fantasy",7.4,21917
Mortal Kombat Legends: Scorpion's Revenge,2020,"Action,Adventure,Animation",7.4,21333
Judas and the Black Messiah,2021,"Biography,Crime,Drama",7.4,115495
Dracula,1931,"Drama,Fantasy,Horror",7.3,64933
Grand Hotel,1932,"Drama,Romance",7.3,22748
Bambi,1942,"Adventure,Animation,Drama",7.3,165650
Detour,1945,"Crime,Drama,Film-Noir",7.3,22164
The Stranger,1946,"Crime,Drama,Film-Noir",7.3,30967
Abbott and Costello Meet Frankenstein,1948,"Comedy,Family,Fantasy",7.3,20417
Cinderella,1950,"Animation,Family,Fantasy",7.3,187756
Alice in Wonderland,1951,"Adventure,Animation,Comedy",7.3,167205
Monsieur Hulot's Holiday,1953,Comedy,7.3,22000
Seven Brides for Seven Brothers,1954,"Comedy,Musical,Romance",7.3,28120
Lady and the Tramp,1955,"Adventure,Animation,Comedy",7.3,162350
Moby Dick,1956,"Adventure,Drama",7.3,23076
Village of the Damned,1960,"Horror,Sci-Fi",7.3,21409
One Hundred and One Dalmatians,1961,"Adventure,Animation,Comedy",7.3,197226
A Woman Is a Woman,1961,"Comedy,Drama,Romance",7.3,20522
From Russia with Love,1963,"Action,Adventure,Thriller",7.3,159435
Irma la Douce,1963,"Comedy,Romance",7.3,24279
Jason and the Argonauts,1963,"Action,Adventure,Family",7.3,34692
A Shot in the Dark,1964,"Comedy,Crime,Mystery",7.3,34135
The Professionals,1966,"Action,Adventure,Drama",7.3,20921
Five Easy Pieces,1970,Drama,7.3,44580
M*A*S*H,1970,"Comedy,Drama,War",7.3,83024
Get Carter,1971,"Crime,Thriller",7.3,38836
Death in Venice,1971,"Drama,Romance",7.3,24996
The Getaway,1972,"Action,Crime,Thriller",7.3,37522
My Name Is Nobody,1973,"Comedy,Western",7.3,30999
Alice Doesn't Live Here Anymore,1974,"Drama,Romance",7.3,30112
Phantom of the Paradise,1974,"Comedy,Drama,Fantasy",7.3,26171
Assault on Precinct 13,1976,"Action,Crime,Thriller",7.3,61189
The Bad News Bears,1976,"Comedy,Drama,Family",7.3,27597
Suspiria,1977,Horror,7.3,115518
Death on the Nile,1978,"Crime,Drama,Mystery",7.3,44661
Nosferatu the Vampyre,1979,"Drama,Horror",7.3,49508
Rocky II,1979,"Drama,Sport",7.3,250791
The Gods Must Be Crazy,1980,"Adventure,Comedy",7.3,63234
Excalibur,1981,"Adventure,Drama,Fantasy",7.3,73788
Quest for Fire,1981,"Adventure,Drama",7.3,26523
Reds,1981,"Biography,Drama,History",7.3,26852
The Evil Dead,1981,Horror,7.3,252345
The Last Unicorn,1982,"Adventure,Animation,Drama",7.3,33285
Poltergeist,1982,"Horror,Thriller",7.3,195470
Local Hero,1983,"Comedy,Drama",7.3,29864
National Lampoon's Vacation,1983,"Adventure,Comedy",7.3,128717
Gremlins,1984,"Comedy,Fantasy,Horror",7.3,275226
The Karate Kid,1984,"Action,Drama,Family",7.3,272236
A Passage to India,1984,"Adventure,Drama,History",7.3,23245
The NeverEnding Story,1984,"Adventure,Drama,Family",7.3,170958
Clue,1985,"Comedy,Crime,Mystery",7.3,123497
Pale Rider,1985,"Drama,Western",7.3,71105
The Return of the Living Dead,1985,"Comedy,Horror,Sci-Fi",7.3,77766
To Live and Die in L.A.,1985,"Action,Crime,Drama",7.3,48388
Witness,1985,"Crime,Drama,Romance",7.3,114418
Betty Blue,1986,"Drama,Romance",7.3,23994
Labyrinth,1986,"Adventure,Family,Fantasy",7.3,165209
Salvador,1986,"Drama,History,Thriller",7.3,25398
Star Trek IV: The Voyage Home,1986,"Adventure,Comedy,Sci-Fi",7.3,96910
Broadcast News,1987,"Comedy,Drama,Romance",7.3,36869
"Good Morning, Vietnam",1987,"Biography,Comedy,Drama",7.3,165950
Raising Arizona,1987,"Comedy,Crime",7.3,161255
Stand and Deliver,1988,"Biography,Drama",7.3,22537
Wall Street,1987,"Crime,Drama",7.3,175068
Big,1988,"Comedy,Drama,Fantasy",7.3,261300
Driving Miss Daisy,1989,"Comedy,Drama",7.3,123681
Lethal Weapon 2,1989,"Action,Crime,Thriller",7.3,201793
Major League,1989,"Comedy,Sport",7.3,83387
Say Anything,1989,"Comedy,Drama,Romance",7.3,102843
Steel Magnolias,1989,"Comedy,Drama,Romance",7.3,69676
Rosencrantz & Guildenstern Are Dead,1990,"Comedy,Drama",7.3,25811
Cape Fear,1991,"Crime,Drama,Thriller",7.3,245503
Point Break,1991,"Action,Crime,Thriller",7.3,226321
Star Trek VI: The Undiscovered Country,1991,"Action,Adventure,Sci-Fi",7.3,85366
Howards End,1992,"Drama,Romance",7.3,38785
Lorenzo's Oil,1992,"Biography,Drama",7.3,25537
Twin Peaks: Fire Walk with Me,1992,"Drama,Horror,Mystery",7.3,118578
Manhattan Murder Mystery,1993,"Comedy,Mystery",7.3,49899
Much Ado About Nothing,1993,"Comedy,Drama,Romance",7.3,55739
Searching for Bobby Fischer,1993,"Biography,Drama,Sport",7.3,44776
The Secret Garden,1993,"Drama,Family,Fantasy",7.3,47332
Shadowlands,1993,"Biography,Drama,Romance",7.3,21622
This Boy's Life,1993,"Biography,Drama",7.3,62390
Dumb and Dumber,1994,Comedy,7.3,444112
Little Women,1994,"Drama,Family,Romance",7.3,69352
Muriel's Wedding,1994,"Comedy,Drama",7.3,45497
Nobody's Fool,1994,"Comedy,Drama",7.3,24731
Speed,1994,"Action,Adventure,Thriller",7.3,423537
True Lies,1994,"Action,Comedy,Thriller",7.3,301299
The Basketball Diaries,1995,"Biography,Crime,Drama",7.3,133087
The Day of the Beast,1995,"Action,Comedy,Crime",7.3,24899
Murder in the First,1995,"Drama,Thriller",7.3,33000
Welcome to the Dollhouse,1995,"Comedy,Drama",7.3,40582
Big Night,1996,"Drama,Romance",7.3,25007
The Birdcage,1996,Comedy,7.3,116857
Bound,1996,"Crime,Thriller",7.3,67478
Jerry Maguire,1996,"Comedy,Drama,Romance",7.3,312793
The People vs. Larry Flynt,1996,"Biography,Drama",7.3,106088
Pusher,1996,"Crime,Thriller",7.3,52121
Amistad,1997,"Biography,Drama,History",7.3,88069
Live Flesh,1997,Drama,7.3,35633
Deconstructing Harry,1997,Comedy,7.3,50610
Face/Off,1997,"Action,Crime,Sci-Fi",7.3,428226
Grosse Pointe Blank,1997,"Action,Comedy,Crime",7.3,105253
Hercules,1997,"Action,Adventure,Animation",7.3,280696
The Ice Storm,1997,Drama,7.3,63822
Men in Black,1997,"Action,Adventure,Comedy",7.3,666101
Starship Troopers,1997,"Action,Adventure,Sci-Fi",7.3,347382
Dogma,1999,"Adventure,Comedy,Drama",7.3,241313
Enemy of the State,1998,"Action,Thriller",7.3,275391
Frida,2002,"Biography,Drama,Romance",7.3,101536
Gods and Monsters,1998,"Biography,Drama",7.3,34329
The Negotiator,1998,"Action,Crime,Drama",7.3,168970
Tarzan,1999,"Adventure,Animation,Comedy",7.3,269779
X-Men,2000,"Action,Adventure,Sci-Fi",7.3,693325
Rounders,1998,"Crime,Drama",7.3,171355
SLC Punk!,1998,"Comedy,Drama,Music",7.3,35782
Pi,1998,"Drama,Horror,Mystery",7.3,193133
Angela's Ashes,1999,"Biography,Drama",7.3,24510
Thirteen Days,2000,"Drama,History,Thriller",7.3,65511
Ghost World,2001,"Comedy,Drama",7.3,131126
Sleepy Hollow,1999,"Fantasy,Horror,Mystery",7.3,412840
Waking Ned Devine,1998,Comedy,7.3,29868
Antwone Fisher,2002,"Biography,Drama",7.3,40770
"Girl, Interrupted",1999,"Biography,Drama",7.3,234427
In China They Eat Dogs,1999,"Action,Comedy,Crime",7.3,24599
Finding Forrester,2000,"Drama,Sport",7.3,93617
Jin-Roh: The Wolf Brigade,1999,"Animation,Drama,Sci-Fi",7.3,21163
Sexy Beast,2000,"Crime,Drama,Thriller",7.3,76110
The Son's Room,2001,Drama,7.3,21359
Unbreakable,2000,"Drama,Mystery,Sci-Fi",7.3,468781
Equilibrium,2002,"Action,Drama,Sci-Fi",7.3,362937
Monsoon Wedding,2001,"Comedy,Drama,Romance",7.3,26657
Punch-Drunk Love,2002,"Comedy,Drama,Romance",7.3,198112
24 Hour Party People,2002,"Biography,Comedy,Drama",7.3,40541
A Walk to Remember,2002,"Drama,Romance",7.3,231650
The Spanish Apartment,2002,"Comedy,Drama,Romance",7.3,44101
Shaolin Soccer,2001,"Action,Comedy,Fantasy",7.3,97313
Irreversible,2002,"Crime,Drama,Mystery",7.3,163654
Before the Devil Knows You're Dead,2007,"Crime,Drama,Thriller",7.3,122813
Far from Heaven,2002,"Drama,Romance",7.3,51676
Identity,2003,"Mystery,Thriller",7.3,294115
Cars,2006,"Adventure,Animation,Comedy",7.3,539311
Kingdom of Heaven,2005,"Action,Adventure,Drama",7.3,355536
Seabiscuit,2003,"Drama,History,Sport",7.3,79099
Troy,2004,"Action,Adventure",7.3,618505
The Passion of the Christ,2004,Drama,7.3,274993
Monster,2003,"Biography,Crime,Drama",7.3,172213
The Secret Life of Walter Mitty,2013,"Adventure,Comedy,Drama",7.3,373263
The Squid and the Whale,2005,"Comedy,Drama",7.3,94790
Capote,2005,"Biography,Crime,Drama",7.3,149600
The Constant Gardener,2005,"Drama,Mystery,Romance",7.3,156054
Caché,2005,"Drama,Mystery,Thriller",7.3,90465
North Country,2005,Drama,7.3,47681
Pusher II,2004,"Action,Crime,Drama",7.3,29667
Eight Below,2006,"Adventure,Drama,Family",7.3,71841
Memoirs of a Geisha,2005,"Drama,Romance",7.3,173294
Running Scared,2006,"Action,Crime,Drama",7.3,107070
Transamerica,2005,"Adventure,Comedy,Drama",7.3,43323
Sweeney Todd: The Demon Barber of Fleet Street,2007,"Drama,Horror,Musical",7.3,407230
Hustle & Flow,2005,"Crime,Drama,Music",7.3,45642
The Three Burials of Melquiades Estrada,2005,"Adventure,Crime,Drama",7.3,43322
The Proposition,2005,"Crime,Drama,Western",7.3,58096
Clerks II,2006,Comedy,7.3,144625
Pusher III,2005,"Crime,Drama,Thriller",7.3,21105
Red Cliff,2008,"Action,Adventure,Drama",7.3,50482
Keith,2008,"Drama,Romance",7.3,38411
The Queen,2006,"Biography,Drama",7.3,119806
Alita: Battle Angel,2019,"Action,Adventure,Animation",7.3,324616
Lincoln,2012,"Biography,Drama,History",7.3,285430
Across the Universe,2007,"Drama,Fantasy,History",7.3,117839
Wonder Woman,2017,"Action,Adventure,Fantasy",7.3,736821
The Equalizer,2014,"Action,Crime,Thriller",7.3,467802
The Simpsons Movie,2007,"Adventure,Animation,Comedy",7.3,363955
The Ultimate Gift,2006,"Drama,Family,Romance",7.3,23271
The Baader Meinhof Complex,2008,"Action,Biography,Crime",7.3,41750
Death at a Funeral,2007,Comedy,7.3,128287
Red Dog,2011,"Biography,Comedy,Drama",7.3,21049
Lars and the Real Girl,2007,"Comedy,Drama,Romance",7.3,168367
The Bucket List,2007,"Adventure,Comedy,Drama",7.3,273191
Precious,2009,Drama,7.3,121337
Revolutionary Road,2008,"Drama,Romance",7.3,236937
The Adventures of Tintin,2011,"Action,Adventure,Animation",7.3,255787
Megamind,2010,"Action,Adventure,Animation",7.3,326878
The Way Back,2010,"Adventure,Drama,History",7.3,127774
Max Manus: Man of War,2008,"Action,Biography,Crime",7.3,31575
The Descendants,2011,"Comedy,Drama",7.3,260139
Invictus,2009,"Biography,Drama,History",7.3,174638
Ne Zha,2019,"Action,Adventure,Animation",7.3,23310
My Sister's Keeper,2009,"Drama,Family",7.3,103008
Eddie the Eagle,2015,"Adventure,Biography,Comedy",7.3,107898
C'mon C'mon,2021,Drama,7.3,42969
Paddington,2014,"Adventure,Comedy,Family",7.3,157101
She Said,2022,"Crime,Drama,History",7.3,49604
Blue Valentine,2010,"Drama,Romance",7.3,226510
Pirate Radio,2009,"Comedy,Drama,Music",7.3,120706
Uncle Frank,2020,"Comedy,Drama",7.3,24875
A Complete Unknown,2024,"Biography,Drama,Music",7.3,119034
Undisputed III: Redemption,2010,"Action,Crime,Drama",7.3,47904
City Island,2009,"Comedy,Drama",7.3,33461
The Lincoln Lawyer,2011,"Crime,Drama,Mystery",7.3,270908
Rango,2011,"Action,Adventure,Animation",7.3,320744
You're Not You,2014,Drama,7.3,28521
First Man,2018,"Biography,Drama,History",7.3,217463
Jane Eyre,2011,"Drama,Mystery,Romance",7.3,97927
The Yellow Sea,2010,"Action,Crime,Drama",7.3,24993
Fish Tank,2009,Drama,7.3,68471
Decision to Leave,2022,"Crime,Drama,Mystery",7.3,69930
Bullet Train,2022,"Action,Comedy,Thriller",7.3,539241
Wicked,2024,"Fantasy,Musical,Romance",7.3,246355
The Hand of God,2021,Drama,7.3,54587
Old Henry,2021,"Action,Drama,Western",7.3,45467
The Guernsey Literary and Potato Peel Pie Society,2018,"Drama,Romance,War",7.3,58076
The Life of Chuck,2024,"Drama,Fantasy,Sci-Fi",7.3,73932
Kung Fu Panda 2,2011,"Action,Adventure,Animation",7.3,358997
Petite Maman,2021,"Drama,Fantasy",7.3,20963
Four Lions,2010,"Comedy,Crime,Drama",7.3,91390
The Girl Who Kicked the Hornet's Nest,2009,"Crime,Drama,Mystery",7.3,77719
Cloud Atlas,2012,"Drama,Mystery,Sci-Fi",7.3,387093
It,2017,Horror,7.3,699896
Dasvi,2022,"Comedy,Drama",7.3,62690
Barney's Version,2010,"Comedy,Drama",7.3,27429
"Batman: The Long Halloween, Part One",2021,"Action,Animation,Crime",7.3,22907
Wake Up Dead Man,2025,"Comedy,Crime,Drama",7.3,247043
Cha Cha Real Smooth,2022,"Comedy,Drama",7.3,31522
The Way,2010,"Comedy,Drama",7.3,38344
La Chimera,2023,"Adventure,Comedy,Drama",7.3,22440
The Next Three Days,2010,"Action,Crime,Drama",7.3,215702
Freddy,2022,"Drama,Mystery,Romance",7.3,36710
The Guard,2011,"Comedy,Crime,Thriller",7.3,101794
Kho Gaye Hum Kahan,2023,"Comedy,Drama,Romance",7.3,31765
Fast Five,2011,"Action,Crime,Thriller",7.3,434311
Take Shelter,2011,"Drama,Thriller",7.3,115863
Despicable Me 2,2013,"Adventure,Animation,Comedy",7.3,461122
Chinese Take-Away,2011,"Comedy,Drama",7.3,20816
A Dog's Purpose,2017,"Adventure,Comedy,Drama",7.3,86753
The Hidden Face,2011,"Drama,Mystery,Thriller",7.3,49631
Talaash: The Answer Lies Within,2012,"Crime,Drama,Mystery",7.3,48761
Southpaw,2015,"Action,Drama,Sport",7.3,279585
Little Boy,2015,"Drama,History,War",7.3,25014
The Place Beyond the Pines,2012,"Crime,Drama,Thriller",7.3,310507
Bullhead,2011,"Crime,Drama",7.3,25160
Black Panther,2018,"Action,Adventure,Sci-Fi",7.3,912730
Holy Spider,2022,"Crime,Drama,Thriller",7.3,32150
The Edge of Seventeen,2016,"Comedy,Drama,Romance",7.3,151929
Flight,2012,"Drama,Thriller",7.3,398361
Mud,2012,"Adventure,Drama",7.3,200104
In the House,2012,"Drama,Mystery,Thriller",7.3,36034
Eye in the Sky,2015,"Action,Drama,Thriller",7.3,96221
Rocketman,2019,"Biography,Drama,Music",7.3,210257
The Accountant,2016,"Action,Crime,Drama",7.3,397835
Yeh Jawaani Hai Deewani,2013,"Comedy,Drama,Musical",7.3,58255
What's in a Name?,2012,"Comedy,Drama",7.3,20213
American Sniper,2014,"Action,Biography,Drama",7.3,571356
A Million Miles Away,2023,"Biography,Drama",7.3,26489
Blue Jasmine,2013,"Comedy,Drama,Romance",7.3,220253
No Time to Die,2021,"Action,Adventure,Thriller",7.3,489574
Avengers: Age of Ultron,2015,"Action,Adventure,Sci-Fi",7.3,1004621
Carol,2015,"Drama,Romance",7.3,154147
The Fundamentals of Caring,2016,"Comedy,Drama",7.3,87293
Starred Up,2013,"Crime,Drama,Thriller",7.3,51641
Zootopia 2,2025,"Adventure,Animation,Comedy",7.3,140828
Hoppers,2026,"Adventure,Animation,Comedy",7.3,64823
"Two Days, One Night",2014,Drama,7.3,52375
Bacurau,2019,"Action,Adventure,Drama",7.3,34986
Phoenix,2014,"Drama,History,Music",7.3,22156
Chhaava,2025,"Action,Drama,History",7.3,44541
Shaun the Sheep Movie,2015,"Adventure,Animation,Comedy",7.3,46934
Chef,2014,"Adventure,Comedy,Drama",7.3,251829
I Origins,2014,"Drama,Mystery,Romance",7.3,141577
The Hundred-Foot Journey,2014,"Comedy,Drama",7.3,91563
The Jungle Book,2016,"Action,Adventure,Animation",7.3,306292
The Conjuring 2,2016,"Horror,Mystery,Thriller",7.3,344592
The 12th Man,2017,"Drama,History,Thriller",7.3,32358
A Street Cat Named Bob,2016,"Biography,Drama,Family",7.3,37052
Coming Soon,2014,"Comedy,Drama,Romance",7.3,37353
Snowden,2016,"Biography,Crime,Drama",7.3,173114
Okja,2017,"Action,Adventure,Animation",7.3,142249
The Lego Batman Movie,2017,"Action,Adventure,Animation",7.3,194472
20th Century Women,2016,"Comedy,Drama",7.3,52470
Patriots Day,2016,"Action,Crime,Drama",7.3,122397
Shot Caller,2017,"Crime,Drama,Thriller",7.3,114131
The Death of Stalin,2017,"Comedy,Drama,History",7.3,127117
Split,2016,"Horror,Thriller",7.3,624055
Two Is a Family,2016,"Comedy,Drama",7.3,30334
Raya and the Last Dragon,2021,"Action,Adventure,Animation",7.3,188366
Paterson,2016,"Comedy,Drama,Romance",7.3,95862
Marshall,2017,"Biography,Crime,Drama",7.3,29077
Detroit,2017,"Crime,Drama,History",7.3,59082
The Shape of Water,2017,"Drama,Fantasy,Romance",7.3,477178
Lucky,2017,"Comedy,Drama,Western",7.3,28476
Spider-Man: Far from Home,2019,"Action,Adventure,Comedy",7.3,643338
Sing 2,2021,"Adventure,Animation,Comedy",7.3,101783
The Boy and the Heron,2023,"Adventure,Animation,Drama",7.3,142697
Tenet,2020,"Action,Sci-Fi,Thriller",7.3,688939
Palmer,2021,Drama,7.3,51667
Eighth Grade,2018,"Comedy,Drama",7.3,86995
The Zone of Interest,2023,"Drama,History,War",7.3,183877
The King,2019,"Biography,Drama,History",7.3,179600
Hustle,2022,"Comedy,Drama,Sport",7.3,165174
"Are You There God? It's Me, Margaret.",2023,"Comedy,Drama,Family",7.3,38610
El Camino,2019,"Crime,Drama,Thriller",7.3,346273
Shang-Chi and the Legend of the Ten Rings,2021,"Action,Adventure,Fantasy",7.3,490377
Ala Vaikunthapurramuloo,2020,"Action,Comedy,Drama",7.3,26736
Dumbo,1941,"Adventure,Animation,Drama",7.2,150669
Suspicion,1941,"Drama,Film-Noir,Mystery",7.2,45251
The Wolf Man,1941,"Horror,Mystery,Romance",7.2,34505
Cat People,1942,"Fantasy,Horror,Thriller",7.2,28707
She Wore a Yellow Ribbon,1949,"Drama,Western",7.2,20843
I Confess,1953,"Crime,Drama,Thriller",7.2,25347
Peter Pan,1953,"Adventure,Animation,Family",7.2,166103
"20,000 Leagues Under the Sea",1954,"Adventure,Drama,Family",7.2,39380
Them!,1954,"Horror,Sci-Fi",7.2,26891
Animal Farm,1954,"Animation,Drama",7.2,21842
Horror of Dracula,1958,"Drama,Horror",7.2,29992
Sleeping Beauty,1959,"Adventure,Animation,Family",7.2,171451
The Misfits,1961,"Drama,Romance,Western",7.2,24545
The Parent Trap,1961,"Comedy,Family,Romance",7.2,26420
Dr. No,1962,"Action,Adventure,Thriller",7.2,196369
The Great Race,1965,"Action,Adventure,Comedy",7.2,21621
Django,1966,"Action,Drama,Western",7.2,34286
Fahrenheit 451,1966,"Drama,Sci-Fi",7.2,47631
Point Blank,1967,"Crime,Drama,Thriller",7.2,26555
Easy Rider,1969,"Adventure,Drama",7.2,122715
The Italian Job,1969,"Action,Comedy,Crime",7.2,54484
Take the Money and Run,1969,"Comedy,Crime",7.2,32968
The Andromeda Strain,1971,"Mystery,Sci-Fi,Thriller",7.2,44273
El Topo,1970,"Drama,Mystery,Western",7.2,33389
Vanishing Point,1971,"Action,Crime,Thriller",7.2,32331
Fist of Fury,1972,"Action,Drama,Romance",7.2,37345
Magnum Force,1973,"Action,Crime,Mystery",7.2,71907
Mean Streets,1973,"Crime,Drama,Thriller",7.2,128497
Pat Garrett & Billy the Kid,1973,"Biography,Drama,Western",7.2,23311
Scarecrow,1973,Drama,7.2,22088
Murder on the Orient Express,1974,"Crime,Drama,Mystery",7.2,74877
Eraserhead,1977,"Fantasy,Horror",7.2,144174
Murder by Death,1976,"Comedy,Crime,Mystery",7.2,45724
House,1977,"Comedy,Horror",7.2,39855
Slap Shot,1977,"Comedy,Drama,Sport",7.2,45297
Grease,1978,"Comedy,Musical,Romance",7.2,327075
Interiors,1978,Drama,7.2,22405
Quadrophenia,1979,"Drama,Music",7.2,22620
Brubaker,1980,"Crime,Drama",7.2,21472
Caddyshack,1980,"Comedy,Sport",7.2,133594
Somewhere in Time,1980,"Drama,Fantasy,Romance",7.2,36511
Stardust Memories,1980,"Comedy,Drama",7.2,25242
The Fox and the Hound,1981,"Adventure,Animation,Drama",7.2,110710
Possession,1981,"Drama,Horror",7.2,57860
Project A,1983,"Action,Adventure,Comedy",7.2,20514
The Dead Zone,1983,"Drama,Fantasy,Thriller",7.2,84850
Merry Christmas Mr. Lawrence,1983,"Drama,War",7.2,22492
Videodrome,1983,"Drama,Horror,Sci-Fi",7.2,113404
Birdy,1984,"Drama,War",7.2,26676
Top Secret!,1984,"Comedy,Crime,Music",7.2,82720
Mask,1985,"Biography,Drama",7.2,35243
Out of Africa,1985,"Biography,Drama,Romance",7.2,93404
Runaway Train,1985,"Action,Adventure,Drama",7.2,37134
Silverado,1985,"Action,Drama,Western",7.2,54339
Big Trouble in Little China,1986,"Action,Adventure,Comedy",7.2,167899
Children of a Lesser God,1986,"Drama,Romance",7.2,20089
The Hitcher,1986,"Mystery,Thriller",7.2,59283
Manhunter,1986,"Crime,Mystery,Thriller",7.2,91993
A Room with a View,1986,"Drama,Romance",7.2,52592
The Transformers: The Movie,1986,"Action,Adventure,Animation",7.2,44723
Angel Heart,1987,"Horror,Mystery,Thriller",7.2,104471
The Brave Little Toaster,1987,"Adventure,Animation,Family",7.2,29587
House of Games,1987,"Crime,Drama,Thriller",7.2,25788
The Lost Boys,1987,"Comedy,Horror",7.2,178273
Moonstruck,1987,"Comedy,Drama,Romance",7.2,78259
Dead Ringers,1988,"Drama,Horror,Thriller",7.2,59088
Eight Men Out,1988,"Drama,History,Sport",7.2,24099
They Live,1988,"Action,Horror,Sci-Fi",7.2,164844
The Unbearable Lightness of Being,1988,"Drama,Romance",7.2,40804
Willow,1988,"Action,Adventure,Drama",7.2,138474
Born on the Fourth of July,1989,"Biography,Drama,War",7.2,124632
Drugstore Cowboy,1989,"Crime,Drama",7.2,43029
"Sex, Lies, and Videotape",1989,Drama,7.2,64750
Die Hard 2,1990,"Action,Thriller",7.2,407809
Armour of God 2: Operation Condor,1991,"Action,Adventure,Comedy",7.2,24784
La Femme Nikita,1990,"Action,Crime,Drama",7.2,81779
Pump Up the Volume,1990,"Comedy,Drama,Music",7.2,33571
Tremors,1990,"Comedy,Horror",7.2,166323
Wild at Heart,1990,"Crime,Drama,Thriller",7.2,111748
Defending Your Life,1991,"Comedy,Drama,Fantasy",7.2,23567
The Doors,1991,"Biography,Drama,Music",7.2,107366
The Man in the Moon,1991,"Drama,Romance",7.2,21660
Once Upon a Time in China,1991,Action,7.2,21458
The Crying Game,1992,"Crime,Drama,Romance",7.2,63445
Bitter Moon,1992,"Drama,Romance,Thriller",7.2,46424
A River Runs Through It,1992,Drama,7.2,71391
Strictly Ballroom,1992,"Comedy,Drama,Music",7.2,30995
The Age of Innocence,1993,"Drama,Romance",7.2,75063
Arizona Dream,1993,"Comedy,Drama,Fantasy",7.2,47843
In the Line of Fire,1993,"Action,Crime,Drama",7.2,123585
Death and the Maiden,1994,"Drama,Mystery,Thriller",7.2,29084
Heavenly Creatures,1994,"Biography,Crime,Drama",7.2,69929
Pom Poko,1994,"Animation,Comedy,Drama",7.2,39045
The Hudsucker Proxy,1994,"Comedy,Drama,Fantasy",7.2,90511
The Madness of King George,1994,"Biography,Comedy,Drama",7.2,20104
Nightwatch,1994,Thriller,7.2,20592
Natural Born Killers,1994,"Crime,Romance",7.2,268352
Shallow Grave,1994,"Crime,Drama,Thriller",7.2,71026
Friday,1995,"Comedy,Drama",7.2,137564
GoldenEye,1995,"Action,Adventure,Thriller",7.2,287085
Strange Days,1995,"Crime,Drama,Sci-Fi",7.2,85577
Brassed Off,1996,"Comedy,Drama,Music",7.2,22349
From Dusk Till Dawn,1996,"Action,Crime,Horror",7.2,371303
Mission: Impossible,1996,"Action,Adventure,Thriller",7.2,519212
Swingers,1996,"Comedy,Drama",7.2,91390
Anastasia,1997,"Adventure,Animation,Drama",7.2,147372
Chasing Amy,1997,"Comedy,Drama,Romance",7.2,148594
The Full Monty,1997,"Comedy,Drama",7.2,120116
Meet Joe Black,1998,"Drama,Fantasy,Romance",7.2,300205
The Rainmaker,1997,"Crime,Drama,Thriller",7.2,91893
A Bug's Life,1998,"Adventure,Animation,Comedy",7.2,337993
The Prince of Egypt,1998,"Adventure,Animation,Drama",7.2,162954
Ronin,1998,"Action,Crime,Thriller",7.2,208222
Notting Hill,1999,"Comedy,Drama,Romance",7.2,386181
Election,1999,"Comedy,Romance",7.2,111693
Treasure Planet,2002,"Action,Adventure,Animation",7.2,148772
Arlington Road,1999,"Action,Crime,Drama",7.2,99147
Go,1999,"Comedy,Crime",7.2,79145
I Stand Alone,1998,"Crime,Drama,Thriller",7.2,27713
Sweet and Lowdown,1999,"Comedy,Drama,Music",7.2,37012
The Virgin Suicides,1999,"Drama,Romance",7.2,186901
Cold Mountain,2003,"Adventure,Drama,Romance",7.2,164520
Spirit: Stallion of the Cimarron,2002,"Adventure,Animation,Drama",7.2,94296
The Ring,1998,"Horror,Mystery",7.2,86398
Quills,2000,"Biography,Drama",7.2,59156
Wonder Boys,2000,"Comedy,Drama",7.2,69166
The Patriot,2000,"Action,Drama,War",7.2,313293
Love & Basketball,2000,"Drama,Romance,Sport",7.2,26729
The Bank Job,2008,"Crime,Thriller",7.2,197395
Men of Honor,2000,"Biography,Drama",7.2,130674
A.I. Artificial Intelligence,2001,"Adventure,Drama,Sci-Fi",7.2,340348
Pay It Forward,2000,Drama,7.2,127836
The Matrix Reloaded,2003,"Action,Sci-Fi",7.2,671975
Chocolat,2000,"Drama,Romance",7.2,210729
Tape,2001,Drama,7.2,22268
We Were Soldiers,2002,"Action,Drama,History",7.2,160065
Insomnia,2002,"Drama,Mystery,Thriller",7.2,344075
Gosford Park,2001,"Comedy,Drama,Mystery",7.2,102707
Red Dragon,2002,"Crime,Drama,Thriller",7.2,312304
Metropolis,2001,"Adventure,Animation,Drama",7.2,23996
The Phantom of the Opera,2004,"Drama,Musical,Romance",7.2,138741
8 Mile,2002,"Drama,Music",7.2,352575
Chicago,2002,"Comedy,Crime,Musical",7.2,257159
Dirty Pretty Things,2002,"Crime,Drama,Thriller",7.2,45649
A Mighty Wind,2003,"Comedy,Music",7.2,32165
Russian Ark,2002,"Drama,Fantasy,History",7.2,23033
Matchstick Men,2003,"Comedy,Crime,Drama",7.2,145800
School of Rock,2003,"Comedy,Music",7.2,359209
The Green Butchers,2003,"Comedy,Drama",7.2,27681
Manderlay,2005,Drama,7.2,26487
The SpongeBob SquarePants Movie,2004,"Adventure,Animation,Comedy",7.2,111721
The Science of Sleep,2006,"Comedy,Drama,Fantasy",7.2,72255
King Kong,2005,"Action,Adventure,Romance",7.2,471554
The Life Aquatic with Steve Zissou,2004,"Action,Adventure,Comedy",7.2,221385
Dawn of the Dead,2004,"Action,Horror",7.2,289052
Ong-Bak: The Thai Warrior,2003,"Action,Crime,Thriller",7.2,81690
Infernal Affairs II,2003,"Action,Crime,Drama",7.2,21278
Team America: World Police,2004,"Action,Comedy",7.2,185349
In Your Name,2003,"Action,Drama,Romance",7.2,22678
Layer Cake,2004,"Crime,Drama,Thriller",7.2,208375
Speak,2004,Drama,7.2,32494
Glory Road,2006,"Biography,Drama,Sport",7.2,51400
It's All Gone Pete Tong,2004,"Biography,Comedy,Drama",7.2,21315
Friday Night Lights,2004,"Action,Drama,Sport",7.2,70897
Bridge to Terabithia,2007,"Drama,Family,Fantasy",7.2,192210
"Paris, Je T'aime",2006,"Comedy,Drama,Romance",7.2,76475
Breakfast on Pluto,2005,"Comedy,Drama",7.2,26408
The Beat That My Heart Skipped,2005,"Crime,Drama,Music",7.2,21644
Me and You and Everyone We Know,2005,"Comedy,Drama",7.2,38670
Mongol: The Rise of Genghis Khan,2007,"Action,Biography,Drama",7.2,51534
The Secret Life of Bees,2008,Drama,7.2,29809
Candy,2006,"Drama,Romance",7.2,49897
The Descent,2005,"Adventure,Horror,Thriller",7.2,273781
Peaceful Warrior,2006,"Drama,Romance,Sport",7.2,31623
Sunshine,2007,"Sci-Fi,Thriller",7.2,288300
Pirates of the Caribbean: At World's End,2007,"Action,Adventure,Fantasy",7.2,746344
Don,2006,"Action,Crime,Thriller",7.2,44707
Rescue Dawn,2006,"Adventure,Biography,War",7.2,116789
Michael Clayton,2007,"Crime,Drama,Mystery",7.2,184287
Tsotsi,2005,"Crime,Drama",7.2,32387
The Express,2008,"Biography,Drama,Sport",7.2,23643
Wristcutters: A Love Story,2006,"Comedy,Drama,Fantasy",7.2,59826
Ant-Man,2015,"Action,Comedy,Sci-Fi",7.2,782780
I Am Legend,2007,"Drama,Horror,Sci-Fi",7.2,880238
Fracture,2007,"Crime,Drama,Thriller",7.2,236725
Welcome,2007,"Comedy,Crime,Drama",7.2,29757
Silence,2016,"Drama,History",7.2,134699
The Princess and the Frog,2009,"Adventure,Animation,Comedy",7.2,187842
Mr. Brooks,2007,"Crime,Drama,Mystery",7.2,163849
The Man Who Knew Infinity,2015,"Biography,Drama",7.2,67027
An American Crime,2007,"Biography,Crime,Drama",7.2,39901
Shooter,2007,"Action,Drama,Thriller",7.2,376847
The Darjeeling Limited,2007,"Adventure,Comedy,Drama",7.2,235864
Broken Embraces,2009,"Drama,Romance,Thriller",7.2,44279
Flame & Citron,2008,"Action,Drama,History",7.2,20932
Loft,2008,"Crime,Drama,Mystery",7.2,26067
The Young Victoria,2009,"Biography,Drama,History",7.2,69293
Certified Copy,2010,"Drama,Romance",7.2,29065
Il Divo,2008,"Biography,Drama",7.2,20544
RocknRolla,2008,"Action,Crime,Thriller",7.2,275670
The Unforgivable,2021,"Crime,Drama,Mystery",7.2,128631
The Ghost Writer,2010,"Crime,Drama,Mystery",7.2,177025
The Witcher: Nightmare of the Wolf,2021,"Action,Adventure,Animation",7.2,55265
Jailer,2023,"Action,Comedy,Crime",7.2,46179
An Education,2009,Drama,7.2,141246
10 Cloverfield Lane,2016,"Drama,Horror,Sci-Fi",7.2,385763
Rab Ne Bana Di Jodi,2008,"Comedy,Drama,Music",7.2,59790
Enter the Void,2009,"Drama,Fantasy",7.2,94889
Polytechnique,2009,"Crime,Drama,History",7.2,21356
Lawless,2012,"Biography,Crime,Drama",7.2,263105
21 Jump Street,2012,"Action,Comedy,Crime",7.2,648481
Soul Kitchen,2009,"Comedy,Drama",7.2,42754
Conviction,2010,"Biography,Crime,Drama",7.2,48266
Raat Akeli Hai,2020,"Crime,Drama,Mystery",7.2,22808
Crazy Heart,2009,"Drama,Music,Romance",7.2,99348
Belfast,2021,"Biography,Drama",7.2,132840
Harry Brown,2009,"Action,Crime,Drama",7.2,94833
Enthiran,2010,"Action,Sci-Fi,Thriller",7.2,33695
Animal Kingdom,2010,"Crime,Drama,Thriller",7.2,63540
In the Heights,2021,"Drama,Musical,Romance",7.2,55954
August: Osage County,2013,"Comedy,Drama",7.2,99839
The Butler,2013,"Biography,Drama",7.2,124002
"Good Luck to You, Leo Grande",2022,"Comedy,Drama",7.2,44646
The Great Gatsby,2013,"Drama,Romance",7.2,644637
The Hunger Games,2012,"Action,Adventure,Sci-Fi",7.2,1084952
The Outfit,2022,"Crime,Drama,Mystery",7.2,87087
The Best Exotic Marigold Hotel,2011,"Comedy,Drama,Romance",7.2,104073
Sleep Tight,2011,"Crime,Drama,Thriller",7.2,50036
Testament of Youth,2014,"Biography,Drama,History",7.2,31926
Rise of the Guardians,2012,"Action,Adventure,Animation",7.2,209767
Monsters University,2013,"Adventure,Animation,Comedy",7.2,426319
Le Havre,2011,"Comedy,Drama",7.2,25420
Beginners,2010,"Comedy,Drama,Romance",7.2,97543
Leo,2023,"Action,Crime,Drama",7.2,74174
War Horse,2011,"Adventure,Drama,History",7.2,173665
The Man from U.N.C.L.E.,2015,"Action,Adventure,Comedy",7.2,357559
The Age of Adaline,2015,"Drama,Fantasy,Romance",7.2,229700
Now You See Me,2013,"Crime,Mystery,Thriller",7.2,773011
Only Lovers Left Alive,2013,"Comedy,Drama,Fantasy",7.2,115933
Shame,2011,Drama,7.2,217807
The Substance,2024,"Drama,Horror,Sci-Fi",7.2,441771
Avatar: Fire and Ash,2025,"Action,Adventure,Drama",7.2,175857
American Hustle,2013,"Crime,Drama",7.2,519762
Love Likes Coincidences,2011,"Drama,Romance",7.2,20627
Unbroken,2014,"Biography,Drama,Sport",7.2,199336
Steve Jobs,2015,"Biography,Drama",7.2,187587
The Physician,2013,"Adventure,Drama,History",7.2,45390
Fallen Leaves,2023,"Comedy,Drama,Romance",7.2,36800
Force Majeure,2014,"Comedy,Drama",7.2,73035
Beasts of the Southern Wild,2012,"Adventure,Drama,Fantasy",7.2,86871
Mission Raniganj,2023,"Action,Biography,Drama",7.2,20412
St. Vincent,2014,"Comedy,Drama",7.2,113858
Stuck in Love.,2012,"Comedy,Drama,Romance",7.2,95740
Chor Nikal Ke Bhaga,2023,"Crime,Drama,Thriller",7.2,56504
The Book of Life,2014,"Adventure,Animation,Comedy",7.2,84881
Finding Dory,2016,"Adventure,Animation,Comedy",7.2,335487
An Officer and a Spy,2019,"Drama,History,Thriller",7.2,23324
Anomalisa,2015,"Animation,Comedy,Drama",7.2,78897
Department Q: The Keeper of Lost Causes,2013,"Crime,Drama,Mystery",7.2,36354
The Light Between Oceans,2016,"Drama,Romance",7.2,63201
'71,2014,"Action,Crime,Drama",7.2,65001
Fences,2016,Drama,7.2,125718
The Secret Agent,2025,"Crime,Drama,Mystery",7.2,57688
Coherence,2013,"Mystery,Sci-Fi,Thriller",7.2,174839
Dungeons & Dragons: Honor Among Thieves,2023,"Action,Adventure,Comedy",7.2,274858
Encanto,2021,"Animation,Comedy,Family",7.2,298069
Fantastic Beasts and Where to Find Them,2016,"Adventure,Family,Fantasy",7.2,541714
A Beautiful Day in the Neighborhood,2019,"Biography,Drama,Family",7.2,94520
Stan & Ollie,2018,"Biography,Comedy,Drama",7.2,41703
The End of the Tour,2015,"Biography,Drama",7.2,34828
American Made,2017,"Action,Comedy,Crime",7.2,233587
The Wife,2017,Drama,7.2,45190
Dope,2015,"Adventure,Comedy,Crime",7.2,92007
The Tale,2018,"Biography,Drama,Mystery",7.2,21575
The Last Black Man in San Francisco,2019,Drama,7.2,23152
First They Killed My Father,2017,"Biography,Drama,History",7.2,22260
Papillon,2017,"Adventure,Biography,Crime",7.2,96174
Kaabil,2017,"Action,Crime,Drama",7.2,33375
Hostiles,2017,"Drama,Western",7.2,107770
Private Life,2018,"Comedy,Drama",7.2,23829
A Fantastic Woman,2017,Drama,7.2,28545
Toilet: A Love Story,2017,"Comedy,Drama,Romance",7.2,26061
Blue Jay,2016,"Drama,Romance",7.2,22864
The Little Mermaid,2023,"Adventure,Family,Fantasy",7.2,178946
Vice,2018,"Biography,Comedy,Drama",7.2,175527
The Post,2017,"Biography,Drama,History",7.2,172519
The Suicide Squad,2021,"Action,Adventure,Comedy",7.2,460206
The Ballad of Buster Scruggs,2018,"Comedy,Drama,Musical",7.2,185101
Five Feet Apart,2019,"Drama,Romance",7.2,97447
Dogman,2018,"Crime,Drama,Thriller",7.2,31719
Along With the Gods: The Two Worlds,2017,"Action,Adventure,Drama",7.2,22212
Mulk,2018,Drama,7.2,22527
Honey Boy,2019,Drama,7.2,43087
The Report,2019,"Biography,Crime,Drama",7.2,56950
A Quiet Place Part II,2020,"Drama,Horror,Sci-Fi",7.2,324597
The Courier,2020,"Drama,History,Mystery",7.2,81920
Dolemite Is My Name,2019,"Biography,Comedy,Drama",7.2,68247
The Witch: Part 1 - The Subversion,2018,"Action,Mystery,Sci-Fi",7.2,22790
Teenage Mutant Ninja Turtles: Mutant Mayhem,2023,"Action,Adventure,Animation",7.2,78369
Living,2022,Drama,7.2,39986
Where the Crawdads Sing,2022,"Drama,Mystery,Romance",7.2,159266
Saboteur,1942,"Drama,Thriller,War",7.1,29736
An American in Paris,1951,"Drama,Musical,Romance",7.1,39486
Gentlemen Prefer Blondes,1953,"Comedy,Musical,Romance",7.1,46463
Guys and Dolls,1955,"Comedy,Crime,Musical",7.1,20931
The Fly,1958,"Drama,Horror,Sci-Fi",7.1,28028
Black Sunday,1960,Horror,7.1,20148
Swiss Family Robinson,1960,"Adventure,Family",7.1,20037
How the West Was Won,1962,"Action,Adventure,War",7.1,25569
The Sword in the Stone,1963,"Adventure,Animation,Comedy",7.1,114744
Marnie,1964,"Crime,Drama,Mystery",7.1,57752
Help!,1965,"Adventure,Comedy,Musical",7.1,21269
The Bird with the Crystal Plumage,1970,"Drama,Horror,Mystery",7.1,27220
The Aristocats,1970,"Adventure,Animation,Comedy",7.1,125601
Catch-22,1970,"Comedy,Drama,War",7.1,27126
Bedknobs and Broomsticks,1971,"Adventure,Animation,Comedy",7.1,43457
The Beguiled,1971,"Drama,Thriller,War",7.1,21130
Klute,1971,"Crime,Mystery,Thriller",7.1,33883
The Panic in Needle Park,1971,Drama,7.1,22536
The Way of the Dragon,1972,"Action,Adventure,Comedy",7.1,44070
The Poseidon Adventure,1972,"Action,Adventure,Drama",7.1,54194
Don't Look Now,1973,"Drama,Horror,Mystery",7.1,68746
Sleeper,1973,"Comedy,Sci-Fi",7.1,45432
Black Christmas,1974,"Horror,Mystery,Thriller",7.1,56385
The Longest Yard,1974,"Comedy,Crime,Drama",7.1,23313
The Parallax View,1974,"Drama,Mystery,Thriller",7.1,24837
The Three Musketeers,1973,"Action,Adventure,Romance",7.1,20618
Night Moves,1975,"Crime,Drama,Mystery",7.1,21322
The Pink Panther Strikes Again,1976,"Comedy,Crime",7.1,34542
The Driver,1978,"Action,Crime,Thriller",7.1,21711
The Jerk,1979,Comedy,7.1,68896
The Big Red One,1980,"Drama,War",7.1,22911
The Changeling,1980,"Horror,Mystery",7.1,44655
Chariots of Fire,1981,"Biography,Drama,Sport",7.1,71173
Escape from New York,1981,"Action,Adventure,Sci-Fi",7.1,173513
Southern Comfort,1981,"Action,Thriller",7.1,23419
The Dark Crystal,1982,"Adventure,Family,Fantasy",7.1,77338
Evil Under the Sun,1982,"Crime,Drama,Mystery",7.1,24042
Fast Times at Ridgemont High,1982,"Comedy,Drama",7.1,125392
An Officer and a Gentleman,1982,"Drama,Romance",7.1,66444
The World According to Garp,1982,"Comedy,Drama",7.1,31133
The Big Chill,1983,"Comedy,Drama",7.1,45572
Rumble Fish,1983,"Crime,Drama,Romance",7.1,41359
Silkwood,1983,"Biography,Drama,History",7.1,24815
WarGames,1983,"Action,Drama,Sci-Fi",7.1,122089
The Year of Living Dangerously,1982,"Drama,Romance,War",7.1,24904
The Bounty,1984,"Adventure,Drama,History",7.1,35031
Better Off Dead,1985,"Comedy,Romance",7.1,53913
Day of the Dead,1985,"Horror,Thriller",7.1,79925
Pee-wee's Big Adventure,1985,"Adventure,Comedy,Family",7.1,63603
Re-Animator,1985,"Comedy,Horror,Sci-Fi",7.1,78841
The Great Mouse Detective,1986,"Adventure,Animation,Family",7.1,59125
Little Shop of Horrors,1986,"Comedy,Horror,Musical",7.1,95013
Barfly,1987,"Comedy,Drama,Romance",7.1,23553
Dirty Dancing,1987,"Drama,Music,Romance",7.1,281101
No Way Out,1987,"Action,Crime,Drama",7.1,55631
Spaceballs,1987,"Adventure,Comedy,Sci-Fi",7.1,226896
The Accused,1988,"Crime,Drama",7.1,43219
Coming to America,1988,"Comedy,Romance",7.1,240729
The Adventures of Baron Munchausen,1988,"Adventure,Comedy,Fantasy",7.1,59952
Casualties of War,1989,"Action,Crime,Drama",7.1,51928
Heathers,1989,"Comedy,Crime",7.1,126405
Parenthood,1989,"Comedy,Drama",7.1,59108
Uncle Buck,1989,Comedy,7.1,121845
Ghost,1990,"Drama,Fantasy,Romance",7.1,257432
Pretty Woman,1990,"Comedy,Romance",7.1,407190
Reversal of Fortune,1990,"Biography,Drama,Mystery",7.1,21586
State of Grace,1990,"Action,Crime,Drama",7.1,29278
Basic Instinct,1992,"Drama,Mystery,Romance",7.1,244460
Batman Returns,1992,"Action,Crime,Fantasy",7.1,350300
Benny's Video,1992,"Crime,Drama",7.1,20872
Like Water for Chocolate,1992,"Drama,Romance",7.1,20551
Sneakers,1992,"Comedy,Crime,Drama",7.1,67488
Alive,1993,"Biography,Drama,Thriller",7.1,68882
Benny & Joon,1993,"Comedy,Drama,Romance",7.1,65447
Mrs. Doubtfire,1993,"Comedy,Drama,Family",7.1,317287
Orlando,1992,"Biography,Drama,Fantasy",7.1,21107
Four Weddings and a Funeral,1994,"Comedy,Drama,Romance",7.1,182664
Balto,1995,"Adventure,Animation,Drama",7.1,52037
Desperado,1995,"Action,Crime,Drama",7.1,208819
In the Mouth of Madness,1994,"Drama,Fantasy,Horror",7.1,89662
Jumanji,1995,"Adventure,Comedy,Family",7.1,414846
Tommy Boy,1995,"Adventure,Comedy",7.1,105088
Beautiful Girls,1996,"Comedy,Drama,Romance",7.1,36378
The Frighteners,1996,"Comedy,Drama,Fantasy",7.1,102682
Michael Collins,1996,"Biography,Drama,History",7.1,36218
Dangerous Beauty,1998,"Biography,Drama,Romance",7.1,20767
Hard Eight,1996,"Crime,Drama",7.1,59872
Seven Years in Tibet,1997,"Adventure,Biography,Drama",7.1,168700
The Spanish Prisoner,1997,"Drama,Mystery,Thriller",7.1,26341
Three Kings,1999,"Action,Adventure,Comedy",7.1,186544
Blade,1998,"Action,Horror,Sci-Fi",7.1,331449
The Mummy,1999,"Action,Adventure,Fantasy",7.1,504055
Chicken Run,2000,"Adventure,Animation,Comedy",7.1,225425
Ever After: A Cinderella Story,1998,"Drama,Romance",7.1,86455
Rush Hour,1998,"Action,Comedy,Crime",7.1,330808
Wag the Dog,1997,"Comedy,Drama",7.1,93642
Fantasia 2000,1999,"Animation,Family,Fantasy",7.1,44069
Cube,1997,"Horror,Mystery,Sci-Fi",7.1,262128
Thursday,1998,"Action,Comedy,Crime",7.1,22090
There's Something About Mary,1998,"Comedy,Romance",7.1,348905
Shakespeare in Love,1998,"Comedy,Drama,History",7.1,243432
Phone Booth,2002,"Crime,Thriller",7.1,302415
Human Traffic,1999,"Comedy,Music",7.1,29518
Mohabbatein,2000,"Drama,Musical,Romance",7.1,37480
Chopper,2000,"Biography,Crime,Drama",7.1,44662
Brother,2000,"Crime,Drama,Thriller",7.1,25959
Audition,1999,"Drama,Horror,Mystery",7.1,99479
Before Night Falls,2000,"Biography,Drama,Romance",7.1,27303
The Believer,2001,Drama,7.1,43766
John Q,2002,"Crime,Drama,Thriller",7.1,154059
Spy Game,2001,"Action,Crime,Thriller",7.1,177148
Narc,2002,"Crime,Drama,Mystery",7.1,45456
About a Boy,2002,"Comedy,Drama,Romance",7.1,199161
White Oleander,2002,Drama,7.1,34784
"He Loves Me, He Loves Me Not",2002,"Romance,Thriller",7.1,20165
The Ring,2002,"Horror,Mystery",7.1,403295
The Dreamers,2003,"Drama,Romance",7.1,141358
Ruby & Quentin,2003,"Comedy,Crime",7.1,32564
Runaway Jury,2003,"Crime,Drama,Thriller",7.1,121787
Wazir,2016,"Action,Crime,Drama",7.1,20873
Elf,2003,"Adventure,Comedy,Family",7.1,347295
Shattered Glass,2003,"Drama,History",7.1,40128
11:14,2003,"Comedy,Crime,Drama",7.1,52626
Live Free or Die Hard,2007,"Action,Thriller",7.1,436326
"I, Robot",2004,"Action,Mystery,Sci-Fi",7.1,616191
Main Hoon Na,2004,"Action,Comedy,Drama",7.1,45041
The Cat Returns,2002,"Adventure,Animation,Comedy",7.1,72668
Lords of Dogtown,2005,"Biography,Drama,Sport",7.1,61435
Anchorman: The Legend of Ron Burgundy,2004,Comedy,7.1,402456
The Woodsman,2004,Drama,7.1,36939
Elephant,2003,"Crime,Drama,Thriller",7.1,104791
A Tale of Two Sisters,2003,"Drama,Horror,Mystery",7.1,74511
The Jacket,2005,"Drama,Fantasy,Mystery",7.1,124941
A Love Song for Bobby Long,2004,Drama,7.1,28225
Closer,2004,"Drama,Romance",7.1,251389
Mean Creek,2004,"Crime,Drama",7.1,34786
Mean Girls,2004,Comedy,7.1,487205
Final Fantasy VII: Advent Children,2005,"Action,Adventure,Animation",7.1,59763
Brick,2005,"Crime,Drama,Mystery",7.1,114227
The 40-Year-Old Virgin,2005,"Comedy,Romance",7.1,503249
Broken Flowers,2005,"Comedy,Drama,Mystery",7.1,110421
District B13,2004,"Action,Crime,Sci-Fi",7.1,77683
The Fountain,2006,"Drama,Mystery,Romance",7.1,258580
Transformers,2007,"Action,Adventure,Sci-Fi",7.1,720724
Flags of Our Fathers,2006,"Action,Adventure,Drama",7.1,134571
Real Steel,2011,"Action,Drama,Sci-Fi",7.1,381660
Kinky Boots,2005,"Comedy,Drama,Music",7.1,22844
Fanaa,2006,"Action,Drama,Romance",7.1,37137
The Time Traveler's Wife,2009,"Drama,Fantasy,Romance",7.1,166235
Deja Vu,2006,"Action,Crime,Sci-Fi",7.1,346299
Cashback,2006,"Comedy,Drama,Romance",7.1,94963
Enchanted,2007,"Adventure,Animation,Comedy",7.1,225537
Half Nelson,2006,Drama,7.1,96087
The Host,2006,"Drama,Horror,Sci-Fi",7.1,143429
Things We Lost in the Fire,2007,Drama,7.1,30699
State of Play,2009,"Crime,Drama,Mystery",7.1,166665
Angel-A,2005,"Comedy,Drama,Fantasy",7.1,37438
In the Valley of Elah,2007,"Crime,Drama,Mystery",7.1,77517
Rocky Balboa,2006,"Drama,Sport",7.1,243679
Timecrimes,2007,"Horror,Mystery,Sci-Fi",7.1,75802
The Croods,2013,"Adventure,Animation,Comedy",7.1,252571
Vicky Cristina Barcelona,2008,"Comedy,Drama,Romance",7.1,281145
We Are Marshall,2006,"Drama,Sport",7.1,67941
Thirst,2009,"Drama,Fantasy,Horror",7.1,55288
Brothers,2009,"Drama,Thriller,War",7.1,173677
Man of Steel,2013,"Action,Adventure,Sci-Fi",7.1,868916
The Savages,2007,"Comedy,Drama",7.1,39848
Everybody's Fine,2009,"Adventure,Drama",7.1,67694
The Messenger,2009,"Drama,Romance,War",7.1,38575
Namastey London,2007,"Comedy,Drama,Romance",7.1,24238
Forgetting Sarah Marshall,2008,"Comedy,Drama,Romance",7.1,320486
It's Kind of a Funny Story,2010,"Comedy,Drama,Romance",7.1,152014
The Danish Girl,2015,"Biography,Drama",7.1,206638
"Definitely, Maybe",2008,"Comedy,Drama,Romance",7.1,182007
Hotel Transylvania,2012,"Animation,Comedy,Family",7.1,315342
Tropic Thunder,2008,"Action,Comedy,War",7.1,491739
Frozen River,2008,"Crime,Drama",7.1,27238
Valkyrie,2008,"Drama,History,Thriller",7.1,275431
Pele: Birth of a Legend,2016,"Biography,Drama,Sport",7.1,23467
The Tragedy of Macbeth,2021,"Drama,Fantasy,Mystery",7.1,44604
Defiance,2008,"Action,Drama,History",7.1,161285
The Invisible Man,2020,"Drama,Horror,Mystery",7.1,286642
The Forgotten Battle,2020,"Action,Adventure,War",7.1,41707
The Call,2020,"Crime,Horror,Mystery",7.1,53544
One Night in Miami...,2020,Drama,7.1,36016
Nothing But the Truth,2008,"Crime,Drama,Mystery",7.1,41802
Missing,2023,"Drama,Mystery,Thriller",7.1,72219
Wrath of Man,2021,"Action,Crime,Thriller",7.1,239756
The Ides of March,2011,"Drama,Thriller",7.1,239807
Licorice Pizza,2021,"Comedy,Drama,Romance",7.1,161714
Don't Look Up,2021,"Comedy,Drama,Sci-Fi",7.1,674191
Shiva Baby,2020,"Comedy,Drama",7.1,42536
Micmacs,2009,"Action,Comedy,Crime",7.1,32142
Wendy and Lucy,2008,Drama,7.1,21186
Glass Onion,2022,"Comedy,Crime,Drama",7.1,526705
American Underdog,2021,"Biography,Drama,Romance",7.1,28415
Whatever Works,2009,"Comedy,Romance",7.1,79332
Adam,2009,"Comedy,Drama,Romance",7.1,36848
Prey,2022,"Action,Adventure,Horror",7.1,274291
Agora,2009,"Adventure,Biography,Drama",7.1,76593
The Muppets,2011,"Adventure,Comedy,Family",7.1,101137
The Girl Who Played with Fire,2009,"Action,Crime,Drama",7.1,102154
Brave,2012,"Action,Adventure,Animation",7.1,480727
Let Me In,2010,"Drama,Fantasy,Horror",7.1,133442
Parallel Mothers,2021,Drama,7.1,40501
Nowhere Boy,2009,"Biography,Drama,Music",7.1,40939
Don 2,2011,"Action,Crime,Thriller",7.1,62137
Raajneeti,2010,"Drama,Thriller",7.1,20195
Iron Man 3,2013,"Action,Adventure,Sci-Fi",7.1,969143
Broker,2022,"Comedy,Crime,Drama",7.1,20773
Vikram Vedha,2022,"Action,Crime,Drama",7.1,27438
God's Crooked Lines,2022,"Drama,Mystery,Thriller",7.1,29620
Never Let Me Go,2010,"Drama,Romance",7.1,160474
Dredd,2012,"Action,Crime,Sci-Fi",7.1,312955
Red Rocket,2021,"Comedy,Drama,Romance",7.1,43397
Winter's Bone,2010,"Crime,Drama,Mystery",7.1,158135
Remember Me,2010,"Drama,Romance",7.1,164528
A Good Person,2023,Drama,7.1,29214
Arthur Christmas,2011,"Adventure,Animation,Comedy",7.1,73781
Little White Lies,2010,"Comedy,Drama",7.1,28389
Winnie the Pooh,2011,"Adventure,Animation,Comedy",7.1,31019
Booksmart,2019,Comedy,7.1,140648
Melancholia,2011,"Drama,Sci-Fi",7.1,208776
The Master,2012,Drama,7.1,201776
Win Win,2011,"Comedy,Drama,Sport",7.1,56329
Kon-Tiki,2012,"Adventure,Biography,Drama",7.1,54610
Margin Call,2011,"Drama,Thriller",7.1,162753
Chasing Mavericks,2012,"Biography,Drama,Sport",7.1,36244
"Love, Rosie",2014,"Comedy,Romance",7.1,169121
Goodbye Christopher Robin,2017,"Biography,Drama,Family",7.1,31748
Carnage,2011,"Comedy,Drama",7.1,138611
Snowpiercer,2013,"Action,Drama,Sci-Fi",7.1,422068
Alien: Romulus,2024,"Horror,Sci-Fi,Thriller",7.1,289724
Into the White,2012,"Action,Drama,History",7.1,23496
Sick of Myself,2022,"Comedy,Drama,Horror",7.1,23749
God Bless America,2011,"Comedy,Crime,Drama",7.1,74575
Trash,2014,"Adventure,Crime,Drama",7.1,23728
Seven Psychopaths,2012,"Comedy,Crime,Drama",7.1,288662
Pitch Perfect,2012,"Comedy,Music,Romance",7.1,351938
The Upside,2017,"Comedy,Drama",7.1,70167
War Dogs,2016,"Biography,Comedy,Crime",7.1,301192
The Railway Man,2013,"Biography,Drama,Romance",7.1,44558
Thunderbolts*,2025,"Action,Adventure,Crime",7.1,284022
The Kings of Summer,2013,"Adventure,Comedy,Drama",7.1,87566
Red Rooms,2023,"Crime,Horror,Mystery",7.1,22400
Dragon Ball Z: Battle of Gods,2013,"Action,Adventure,Animation",7.1,32196
Mandela: Long Walk to Freedom,2013,"Biography,Drama,History",7.1,30120
Wild,2014,"Adventure,Biography,Drama",7.1,146637
The Vaccine War,2023,"Drama,Thriller",7.1,25398
Blue Ruin,2013,"Crime,Drama,Thriller",7.1,86837
The Intern,2015,"Comedy,Drama",7.1,311058
The Glass Castle,2017,"Biography,Drama",7.1,41159
Venus in Fur,2013,Drama,7.1,22092
5 to 7,2014,"Comedy,Drama,Romance",7.1,22394
Bone Tomahawk,2015,"Drama,Horror,Western",7.1,140725
In Order of Disappearance,2014,"Action,Comedy,Crime",7.1,30992
Everest,2015,"Adventure,Biography,Drama",7.1,247811
T2 Trainspotting,2017,"Comedy,Crime,Drama",7.1,141876
Beauty and the Beast,2017,"Adventure,Family,Fantasy",7.1,359721
Furious 7,2015,"Action,Thriller",7.1,440696
99 Homes,2014,"Crime,Drama",7.1,41616
A Brilliant Young Mind,2014,"Drama,Romance",7.1,31310
"Sorry, Baby",2025,"Comedy,Drama",7.1,24524
Concussion,2015,"Biography,Drama,Sport",7.1,105130
Sing,2016,"Animation,Comedy,Family",7.1,213903
Race,2016,"Biography,Drama,Sport",7.1,44057
West Side Story,2021,"Crime,Drama,Musical",7.1,138033
Allied,2016,"Action,Drama,Romance",7.1,180523
The Dig,2021,"Biography,Drama,History",7.1,89813
The Brand New Testament,2015,"Comedy,Drama,Fantasy",7.1,37126
Dragon Ball Z: Resurrection 'F',2015,"Action,Adventure,Animation",7.1,25805
Tangerine,2015,"Comedy,Crime,Drama",7.1,43206
Leave No Trace,2018,"Adventure,Drama",7.1,70552
Dil Dhadakne Do,2015,"Comedy,Drama,Romance",7.1,22157
Miracles from Heaven,2016,"Biography,Drama,Family",7.1,31966
Gran Turismo,2023,"Action,Adventure,Drama",7.1,136477
Can You Ever Forgive Me?,2018,"Biography,Comedy,Crime",7.1,58847
Sultan,2016,"Action,Drama,Romance",7.1,59435
Megan Leavey,2017,"Action,Biography,Drama",7.1,30302
The Square,2017,"Comedy,Drama",7.1,83008
Sicario: Day of the Soldado,2018,"Action,Crime,Drama",7.1,192474
Mrs. Harris Goes to Paris,2022,"Comedy,Drama",7.1,37464
Nyad,2023,"Biography,Drama,History",7.1,44975
The Burial,2023,"Drama,History",7.1,43138
Brawl in Cell Block 99,2017,"Crime,Drama,Thriller",7.1,83462
In the Fade,2017,"Crime,Drama,Mystery",7.1,37892
Padmaavat,2018,"Drama,History,War",7.1,41250
Free Guy,2021,"Action,Adventure,Comedy",7.1,490796
Creed II,2018,"Action,Drama,Sport",7.1,171432
Bad Times at the El Royale,2018,"Crime,Drama,Mystery",7.1,179342
If Beale Street Could Talk,2018,"Drama,Romance",7.1,55195
Khuda Haafiz,2020,"Action,Crime,Drama",7.1,22865
The Devil All the Time,2020,"Crime,Drama,Thriller",7.1,170163
Ron's Gone Wrong,2021,"Adventure,Animation,Comedy",7.1,45900
Marighella,2019,"Action,Biography,Drama",7.1,48288
Bad Education,2019,"Biography,Comedy,Crime",7.1,46172
The Apprentice,2024,"Biography,Drama,History",7.1,74073
Queen & Slim,2019,"Crime,Drama,Romance",7.1,37337
The French Dispatch,2021,"Comedy,Drama,Romance",7.1,168458
First Cow,2019,"Drama,Western",7.1,24600
Mosul,2019,"Action,Drama,Thriller",7.1,33316
Black Mirror: Bandersnatch,2018,"Drama,Fantasy,Mystery",7.1,143394
Mission: Impossible - The Final Reckoning,2025,"Action,Adventure,Thriller",7.1,233854
Sabotage,1936,"Crime,Thriller",7.0,20768
The Thing from Another World,1951,"Horror,Sci-Fi",7.0,35680
House of Wax,1953,Horror,7.0,22626
Niagara,1953,"Drama,Film-Noir,Thriller",7.0,22300
The War of the Worlds,1953,"Action,Sci-Fi,Thriller",7.0,41903
The Seven Year Itch,1955,"Comedy,Romance",7.0,45518
The Trouble with Harry,1955,"Comedy,Mystery",7.0,43053
Funny Face,1957,"Comedy,Musical,Romance",7.0,35691
Journey to the Center of the Earth,1959,"Adventure,Family,Fantasy",7.0,21416
Carnival of Souls,1962,"Horror,Mystery",7.0,31274
Cleopatra,1963,"Biography,Drama,History",7.0,41371
The Pink Panther,1963,"Comedy,Crime,Romance",7.0,61957
Barefoot in the Park,1967,"Comedy,Romance",7.0,22860
The Fearless Vampire Killers,1967,"Comedy,Fantasy,Horror",7.0,36070
Hang 'Em High,1968,"Drama,Western",7.0,48429
Chitty Chitty Bang Bang,1968,"Adventure,Family,Fantasy",7.0,55210
Battle of Britain,1969,"Action,Drama,History",7.0,26926
Two Mules for Sister Sara,1970,"Adventure,Drama,Romance",7.0,32918
Soylent Green,1973,"Crime,Mystery,Sci-Fi",7.0,74257
The Way We Were,1973,"Drama,Romance",7.0,30895
The Return of the Pink Panther,1975,"Comedy,Crime,Mystery",7.0,32516
Thunderbolt and Lightfoot,1974,"Action,Comedy,Crime",7.0,33136
The Towering Inferno,1974,"Action,Drama,Thriller",7.0,52915
Smokey and the Bandit,1977,"Action,Adventure,Comedy",7.0,62975
The Spy Who Loved Me,1977,"Action,Adventure,Thriller",7.0,125680
The Boys from Brazil,1978,"Drama,Mystery,Sci-Fi",7.0,33980
Time After Time,1979,"Adventure,Drama,Sci-Fi",7.0,21383
Dressed to Kill,1980,"Crime,Drama,Mystery",7.0,55592
Diner,1982,"Comedy,Drama",7.0,23655
Tenebrae,1982,"Horror,Mystery,Thriller",7.0,31067
The Outsiders,1983,"Crime,Drama",7.0,110013
1984,1984,"Drama,Sci-Fi",7.0,88418
Sixteen Candles,1984,"Comedy,Romance",7.0,135653
Starman,1984,"Romance,Sci-Fi",7.0,58350
Fright Night,1985,Horror,7.0,88422
The Sure Thing,1985,"Comedy,Drama,Romance",7.0,24319
The Color of Money,1986,"Drama,Sport",7.0,101685
Highlander,1986,"Action,Adventure,Fantasy",7.0,159519
Sid and Nancy,1986,"Biography,Drama,Music",7.0,37010
Top Gun,1986,"Action,Drama",7.0,555442
The Hidden,1987,"Crime,Horror,Sci-Fi",7.0,25700
La Bamba,1987,"Biography,Drama,Music",7.0,38492
Some Kind of Wonderful,1987,"Drama,Romance",7.0,37680
Beaches,1988,"Comedy,Drama,Music",7.0,31128
Bull Durham,1988,"Comedy,Romance,Sport",7.0,63007
Gorillas in the Mist,1988,"Biography,Drama",7.0,31375
Hairspray,1988,"Comedy,Drama,Music",7.0,25432
Police Story 2,1988,"Action,Comedy,Crime",7.0,25271
Henry: Portrait of a Serial Killer,1986,"Biography,Crime,Drama",7.0,44554
Tie Me Up! Tie Me Down!,1989,"Comedy,Crime,Drama",7.0,33548
The Addams Family,1991,"Comedy,Fantasy",7.0,201719
The Last Boy Scout,1991,"Action,Comedy,Crime",7.0,120942
Slacker,1990,"Comedy,Drama",7.0,25421
What About Bob?,1991,Comedy,7.0,79161
Bad Lieutenant,1992,"Crime,Drama,Thriller",7.0,52683
Police Story 3: Supercop,1992,"Action,Comedy,Crime",7.0,26825
Juice,1992,"Action,Crime,Drama",7.0,33484
Red Rock West,1993,"Crime,Drama,Thriller",7.0,28379
Wayne's World,1992,"Comedy,Music",7.0,182653
Cool Runnings,1993,"Adventure,Comedy,Family",7.0,123937
Dragon: The Bruce Lee Story,1993,"Action,Biography,Drama",7.0,33883
Fearless,1993,"Drama,Thriller",7.0,26244
Grumpy Old Men,1993,"Comedy,Drama,Romance",7.0,57623
Heart and Souls,1993,"Comedy,Drama,Fantasy",7.0,20282
Homeward Bound: The Incredible Journey,1993,"Adventure,Comedy,Drama",7.0,55549
The Visitors,1993,"Comedy,Fantasy",7.0,41175
Cemetery Man,1994,"Comedy,Horror",7.0,26297
Exotica,1994,Drama,7.0,22588
The Last Seduction,1994,"Crime,Drama,Romance",7.0,28832
The Mask,1994,"Comedy,Crime,Fantasy",7.0,472282
Maverick,1994,"Action,Adventure,Comedy",7.0,125186
Stargate,1994,"Action,Adventure,Sci-Fi",7.0,219847
A Goofy Movie,1995,"Adventure,Animation,Comedy",7.0,70016
Kids,1995,Drama,7.0,91970
Mallrats,1995,"Comedy,Romance",7.0,134489
Mighty Aphrodite,1995,"Comedy,Fantasy,Romance",7.0,45078
Nixon,1995,"Biography,Drama,History",7.0,34685
Swimming with Sharks,1994,"Comedy,Crime",7.0,24725
Happy Gilmore,1996,"Comedy,Sport",7.0,308587
The Hunchback of Notre Dame,1996,"Animation,Drama,Family",7.0,185052
Independence Day,1996,"Action,Adventure,Sci-Fi",7.0,648560
Matilda,1996,"Comedy,Family,Fantasy",7.0,196556
That Thing You Do!,1996,"Comedy,Drama,Music",7.0,78461
Austin Powers: International Man of Mystery,1997,"Adventure,Comedy",7.0,274285
The Boxer,1997,"Drama,Romance,Sport",7.0,23824
Breakdown,1997,"Action,Crime,Drama",7.0,70663
Cop Land,1997,"Crime,Drama,Thriller",7.0,115947
Dil To Pagal Hai,1997,"Comedy,Drama,Musical",7.0,27074
The Edge,1997,"Action,Adventure,Drama",7.0,85045
Fallen,1998,"Action,Crime,Drama",7.0,103419
Kundun,1997,"Biography,Drama,History",7.0,32288
Out of Sight,1998,"Comedy,Crime,Drama",7.0,105880
Payback,1999,"Action,Crime,Drama",7.0,153992
Titus,1999,"Drama,History,Thriller",7.0,22285
What Dreams May Come,1998,"Drama,Fantasy,Romance",7.0,120911
The X Files,1998,"Adventure,Drama,Mystery",7.0,115033
Return to Me,2000,"Comedy,Drama,Romance",7.0,25115
Pitch Black,2000,"Horror,Sci-Fi,Thriller",7.0,264507
The Thirteenth Floor,1999,"Mystery,Sci-Fi,Thriller",7.0,83218
Taxi,1998,"Action,Comedy,Crime",7.0,95437
My Dog Skip,2000,"Comedy,Drama,Family",7.0,22103
Croupier,1998,"Crime,Drama,Thriller",7.0,24838
American Pie,1999,Comedy,7.0,469556
The End of the Affair,1999,"Drama,Mystery,Romance",7.0,25608
Mansfield Park,1999,"Drama,Romance",7.0,27890
Boiler Room,2000,"Crime,Drama,Thriller",7.0,60374
Pollock,2000,"Biography,Drama",7.0,31030
A Knight's Tale,2001,"Action,Adventure,Drama",7.0,220735
Meet the Parents,2000,"Comedy,Romance",7.0,379534
The Salton Sea,2002,"Crime,Drama,Mystery",7.0,33422
Brotherhood of the Wolf,2001,"Action,Adventure,Drama",7.0,77049
Super Troopers,2001,"Comedy,Crime,Mystery",7.0,119053
Confessions of a Dangerous Mind,2002,"Biography,Comedy,Crime",7.0,95796
The Last Castle,2001,"Action,Drama,Thriller",7.0,91421
8 Women,2002,"Comedy,Crime,Musical",7.0,34903
Monster's Ball,2001,"Drama,Romance",7.0,97333
Old School,2003,Comedy,7.0,256707
Bad Santa,2003,"Comedy,Crime,Drama",7.0,167944
Bobby,2006,"Biography,Drama,History",7.0,43957
Holes,2003,"Adventure,Comedy,Drama",7.0,110406
Pieces of April,2003,"Comedy,Drama",7.0,23253
The Italian Job,2003,"Action,Crime,Thriller",7.0,408122
Underworld,2003,"Action,Fantasy,Thriller",7.0,301388
If Only,2004,"Comedy,Drama,Fantasy",7.0,35290
Unleashed,2005,"Action,Crime,Thriller",7.0,112216
An Unfinished Life,2005,"Drama,Family,Romance",7.0,36370
Madagascar,2005,"Adventure,Animation,Comedy",7.0,482105
Constantine,2005,"Action,Fantasy,Horror",7.0,409339
Kinsey,2004,"Biography,Drama,Romance",7.0,52662
Harold & Kumar Go to White Castle,2004,"Adventure,Comedy",7.0,215447
Napoleon Dynamite,2004,Comedy,7.0,257038
Coffee and Cigarettes,2003,"Comedy,Drama,Music",7.0,70989
The Merchant of Venice,2004,"Drama,Romance",7.0,40101
Wedding Crashers,2005,"Comedy,Romance",7.0,399326
Breach,2007,"Biography,Crime,Drama",7.0,63944
A Scanner Darkly,2006,"Animation,Comedy,Crime",7.0,122091
Hellboy II: The Golden Army,2008,"Action,Adventure,Fantasy",7.0,299153
Becoming Jane,2007,"Biography,Drama,Romance",7.0,68354
9th Company,2005,"Action,Drama,History",7.0,22547
Jarhead,2005,"Biography,Drama,War",7.0,225487
Find Me Guilty,2006,"Biography,Comedy,Crime",7.0,38092
Hard Candy,2005,"Drama,Thriller",7.0,174539
Masters of the Universe,2026,"Action,Adventure,Fantasy",7.0,32039
The Protector,2005,"Action,Crime,Drama",7.0,40350
The Kingdom,2007,"Action,Drama,Thriller",7.0,137688
P.S. I Love You,2007,"Comedy,Drama,Romance",7.0,226017
Shutter,2004,"Horror,Mystery,Thriller",7.0,54021
Invincible,2006,"Biography,Drama,Sport",7.0,79533
Shazam!,2019,"Action,Adventure,Comedy",7.0,414674
The Holiday,2006,"Comedy,Romance",7.0,368368
The Devil Wears Prada,2006,"Comedy,Drama",7.0,557493
Rambo,2008,"Action,Thriller",7.0,257071
"OSS 117: Cairo, Nest of Spies",2006,"Action,Adventure,Comedy",7.0,25371
9,2009,"Action,Adventure,Animation",7.0,157571
Charlie Wilson's War,2007,"Biography,Comedy,Drama",7.0,130822
Waitress,2007,"Comedy,Drama,Romance",7.0,51292
Curse of the Golden Flower,2006,"Action,Drama,Romance",7.0,47588
Priceless,2006,"Comedy,Romance",7.0,34333
Miss Potter,2006,"Biography,Drama,Romance",7.0,33962
Body of Lies,2008,"Action,Drama,Thriller",7.0,250977
Jack Reacher,2012,"Action,Thriller",7.0,392709
The Dirt,2019,"Biography,Comedy,Drama",7.0,60868
Thor,2011,"Action,Fantasy",7.0,968946
World War Z,2013,"Action,Adventure,Horror",7.0,786280
Marley & Me,2008,"Drama,Family",7.0,175955
The Kids Are All Right,2010,"Comedy,Drama,Romance",7.0,137536
Son of Rambow,2007,"Action,Adventure,Comedy",7.0,33727
The Warlords,2007,"Action,Adventure,Drama",7.0,28768
Unthinkable,2010,"Crime,Drama,Thriller",7.0,100651
Gomorrah,2008,"Crime,Drama",7.0,53273
Miss Pettigrew Lives for a Day,2008,"Comedy,Romance",7.0,30726
"Red, White & Royal Blue",2023,"Comedy,Romance",7.0,65951
A Serious Man,2009,"Comedy,Drama",7.0,158826
"The Gangster, the Cop, the Devil",2019,"Action,Crime,Thriller",7.0,33897
Rose Island,2020,"Adventure,Biography,Comedy",7.0,27798
Martyrs,2008,Horror,7.0,120950
Cadillac Records,2008,"Biography,Drama,Music",7.0,24578
Happy-Go-Lucky,2008,"Comedy,Drama,Romance",7.0,42696
Arthur the King,2024,"Adventure,Drama,Sport",7.0,39566
Planet Terror,2007,"Action,Comedy,Horror",7.0,233670
Thappad,2020,Drama,7.0,27852
Foxcatcher,2014,"Biography,Drama,History",7.0,155330
Two Lovers,2008,"Drama,Romance",7.0,45979
The Northman,2022,"Action,Adventure,Drama",7.0,301162
Pieces of a Woman,2020,Drama,7.0,60338
The Unbearable Weight of Massive Talent,2022,"Action,Comedy,Crime",7.0,179871
JCVD,2008,"Comedy,Crime,Drama",7.0,41441
Julie & Julia,2009,"Biography,Drama,Romance",7.0,136634
Runway 34,2022,"Drama,Thriller",7.0,31674
Orphan,2009,"Horror,Mystery,Thriller",7.0,278407
Relay,2024,"Action,Drama,Thriller",7.0,38423
"I Love You, Man",2009,"Comedy,Romance",7.0,226038
Demolition,2015,"Comedy,Drama",7.0,135095
Bronson,2008,"Action,Crime,Drama",7.0,150273
Away We Go,2009,"Comedy,Drama,Romance",7.0,56702
The Fallout,2021,Drama,7.0,43288
Badhaai Do,2022,"Comedy,Drama,Romance",7.0,23100
Get Low,2009,"Drama,Mystery",7.0,24830
I Am Love,2009,"Drama,Romance",7.0,25682
Extraction II,2023,"Action,Crime,Thriller",7.0,174085
RED,2010,"Action,Comedy,Crime",7.0,339361
The Cabin in the Woods,2011,"Horror,Mystery,Thriller",7.0,491742
Den of Thieves,2018,"Action,Crime,Drama",7.0,153974
The Devil's Double,2011,"Biography,Drama,Thriller",7.0,65444
Kalki 2898 AD,2024,"Action,Adventure,Sci-Fi",7.0,76511
Easy A,2010,"Comedy,Drama,Romance",7.0,444720
Behind the Candelabra,2013,"Biography,Drama,Music",7.0,47396
Tinker Tailor Soldier Spy,2011,"Drama,Mystery,Thriller",7.0,226981
"Good Luck, Have Fun, Don't Die",2025,"Action,Adventure,Comedy",7.0,54604
The Infiltrator,2016,"Biography,Crime,Drama",7.0,85182
Passengers,2016,"Drama,Romance,Sci-Fi",7.0,499577
Belle,2021,"Adventure,Animation,Drama",7.0,20598
We Bought a Zoo,2011,"Comedy,Drama,Family",7.0,160986
Kill the Irishman,2011,"Action,Biography,Crime",7.0,54756
Perfect Sense,2011,"Drama,Romance,Sci-Fi",7.0,67282
Prometheus,2012,"Adventure,Sci-Fi",7.0,701892
Filth,2013,"Action,Comedy,Crime",7.0,122532
Buried,2010,"Drama,Mystery,Thriller",7.0,176687
Oblivion,2013,"Action,Adventure,Sci-Fi",7.0,587454
Late Night with the Devil,2023,Horror,7.0,148834
An Action Hero,2022,"Action,Comedy,Crime",7.0,33705
One Day,2011,"Drama,Romance",7.0,180152
Elemental,2023,"Adventure,Animation,Comedy",7.0,165646
Barbarian,2022,"Horror,Mystery,Thriller",7.0,263358
Oh Dear,2010,Comedy,7.0,23098
Pawn Sacrifice,2014,"Biography,Drama,History",7.0,54404
Soul Surfer,2011,"Biography,Drama,Family",7.0,55850
The Drop,2014,"Crime,Drama,Mystery",7.0,170400
Heartbeats,2010,"Comedy,Drama,Romance",7.0,31172
The Foreigner,2017,"Action,Crime,Thriller",7.0,132852
ParaNorman,2012,"Adventure,Animation,Comedy",7.0,117859
The Legend Is Born: Ip Man,2010,"Action,Biography,Drama",7.0,33281
Challengers,2024,"Comedy,Drama,Romance",7.0,180201
Million Dollar Arm,2014,"Biography,Drama,Family",7.0,49465
Super 8,2011,"Action,Sci-Fi,Thriller",7.0,381532
Chronicle,2012,"Crime,Mystery,Sci-Fi",7.0,278429
The Spectacular Now,2013,"Drama,Romance",7.0,168797
People Like Us,2012,"Comedy,Drama",7.0,45106
We're the Millers,2013,"Comedy,Crime",7.0,526109
Civil War,2024,"Action,Thriller,War",7.0,270247
The Zookeeper's Wife,2017,"Biography,Drama,History",7.0,49322
Saltburn,2023,"Drama,Thriller",7.0,267741
The Trip,2010,"Comedy,Drama",7.0,24226
Danny Collins,2015,"Comedy,Drama,Music",7.0,35025
The Boys in the Boat,2023,"Biography,Drama,History",7.0,30422
Pearl,2022,"Drama,Horror,Thriller",7.0,160320
Brimstone,2016,"Drama,Thriller,Western",7.0,49405
Fast & Furious 6,2013,"Action,Adventure,Crime",7.0,440854
The Angels' Share,2012,"Comedy,Crime,Drama",7.0,28291
Now Is Good,2012,"Drama,Romance",7.0,35734
The Young and Prodigious T.S. Spivet,2013,"Adventure,Comedy,Drama",7.0,21540
Robot & Frank,2012,"Comedy,Crime,Drama",7.0,67335
Knox Goes Away,2023,"Crime,Thriller",7.0,30767
Wicked Little Letters,2023,"Biography,Comedy,Crime",7.0,45191
Side Effects,2013,"Crime,Drama,Mystery",7.0,205862
Holy Motors,2012,"Drama,Fantasy",7.0,51424
Ip Man 4: The Finale,2019,"Action,Biography,Drama",7.0,41043
The 100 Year-Old Man Who Climbed Out the Window and Disappeared,2013,"Adventure,Comedy",7.0,44302
A Real Pain,2024,"Comedy,Drama",7.0,157564
22 Jump Street,2014,"Action,Comedy,Crime",7.0,441323
The Grand Seduction,2013,Comedy,7.0,21159
Enough Said,2013,"Comedy,Drama,Romance",7.0,70412
Gabbar Is Back,2015,"Action,Crime,Drama",7.0,29621
The Peanuts Movie,2015,"Adventure,Animation,Comedy",7.0,53638
Fathers & Daughters,2015,Drama,7.0,30858
Star Trek Beyond,2016,"Action,Adventure,Sci-Fi",7.0,270556
Madgaon Express,2024,"Comedy,Drama",7.0,42770
We Live in Time,2024,"Drama,Romance",7.0,73083
The Longest Ride,2015,"Drama,Romance",7.0,94845
Juror #2,2024,"Crime,Drama,Mystery",7.0,127452
The Little Death,2014,"Comedy,Drama,Romance",7.0,28690
Serial Bad Weddings,2014,Comedy,7.0,48489
Ip Man 3,2015,"Action,Biography,Crime",7.0,64853
The Dressmaker,2015,"Comedy,Drama",7.0,71044
The Ugly Stepsister,2025,"Comedy,Drama,Horror",7.0,46006
The Christmas Chronicles,2018,"Adventure,Comedy,Family",7.0,94317
The Water Diviner,2014,"Drama,History,War",7.0,81113
Spy,2015,"Action,Comedy",7.0,274927
Matilda: The Musical,2022,"Comedy,Drama,Family",7.0,33387
American Honey,2016,"Adventure,Drama,Romance",7.0,50008
Colonia,2015,"Biography,Drama,History",7.0,59823
The Innocents,2021,"Drama,Fantasy,Horror",7.0,30044
Look Who's Back,2015,"Comedy,Drama,Fantasy",7.0,54191
The Gift,2015,"Drama,Mystery,Thriller",7.0,186039
Ghostbusters: Afterlife,2021,"Adventure,Comedy,Fantasy",7.0,241641
Rustom,2016,"Crime,Drama,Thriller",7.0,31492
Border,2018,"Crime,Drama,Fantasy",7.0,37492
Leo,2023,"Adventure,Animation,Comedy",7.0,46399
Ralph Breaks the Internet,2018,"Adventure,Animation,Comedy",7.0,206518
Superman,2025,"Action,Adventure,Sci-Fi",7.0,420517
Greyhound,2020,"Action,Drama,History",7.0,134485
Professor Marston & the Wonder Women,2017,"Biography,Drama,History",7.0,30541
Abominable,2019,"Adventure,Animation,Comedy",7.0,46992
The Super Mario Bros. Movie,2023,"Adventure,Animation,Comedy",7.0,297626
The Bob's Burgers Movie,2022,"Adventure,Animation,Comedy",7.0,24349
The Platform,2019,"Horror,Mystery,Sci-Fi",7.0,325765
The Kid Detective,2020,"Comedy,Crime,Drama",7.0,25627
Kabir Singh,2019,"Drama,Romance",7.0,45779
The Sea Beast,2022,"Action,Adventure,Animation",7.0,65709
Last Night in Soho,2021,"Drama,Horror,Mystery",7.0,200296
The Mummy,1932,"Fantasy,Horror",6.9,33419
Creature from the Black Lagoon,1954,"Horror,Sci-Fi",6.9,38517
Alphaville,1965,"Comedy,Drama,Mystery",6.9,30162
Thunderball,1965,"Action,Adventure,Thriller",6.9,138274
The Thomas Crown Affair,1968,"Crime,Drama,Romance",6.9,31973
Love Story,1970,"Drama,Romance",6.9,40378
Bananas,1971,Comedy,6.9,40090
Play Misty for Me,1971,"Drama,Thriller",6.9,35272
The Big Boss,1971,"Action,Crime,Drama",6.9,31798
Charlotte's Web,1973,"Adventure,Animation,Drama",6.9,22938
Westworld,1973,"Action,Drama,Sci-Fi",6.9,67621
Death Wish,1974,"Action,Crime,Drama",6.9,48284
The Stepford Wives,1975,"Horror,Mystery,Sci-Fi",6.9,21776
The Eagle Has Landed,1976,"Adventure,Drama,Thriller",6.9,27355
Silver Streak,1976,"Action,Comedy,Crime",6.9,23522
The Rescuers,1977,"Adventure,Animation,Comedy",6.9,75505
Coma,1978,"Drama,Mystery,Thriller",6.9,22978
Heaven Can Wait,1978,"Comedy,Fantasy,Romance",6.9,25742
Up in Smoke,1978,"Adventure,Comedy,Music",6.9,43651
The Great Train Robbery,1978,"Adventure,Crime,Drama",6.9,21896
9 to 5,1980,Comedy,6.9,43532
Altered States,1980,"Horror,Sci-Fi,Thriller",6.9,42630
Time Bandits,1981,"Adventure,Comedy,Fantasy",6.9,74401
Arthur,1981,"Comedy,Romance",6.9,33713
Clash of the Titans,1981,"Action,Adventure,Fantasy",6.9,51490
Conan the Barbarian,1982,"Adventure,Fantasy",6.9,174284
48 Hrs.,1982,"Action,Comedy,Crime",6.9,93597
Rocky III,1982,"Drama,Sport",6.9,229339
The Muppets Take Manhattan,1984,"Adventure,Comedy,Drama",6.9,24318
Romancing the Stone,1984,"Action,Adventure,Comedy",6.9,112360
Enemy Mine,1985,"Action,Adventure,Drama",6.9,54909
Fletch,1985,"Comedy,Crime,Mystery",6.9,61574
Ladyhawke,1985,"Adventure,Comedy,Drama",6.9,55396
Real Genius,1985,"Comedy,Romance,Sci-Fi",6.9,41458
Rocky IV,1985,"Drama,Sport",6.9,246161
An American Tail,1986,"Adventure,Animation,Comedy",6.9,61707
At Close Range,1986,"Crime,Drama",6.9,20609
Flight of the Navigator,1986,"Adventure,Comedy,Family",6.9,55545
Armour of God,1986,"Action,Adventure,Comedy",6.9,24421
Ruthless People,1986,"Comedy,Crime",6.9,32820
Something Wild,1986,"Comedy,Crime,Romance",6.9,23987
Adventures in Babysitting,1987,"Adventure,Comedy,Crime",6.9,54312
Fatal Attraction,1987,"Drama,Thriller",6.9,111850
Hellraiser,1987,"Horror,Thriller",6.9,154287
The Monster Squad,1987,"Action,Comedy,Fantasy",6.9,39369
Near Dark,1987,Horror,6.9,49790
Opera,1987,"Crime,Horror,Mystery",6.9,21815
Overboard,1987,"Comedy,Romance",6.9,77094
Scrooged,1988,"Comedy,Drama,Fantasy",6.9,129118
Tetsuo: The Iron Man,1989,"Horror,Sci-Fi",6.9,29196
Tucker: The Man and His Dream,1988,"Biography,Comedy,Drama",6.9,22686
Bill & Ted's Excellent Adventure,1989,"Adventure,Comedy,Music",6.9,149834
The Fabulous Baker Boys,1989,"Comedy,Drama,Music",6.9,27833
"See No Evil, Hear No Evil",1989,"Comedy,Crime",6.9,62457
UHF,1989,"Comedy,Sci-Fi",6.9,34335
The War of the Roses,1989,"Comedy,Romance",6.9,62992
King of New York,1990,"Crime,Thriller",6.9,48958
Memphis Belle,1990,"Action,Drama,War",6.9,32150
Presumed Innocent,1990,"Mystery,Thriller",6.9,52956
My Girl,1991,"Comedy,Drama,Family",6.9,98329
My Own Private Idaho,1991,Drama,6.9,67332
The Naked Gun 2½: The Smell of Fear,1991,"Comedy,Crime",6.9,141826
Naked Lunch,1991,"Drama,Mystery",6.9,61022
Quigley Down Under,1990,"Action,Adventure,Drama",6.9,27386
Robin Hood: Prince of Thieves,1991,"Action,Adventure,Drama",6.9,222593
The Cutting Edge,1992,"Comedy,Drama,Romance",6.9,25327
Home Alone 2: Lost in New York,1992,"Adventure,Comedy,Crime",6.9,457485
Newsies,1992,"Drama,Family,History",6.9,24379
School Ties,1992,Drama,6.9,29451
Addams Family Values,1993,"Comedy,Fantasy",6.9,123777
Dave,1993,"Comedy,Romance",6.9,60337
The Firm,1993,"Crime,Drama,Mystery",6.9,161981
Hocus Pocus,1993,"Comedy,Family,Fantasy",6.9,172875
The House of the Spirits,1993,"Drama,Romance",6.9,26585
Ace Ventura: Pet Detective,1994,Comedy,6.9,355093
Clear and Present Danger,1994,"Action,Crime,Drama",6.9,116858
The Ref,1994,"Comedy,Crime,Drama",6.9,28715
The American President,1995,"Comedy,Drama,Romance",6.9,65523
Babe,1995,"Comedy,Drama,Family",6.9,142618
Clockers,1995,"Crime,Drama,Mystery",6.9,24995
Clueless,1995,"Comedy,Romance",6.9,279030
Dead Presidents,1995,"Action,Crime,Drama",6.9,26814
Get Shorty,1995,"Comedy,Crime,Thriller",6.9,96443
Rob Roy,1995,"Adventure,Biography,Drama",6.9,49552
Basquiat,1996,"Biography,Drama",6.9,23887
Bottle Rocket,1996,"Comedy,Crime,Drama",6.9,88530
Fly Away Home,1996,"Adventure,Drama,Family",6.9,28926
Kingpin,1996,"Comedy,Sport",6.9,96878
Muppet Treasure Island,1996,"Action,Adventure,Comedy",6.9,29387
Set It Off,1996,"Action,Crime,Drama",6.9,20489
Affliction,1997,"Drama,Mystery,Thriller",6.9,21711
Con Air,1997,"Action,Crime,Thriller",6.9,340431
Liar Liar,1997,"Comedy,Fantasy",6.9,363802
Private Parts,1997,"Biography,Comedy,Drama",6.9,40536
Selena,1997,"Biography,Drama,Music",6.9,33885
Suicide Kings,1997,"Comedy,Crime,Drama",6.9,30623
Velvet Goldmine,1998,"Drama,Music",6.9,40463
The Wedding Singer,1998,"Comedy,Music,Romance",6.9,173894
He Got Game,1998,"Drama,Sport",6.9,54937
Patch Adams,1998,"Biography,Comedy,Drama",6.9,130473
Ravenous,1999,"Adventure,Drama,Horror",6.9,46722
The Road to El Dorado,2000,"Adventure,Animation,Comedy",6.9,119551
Playing by Heart,1998,"Comedy,Drama,Romance",6.9,21038
Any Given Sunday,1999,"Drama,Sport",6.9,131605
The Thomas Crown Affair,1999,"Crime,Romance,Thriller",6.9,109531
Bringing Out the Dead,1999,"Drama,Thriller",6.9,81468
Stir of Echoes,1999,"Horror,Mystery,Thriller",6.9,93055
The Limey,1999,"Crime,Drama,Mystery",6.9,38271
Hellboy,2004,"Action,Adventure,Fantasy",6.9,371190
Tigerland,2000,"Drama,War",6.9,44267
But I'm a Cheerleader,1999,"Comedy,Drama,Romance",6.9,52028
Bicentennial Man,1999,"Drama,Romance,Sci-Fi",6.9,134215
Shadow of the Vampire,2000,"Drama,Horror",6.9,47931
Saving Grace,2000,"Comedy,Crime",6.9,20170
The Contender,2000,"Drama,Thriller",6.9,26096
Baadshah,1999,"Action,Comedy,Crime",6.9,22045
The Family Man,2000,"Comedy,Drama,Fantasy",6.9,131194
The Crimson Rivers,2000,"Crime,Mystery,Thriller",6.9,69964
Atlantis: The Lost Empire,2001,"Action,Adventure,Animation",6.9,148360
Bully,2001,"Biography,Crime,Drama",6.9,42132
Heaven,2002,"Crime,Drama,Romance",6.9,25936
Hearts in Atlantis,2001,"Drama,Mystery",6.9,43505
The Rookie,2002,"Drama,Family,Sport",6.9,39470
The Majestic,2001,"Drama,Romance",6.9,60928
Secretary,2002,"Comedy,Drama,Romance",6.9,108912
Bubba Ho-Tep,2002,"Comedy,Fantasy,Horror",6.9,54298
Rent,2005,"Drama,Musical,Romance",6.9,58236
Ichi the Killer,2001,"Crime,Drama",6.9,64093
The United States of Leland,2003,Drama,6.9,25322
Radio,2003,"Biography,Drama,Sport",6.9,48479
Mission: Impossible III,2006,"Action,Adventure,Thriller",6.9,426002
The Cooler,2003,"Drama,Romance",6.9,37285
Wicker Park,2004,"Drama,Mystery,Romance",6.9,59967
Brother Bear,2003,"Adventure,Animation,Comedy",6.9,136943
Girl with a Pearl Earring,2003,"Biography,Drama,Romance",6.9,84513
Calendar Girls,2003,"Comedy,Drama",6.9,28349
"The Chronicles of Narnia: The Lion, the Witch and the Wardrobe",2005,"Adventure,Family,Fantasy",6.9,459098
The Assassination of Richard Nixon,2004,"Biography,Crime,Drama",6.9,26575
National Treasure,2004,"Action,Adventure,Mystery",6.9,378258
Jurassic World,2015,"Action,Adventure,Sci-Fi",6.9,731419
New Police Story,2004,"Action,Crime,Thriller",6.9,30997
A Good Year,2006,"Comedy,Drama,Romance",6.9,107384
The Guardian,2006,"Adventure,Drama",6.9,103485
Russian Dolls,2005,"Comedy,Drama,Romance",6.9,21956
Junebug,2005,"Comedy,Drama",6.9,24012
Three... Extremes,2004,Horror,6.9,22006
Gridiron Gang,2006,"Biography,Crime,Drama",6.9,82998
Charlie Bartlett,2007,"Comedy,Drama,Romance",6.9,68280
Alpha Dog,2006,"Biography,Crime,Drama",6.9,111827
The Lookout,2007,"Crime,Drama,Thriller",6.9,62216
Goya's Ghosts,2006,"Biography,Drama,History",6.9,33257
Grandma's Boy,2006,Comedy,6.9,93340
Captain America: The First Avenger,2011,"Action,Adventure,Sci-Fi",6.9,970729
Black Snake Moan,2006,"Drama,Music",6.9,69039
Alan Partridge,2013,"Action,Comedy,Crime",6.9,34200
A Guide to Recognizing Your Saints,2006,"Crime,Drama",6.9,28563
Extremely Loud & Incredibly Close,2011,"Adventure,Drama,Mystery",6.9,107988
Knocked Up,2007,"Comedy,Romance",6.9,400452
Crank,2006,"Action,Crime,Thriller",6.9,278056
Ocean's Thirteen,2007,"Crime,Thriller",6.9,387934
"I'm a Cyborg, But That's OK",2006,"Comedy,Drama,Romance",6.9,27416
Bright Star,2009,"Biography,Drama,Romance",6.9,29887
Step Brothers,2008,Comedy,6.9,342319
Walk Hard: The Dewey Cox Story,2007,"Comedy,Music",6.9,81861
Cloudy with a Chance of Meatballs,2009,"Adventure,Animation,Comedy",6.9,286420
Evangelion: 3.0 You Can (Not) Redo,2012,"Action,Animation,Drama",6.9,22033
The Duchess,2008,"Biography,Drama,History",6.9,91097
Frequently Asked Questions About Time Travel,2009,"Comedy,Sci-Fi",6.9,38816
Pineapple Express,2008,"Action,Comedy,Crime",6.9,373692
Rabbit Hole,2010,Drama,6.9,52872
The Amazing Spider-Man,2012,"Action,Sci-Fi",6.9,768753
The Conspirator,2010,"Crime,Drama,History",6.9,31137
Traitor,2008,"Action,Crime,Drama",6.9,60958
Ma Rainey's Black Bottom,2020,"Drama,Music",6.9,78333
Ice Age: Dawn of the Dinosaurs,2009,"Adventure,Animation,Comedy",6.9,286788
The Wackness,2008,"Comedy,Drama,Romance",6.9,31787
Paul,2011,"Adventure,Comedy,Sci-Fi",6.9,283164
Pig,2021,"Drama,Mystery",6.9,105480
Haseen Dillruba,2021,"Crime,Drama,Mystery",6.9,35204
Free State of Jones,2016,"Action,Biography,Drama",6.9,68365
Frankenweenie,2012,"Animation,Comedy,Drama",6.9,126685
Public Enemies,2009,"Biography,Crime,Drama",6.9,335470
The Last Stop in Yuma County,2023,"Crime,Drama,Thriller",6.9,25304
The Outrun,2024,"Biography,Drama",6.9,22615
Whip It,2009,"Drama,Sport",6.9,72453
Welcome to the Rileys,2010,Drama,6.9,26015
Vikrant Rona,2022,"Action,Drama,Mystery",6.9,29602
The World's End,2013,"Action,Comedy,Sci-Fi",6.9,313435
Kill the Messenger,2014,"Biography,Crime,Drama",6.9,50295
Legend of the Guardians: The Owls of Ga'Hoole,2010,"Action,Adventure,Animation",6.9,92166
Iron Man 2,2010,"Action,Sci-Fi",6.9,941201
The Trip,2021,"Action,Comedy,Horror",6.9,31424
Mission Majnu,2023,"Action,Drama,History",6.9,45609
Women Talking,2022,Drama,6.9,79429
Hesher,2010,"Comedy,Drama",6.9,55759
Rio,2011,"Adventure,Animation,Comedy",6.9,274391
Sisu,2022,"Action,Thriller,War",6.9,123221
Horrible Bosses,2011,"Comedy,Crime",6.9,488617
Merry Christmas,2024,"Drama,Mystery,Thriller",6.9,30619
Another Earth,2011,"Drama,Romance,Sci-Fi",6.9,104545
Get the Gringo,2012,"Action,Drama,Thriller",6.9,114908
The Last Kingdom: Seven Kings Must Die,2023,"Action,Drama,History",6.9,44041
Maleficent,2014,"Adventure,Drama,Family",6.9,425249
Frank,2014,"Comedy,Drama,Music",6.9,84702
Hector and the Search for Happiness,2014,"Adventure,Comedy,Drama",6.9,52890
Courageous,2011,Drama,6.9,22792
When Evil Lurks,2023,Horror,6.9,62289
Ted,2012,Comedy,6.9,712207
My Week with Marilyn,2011,"Biography,Drama",6.9,91582
Cinderella,2015,"Adventure,Drama,Family",6.9,205556
Pacific Rim,2013,"Action,Adventure,Sci-Fi",6.9,560203
Troll Hunter,2010,"Drama,Fantasy,Thriller",6.9,83492
Sonic the Hedgehog 3,2024,"Action,Adventure,Comedy",6.9,81742
Agneepath,2012,"Action,Crime,Drama",6.9,28868
My Old Ass,2024,"Comedy,Drama,Fantasy",6.9,47616
Kodachrome,2017,Drama,6.9,21674
A Pigeon Sat on a Branch Reflecting on Existence,2014,"Comedy,Drama,Fantasy",6.9,20556
Trance,2013,"Crime,Drama,Mystery",6.9,121114
Nymphomaniac: Vol. I,2013,Drama,6.9,139192
The Hitman's Bodyguard,2017,"Action,Adventure,Comedy",6.9,263157
Labor Day,2013,"Crime,Drama,Romance",6.9,56650
The 33,2015,"Biography,Drama,History",6.9,41866
All Is Lost,2013,"Action,Adventure,Drama",6.9,87915
Non-Stop,2014,"Action,Mystery,Thriller",6.9,287965
In Your Eyes,2014,"Fantasy,Romance",6.9,33010
A Different Man,2024,"Drama,Thriller",6.9,38579
Love and Monsters,2020,"Action,Adventure,Animation",6.9,160450
Jumanji: Welcome to the Jungle,2017,"Action,Adventure,Comedy",6.9,505357
Nickel Boys,2024,Drama,6.9,24349
2 States,2014,"Comedy,Drama,Romance",6.9,28504
Thelma,2024,"Action,Comedy",6.9,29093
Tom at the Farm,2013,"Drama,Mystery,Thriller",6.9,20201
Get on Up,2014,"Biography,Drama,Music",6.9,27307
Eternity,2025,"Comedy,Drama,Fantasy",6.9,61563
Companion,2025,"Sci-Fi,Thriller",6.9,180269
Game Night,2018,"Action,Adventure,Comedy",6.9,280304
Sitaare Zameen Par,2025,"Comedy,Drama,Sport",6.9,33948
What We Did on Our Holiday,2014,"Comedy,Drama",6.9,26157
Exhuma,2024,"Horror,Mystery",6.9,29618
A Most Violent Year,2014,"Crime,Drama,Thriller",6.9,81933
Crazy Rich Asians,2018,"Comedy,Drama,Romance",6.9,209804
Dügün Dernek,2013,Comedy,6.9,25398
Finch,2021,"Adventure,Drama,Sci-Fi",6.9,112332
Legend,2015,"Biography,Crime,Drama",6.9,224581
Solo: A Star Wars Story,2018,"Action,Adventure,Sci-Fi",6.9,411236
Stronger,2017,"Biography,Drama",6.9,54178
Swiss Army Man,2016,"Comedy,Drama,Fantasy",6.9,141661
Roofman,2025,"Biography,Crime,Drama",6.9,79537
Raw,2016,"Drama,Horror",6.9,96862
Everybody Knows,2018,"Crime,Drama,Mystery",6.9,40394
The Sisters Brothers,2018,"Drama,Western",6.9,75578
Lee,2023,"Biography,Drama,History",6.9,35161
The Meyerowitz Stories,2017,"Comedy,Drama",6.9,56841
Tully,2018,"Comedy,Drama,Mystery",6.9,66580
Sorry to Bother You,2018,"Comedy,Drama,Fantasy",6.9,94825
Borg vs. McEnroe,2017,"Biography,Drama,Sport",6.9,36482
Life Itself,2018,"Drama,Romance",6.9,27170
Aladdin,2019,"Adventure,Comedy,Family",6.9,315893
Wonka,2023,"Adventure,Comedy,Family",6.9,194527
Thelma,2017,"Drama,Fantasy,Horror",6.9,39939
At Eternity's Gate,2018,"Biography,Drama,History",6.9,44412
Boy Erased,2018,"Biography,Drama",6.9,46285
The Black Phone,2021,"Horror,Mystery,Thriller",6.9,266366
The Wolf's Call,2019,"Action,Thriller",6.9,24295
Ready or Not,2019,"Comedy,Horror,Mystery",6.9,253156
The Bad Guys,2022,"Adventure,Animation,Comedy",6.9,80998
Blinded by the Light,2019,"Comedy,Drama,Music",6.9,28605
Jerry & Marge Go Large,2022,"Biography,Comedy,Drama",6.9,35299
Climax,2018,"Drama,Horror,Music",6.9,90211
The Adventures of Ichabod and Mr. Toad,1949,"Animation,Comedy,Family",6.8,20262
How to Marry a Millionaire,1953,"Comedy,Drama,Romance",6.8,26897
Lord of the Flies,1963,"Adventure,Drama,Thriller",6.8,22124
Fantastic Voyage,1966,"Adventure,Sci-Fi",6.8,22505
You Only Live Twice,1967,"Action,Adventure,Thriller",6.8,127847
Sisters,1972,"Horror,Mystery,Thriller",6.8,23572
Last Tango in Paris,1972,"Drama,Romance",6.8,62780
The Sugarland Express,1974,"Crime,Drama",6.8,22291
Bugsy Malone,1976,"Comedy,Crime,Family",6.8,20966
Family Plot,1976,"Comedy,Crime,Drama",6.8,26933
Logan's Run,1976,"Action,Adventure,Sci-Fi",6.8,65829
Midway,1976,"Action,Drama,History",6.8,23362
Saturday Night Fever,1977,"Drama,Music",6.8,94978
Capricorn One,1978,"Action,Adventure,Drama",6.8,27356
The Brood,1979,"Horror,Sci-Fi",6.8,38136
Mad Max,1979,"Action,Adventure,Sci-Fi",6.8,245419
Zombie,1979,Horror,6.8,33428
The Fog,1980,"Horror,Thriller",6.8,91951
Superman II,1980,"Action,Adventure,Sci-Fi",6.8,123816
History of the World: Part I,1981,"Comedy,History,Musical",6.8,59184
Stripes,1981,"Comedy,War",6.8,86252
Taps,1981,Drama,6.8,22014
Creepshow,1982,"Comedy,Fantasy,Horror",6.8,57847
Dead Men Don't Wear Plaid,1982,"Comedy,Crime,Mystery",6.8,25853
Christine,1983,"Horror,Thriller",6.8,102813
Risky Business,1983,"Comedy,Crime,Drama",6.8,108502
Body Double,1984,"Crime,Drama,Mystery",6.8,45449
Repo Man,1984,"Comedy,Crime,Sci-Fi",6.8,45575
Young Sherlock Holmes,1985,"Adventure,Fantasy,Mystery",6.8,25319
Heartbreak Ridge,1986,"Drama,War",6.8,52564
River's Edge,1986,"Crime,Drama",6.8,23408
Bloodsport,1988,"Action,Drama,Sport",6.8,103517
Can't Buy Me Love,1987,"Comedy,Drama,Romance",6.8,46172
Innerspace,1987,"Action,Adventure,Comedy",6.8,70253
Frantic,1988,"Crime,Drama,Mystery",6.8,61800
Working Girl,1988,"Comedy,Drama,Romance",6.8,68127
Young Guns,1988,"Action,Drama,Western",6.8,74035
The 'Burbs,1989,"Comedy,Mystery,Thriller",6.8,92497
All Dogs Go to Heaven,1989,"Adventure,Animation,Comedy",6.8,49697
Dead Calm,1989,"Horror,Thriller",6.8,48129
Sea of Love,1989,"Crime,Drama,Mystery",6.8,48761
DuckTales: The Movie - Treasure of the Lost Lamp,1990,"Adventure,Animation,Comedy",6.8,30471
The Grifters,1990,"Crime,Drama,Thriller",6.8,33488
Night of the Living Dead,1990,Horror,6.8,49185
Quick Change,1990,"Comedy,Crime",6.8,24175
The Rescuers Down Under,1990,"Adventure,Animation,Comedy",6.8,51389
Teenage Mutant Ninja Turtles,1990,"Action,Adventure,Comedy",6.8,112880
The Witches,1990,"Adventure,Comedy,Family",6.8,59491
The Lover,1992,"Biography,Drama,Romance",6.8,25377
Bugsy,1991,"Biography,Crime,Drama",6.8,33563
City Slickers,1991,"Comedy,Western",6.8,67431
Dead Again,1991,"Crime,Drama,Mystery",6.8,32434
Frankie and Johnny,1991,"Comedy,Drama,Romance",6.8,38605
Hook,1991,"Adventure,Comedy,Family",6.8,292400
The Prince of Tides,1991,"Drama,Romance",6.8,21492
Candyman,1992,"Horror,Thriller",6.8,109623
El Mariachi,1992,"Action,Crime,Thriller",6.8,74915
Patriot Games,1992,"Action,Thriller",6.8,128677
Romper Stomper,1992,"Crime,Drama,Thriller",6.8,43622
Singles,1992,"Comedy,Drama,Music",6.8,35500
White Men Can't Jump,1992,"Comedy,Sport",6.8,103937
Sleepless in Seattle,1993,"Comedy,Drama,Romance",6.8,207953
Serial Mom,1994,"Comedy,Crime,Thriller",6.8,38145
Bad Boys,1995,"Action,Comedy,Crime",6.8,316369
Devil in a Blue Dress,1995,"Crime,Drama,Mystery",6.8,27695
Rumble in the Bronx,1995,"Action,Comedy,Crime",6.8,49756
Now and Then,1995,"Comedy,Drama,Romance",6.8,34953
To Die For,1995,"Comedy,Crime,Drama",6.8,60181
"To Wong Foo, Thanks for Everything! Julie Newmar",1995,"Comedy,Drama",6.8,41703
While You Were Sleeping,1995,"Comedy,Drama,Romance",6.8,127289
Beavis and Butt-Head Do America,1996,"Adventure,Animation,Comedy",6.8,63015
The Crucible,1996,"Drama,History",6.8,42875
Freeway,1996,"Crime,Drama,Thriller",6.8,34338
The Ghost and the Darkness,1996,"Adventure,Drama,Thriller",6.8,70749
The Long Kiss Goodnight,1996,"Action,Crime,Drama",6.8,93066
Bulworth,1998,"Comedy,Drama,Romance",6.8,28277
Great Expectations,1998,"Drama,Romance",6.8,60474
Lolita,1997,"Drama,Romance",6.8,74891
Stepmom,1998,"Comedy,Drama",6.8,80475
The Mask of Zorro,1998,"Action,Adventure,Comedy",6.8,210732
eXistenZ,1999,"Horror,Mystery,Sci-Fi",6.8,114042
Life,1999,"Comedy,Crime,Drama",6.8,61289
Simon Birch,1998,"Comedy,Drama,Family",6.8,23038
Who Am I?,1998,"Action,Adventure,Comedy",6.8,45747
Cruel Intentions,1999,"Drama,Romance",6.8,221015
Detroit Rock City,1999,"Adventure,Comedy,Music",6.8,41731
Sinbad: Legend of the Seven Seas,2003,"Adventure,Animation,Comedy",6.8,64443
Ginger Snaps,2000,"Drama,Fantasy,Horror",6.8,57845
Hannibal,2001,"Crime,Drama,Thriller",6.8,314317
The Score,2001,"Crime,Drama,Thriller",6.8,144266
The Fast and the Furious,2001,"Action,Crime,Thriller",6.8,459041
Serendipity,2001,"Comedy,Romance",6.8,132043
Bridget Jones's Diary,2001,"Comedy,Drama,Romance",6.8,287443
Lost and Delirious,2001,"Drama,Romance",6.8,23451
One Hour Photo,2002,"Drama,Thriller",6.8,140214
The Importance of Being Earnest,2002,"Comedy,Drama,Romance",6.8,25994
Dog Soldiers,2002,"Action,Horror,Thriller",6.8,71204
Igby Goes Down,2002,"Comedy,Drama",6.8,37452
Signs,2002,"Drama,Mystery,Sci-Fi",6.8,415418
The Transporter,2002,"Action,Crime,Thriller",6.8,338776
Veronica Guerin,2003,"Biography,Crime,Drama",6.8,23061
Bruce Almighty,2003,"Comedy,Fantasy",6.8,471704
Peter Pan,2003,"Adventure,Family,Fantasy",6.8,85157
Thirteen,2003,Drama,6.8,107092
Under the Tuscan Sun,2003,"Comedy,Drama,Romance",6.8,65391
Something's Gotta Give,2003,"Comedy,Drama,Romance",6.8,139621
A Series of Unfortunate Events,2004,"Adventure,Comedy,Family",6.8,231788
50 First Dates,2004,"Comedy,Drama,Romance",6.8,416554
Syriana,2005,"Drama,Thriller",6.8,138747
Tenacious D in the Pick of Destiny,2006,"Adventure,Comedy,Music",6.8,119828
The Upside of Anger,2005,"Comedy,Drama",6.8,24074
Millions,2004,"Comedy,Crime,Drama",6.8,27247
I'm Not There,2007,"Biography,Drama,Music",6.8,63540
Che: Part Two,2008,"Biography,Drama,History",6.8,36476
Tristan + Isolde,2006,"Action,Drama,Romance",6.8,56260
Oliver Twist,2005,"Crime,Drama",6.8,35715
Motherless Brooklyn,2019,"Crime,Drama,Mystery",6.8,66297
Meet the Robinsons,2007,"Adventure,Animation,Comedy",6.8,122259
Bolt,2008,"Adventure,Animation,Comedy",6.8,248991
The Island,2005,"Action,Sci-Fi,Thriller",6.8,342786
The Lake House,2006,"Drama,Fantasy,Romance",6.8,165663
Elizabeth: The Golden Age,2007,"Biography,Drama,History",6.8,78230
The Stanford Prison Experiment,2015,"Biography,Drama,History",6.8,48163
Street Kings,2008,"Action,Crime,Thriller",6.8,127881
Imagine Me & You,2005,"Comedy,Drama,Romance",6.8,39760
Four Brothers,2005,"Action,Crime,Drama",6.8,169727
Role Models,2008,Comedy,6.8,252417
Harsh Times,2005,"Action,Crime,Drama",6.8,70902
Ice Age: The Meltdown,2006,"Adventure,Animation,Comedy",6.8,319185
Before We Go,2014,"Comedy,Drama,Romance",6.8,69079
Keeping Mum,2005,"Comedy,Crime",6.8,38011
1408,2007,"Fantasy,Horror,Mystery",6.8,315131
Horton Hears a Who!,2008,"Adventure,Animation,Comedy",6.8,158999
Inland Empire,2006,"Drama,Fantasy,Mystery",6.8,69245
28 Weeks Later,2007,"Horror,Sci-Fi",6.8,364878
The History Boys,2006,"Comedy,Drama,Romance",6.8,22379
Unstoppable,2010,"Action,Thriller",6.8,219568
21,2008,"Crime,Drama,Thriller",6.8,281603
The Tree of Life,2011,"Drama,Fantasy",6.8,192651
Dan in Real Life,2007,"Comedy,Drama,Romance",6.8,111197
Disturbia,2007,"Crime,Drama,Mystery",6.8,274955
We Own the Night,2007,"Crime,Drama,Thriller",6.8,96704
The Boxtrolls,2014,"Adventure,Animation,Comedy",6.8,65178
Rendition,2007,"Drama,Thriller",6.8,59929
Sunshine Cleaning,2008,"Comedy,Drama",6.8,76219
Mr. Peabody & Sherman,2014,"Adventure,Animation,Comedy",6.8,84523
Green Zone,2010,"Action,Drama,Thriller",6.8,147997
Hitchcock,2012,"Biography,Drama,Romance",6.8,83527
Fair Game,2010,"Biography,Drama,Thriller",6.8,52845
Bones and All,2022,"Drama,Horror,Romance",6.8,74266
Om Shanti Om,2007,"Action,Comedy,Drama",6.8,56598
The Greatest Beer Run Ever,2022,"Adventure,Comedy,Drama",6.8,37397
The Power of the Dog,2021,"Drama,Western",6.8,237810
The Book of Eli,2010,"Action,Adventure,Drama",6.8,361898
Mank,2020,"Biography,Drama",6.8,105185
The Fantastic Four: First Steps,2025,"Action,Adventure,Sci-Fi",6.8,268875
Yes Man,2008,"Comedy,Romance",6.8,405700
The Electrical Life of Louis Wain,2021,"Biography,Drama,History",6.8,23917
Ink,2009,"Action,Drama,Fantasy",6.8,22946
Adventureland,2009,"Comedy,Drama,Romance",6.8,174840
Nope,2022,"Horror,Mystery,Sci-Fi",6.8,318401
Tron: Legacy,2010,"Action,Adventure,Sci-Fi",6.8,387856
The Map of Tiny Perfect Things,2021,"Comedy,Fantasy,Romance",6.8,33676
Rebel Ridge,2024,"Action,Crime,Drama",6.8,103443
Redeeming Love,2022,"Drama,Romance,Western",6.8,20603
Kingdom of the Planet of the Apes,2024,"Action,Adventure,Animation",6.8,169827
The House,2022,"Animation,Comedy,Drama",6.8,26049
Cemetery Junction,2010,"Comedy,Drama",6.8,24704
Vengeance,2022,"Comedy,Music,Mystery",6.8,41887
The Color Purple,2023,"Drama,Musical",6.8,20564
The Debt,2010,"Drama,Thriller",6.8,74056
Ondine,2009,"Drama,Mystery,Romance",6.8,23595
Middle Men,2009,"Comedy,Crime,Drama",6.8,39013
World's Greatest Dad,2009,"Comedy,Drama",6.8,42333
Madagascar 3: Europe's Most Wanted,2012,"Adventure,Animation,Comedy",6.8,218533
Ghostbusters,2016,"Action,Comedy,Fantasy",6.8,259193
Alone,2008,"Drama,Romance",6.8,25903
Reptile,2023,"Crime,Drama,Mystery",6.8,110396
Dhadak 2,2025,"Drama,Mystery,Romance",6.8,20503
Black Mass,2015,"Biography,Crime,Drama",6.8,202690
Dumb Money,2023,"Biography,Comedy,Drama",6.8,63354
Unknown,2011,"Action,Mystery,Thriller",6.8,276784
Men in Black 3,2012,"Action,Adventure,Comedy",6.8,412921
Martha Marcy May Marlene,2011,"Drama,Mystery,Thriller",6.8,58818
Quartet,2012,"Comedy,Drama,Music",6.8,22244
Salmon Fishing in the Yemen,2011,"Comedy,Drama,Romance",6.8,69130
Goon,2011,"Comedy,Drama,Sport",6.8,94342
Bridesmaids,2011,Comedy,6.8,326413
That Christmas,2024,"Adventure,Animation,Comedy",6.8,20572
What If,2013,"Comedy,Romance",6.8,84614
The Iceman,2012,"Biography,Crime,Drama",6.8,84088
Caught Stealing,2025,"Comedy,Crime,Thriller",6.8,85375
Mad God,2021,"Animation,Fantasy,Horror",6.8,20759
Barbie,2023,"Adventure,Comedy,Fantasy",6.8,688962
Anonymous,2011,"Drama,Thriller",6.8,43403
Trust,2010,"Crime,Drama,Mystery",6.8,46235
Shaolin,2011,"Action,Drama",6.8,20804
Champions,2023,"Comedy,Drama,Sport",6.8,36721
What Happened to Monday,2017,"Action,Crime,Fantasy",6.8,145147
Athena,2022,"Action,Drama,Thriller",6.8,25736
Caddo Lake,2024,"Drama,Mystery,Sci-Fi",6.8,56884
Dolphin Tale,2011,"Drama,Family",6.8,26918
The Skeleton Twins,2014,"Comedy,Drama,Romance",6.8,46955
Puncture,2011,"Biography,Drama,Mystery",6.8,25663
Insidious,2010,"Horror,Mystery,Thriller",6.8,367905
Contagion,2011,"Drama,Thriller",6.8,331714
The Vow,2012,"Drama,Romance",6.8,214330
Bleed for This,2016,"Biography,Drama,Sport",6.8,33616
Night Train to Lisbon,2013,"Mystery,Romance,Thriller",6.8,21926
Their Finest,2016,"Comedy,Drama,Romance",6.8,22302
The Fall Guy,2024,"Action,Comedy,Drama",6.8,267012
DogMan,2023,"Action,Crime,Drama",6.8,22960
The Equalizer 3,2023,"Action,Crime,Thriller",6.8,162716
Bernie,2011,"Biography,Comedy,Crime",6.8,67372
Weird: The Al Yankovic Story,2022,"Action,Biography,Comedy",6.8,49268
Jersey Boys,2014,"Biography,Drama,Music",6.8,38507
The First Time,2012,"Comedy,Drama,Romance",6.8,75768
Odd Thomas,2013,"Comedy,Fantasy,Horror",6.8,62378
Stonehearst Asylum,2014,"Drama,Horror,Mystery",6.8,65053
No Escape,2015,"Action,Adventure,Drama",6.8,98936
The Maze Runner,2014,"Action,Mystery,Sci-Fi",6.8,565313
Chappie,2015,"Action,Crime,Drama",6.8,284519
Sinister,2012,"Horror,Mystery,Thriller",6.8,317903
Singham,2011,"Action,Crime,Drama",6.8,22523
Hit Man,2023,"Comedy,Crime,Romance",6.8,131948
Trouble with the Curve,2012,"Drama,Romance,Sport",6.8,72334
The Lost Bus,2025,"Biography,Drama,History",6.8,54466
Long Shot,2019,"Comedy,Romance",6.8,128896
The Life List,2025,"Comedy,Drama,Romance",6.8,41213
Love at First Sight,2023,"Drama,Romance",6.8,43122
Dream Scenario,2023,"Comedy,Drama,Fantasy",6.8,94980
Draft Day,2014,"Drama,Sport",6.8,73395
Miss You Already,2015,"Comedy,Drama,Romance",6.8,20696
Leap!,2016,"Adventure,Animation,Comedy",6.8,26876
The Babadook,2014,"Drama,Horror,Mystery",6.8,270727
Joe,2013,"Crime,Drama,Thriller",6.8,53601
Mr. Turner,2014,"Biography,Drama,History",6.8,28716
Star Wars: Episode VIII - The Last Jedi,2017,"Action,Adventure,Fantasy",6.8,721188
The Order,2024,"Crime,Drama,Thriller",6.8,63108
Vettaiyan,2024,"Action,Crime,Drama",6.8,41263
Speak No Evil,2024,"Drama,Horror,Thriller",6.8,138919
Saturday Night,2024,"Biography,Comedy,Drama",6.8,39295
Annihilation,2018,"Adventure,Drama,Horror",6.8,395197
Mr. Holmes,2015,"Crime,Drama,Family",6.8,70378
The Diary of a Teenage Girl,2015,"Comedy,Drama,Romance",6.8,35588
Sisu: Road to Revenge,2025,"Action,Thriller,War",6.8,35551
It Follows,2014,"Horror,Mystery,Thriller",6.8,300475
Crime 101,2026,"Crime,Drama,Thriller",6.8,82794
The Rip,2026,"Action,Crime,Drama",6.8,133906
Tolkien,2019,"Biography,Drama,Romance",6.8,51472
X-Men: Apocalypse,2016,"Action,Adventure,Sci-Fi",6.8,493427
Hokum,2026,"Horror,Thriller",6.8,37716
Truth,2015,"Biography,Drama,History",6.8,22685
The House That Jack Built,2018,"Crime,Drama,Horror",6.8,106586
A Prayer Before Dawn,2017,"Action,Biography,Crime",6.8,29056
Florence Foster Jenkins,2016,"Biography,Comedy,Drama",6.8,62398
Under the Shadow,2016,"Drama,Fantasy,Horror",6.8,32692
The Good Nurse,2022,"Biography,Crime,Drama",6.8,91084
Frozen II,2019,"Adventure,Animation,Comedy",6.8,220209
Storks,2016,"Adventure,Animation,Comedy",6.8,72811
Denial,2016,"Biography,Drama",6.8,25342
It's Only the End of the World,2016,Drama,6.8,26355
Harriet,2019,"Action,Biography,Drama",6.8,36660
The Dry,2020,"Crime,Drama,Mystery",6.8,41020
The Ministry of Ungentlemanly Warfare,2024,"Action,Comedy,War",6.8,161311
All the Money in the World,2017,"Biography,Crime,Drama",6.8,96642
Escape from Pretoria,2020,"Action,Biography,Crime",6.8,50083
Spies in Disguise,2019,"Action,Adventure,Animation",6.8,63079
Victoria & Abdul,2017,"Biography,Comedy,Drama",6.8,40147
Skin,2018,"Biography,Crime,Drama",6.8,21249
Toc Toc,2017,Comedy,6.8,23158
I See You,2019,"Horror,Mystery,Thriller",6.8,76587
A Ghost Story,2017,"Drama,Fantasy,Mystery",6.8,86902
"Don't Worry, He Won't Get Far on Foot",2018,"Biography,Comedy,Drama",6.8,33329
Bombshell,2019,"Biography,Drama",6.8,136451
Arctic,2018,"Adventure,Drama",6.8,63568
Us,2019,"Horror,Mystery,Thriller",6.8,394758
News of the World,2020,"Action,Adventure,Drama",6.8,101411
Ballerina,2025,"Action,Adventure,Crime",6.8,156050
22 July,2018,"Crime,Drama,History",6.8,40877
Munich: The Edge of War,2021,"Biography,Drama,History",6.8,39758
Judy,2019,"Biography,Drama,Music",6.8,58620
Boss Level,2020,"Action,Adventure,Comedy",6.8,90686
Worth,2020,"Biography,Drama,History",6.8,20718
Yesterday,2019,"Comedy,Fantasy,Music",6.8,185455
Flamin' Hot,2023,"Biography,Drama,History",6.8,21432
Good Newwz,2019,"Comedy,Drama",6.8,23621
DC League of Super-Pets,2022,"Action,Adventure,Animation",6.8,80238
Extraction,2020,"Action,Crime,Thriller",6.8,290768
Monkey Man,2024,"Action,Crime,Thriller",6.8,100322
Doctor Strange in the Multiverse of Madness,2022,"Action,Adventure,Fantasy",6.8,547654
The Man Who Knew Too Much,1934,"Crime,Drama,Mystery",6.7,23542
Around the World in 80 Days,1956,"Adventure,Comedy,Family",6.7,32086
House on Haunted Hill,1959,"Crime,Horror,Mystery",6.7,34868
The Last Man on Earth,1964,"Drama,Horror,Sci-Fi",6.7,23888
On Her Majesty's Secret Service,1969,"Action,Adventure,Thriller",6.7,109132
Everything You Always Wanted to Know About Sex * But Were Afraid to Ask,1972,Comedy,6.7,44006
Live and Let Die,1973,"Action,Adventure,Thriller",6.7,125083
The Man with the Golden Gun,1974,"Action,Adventure,Thriller",6.7,122203
French Connection II,1975,"Action,Crime,Drama",6.7,23227
The Enforcer,1976,"Action,Crime,Thriller",6.7,53201
The Final Countdown,1980,"Action,Adventure,Sci-Fi",6.7,30088
Scanners,1981,"Horror,Sci-Fi,Thriller",6.7,67841
Stir Crazy,1980,"Comedy,Crime",6.7,32705
The Entity,1982,"Drama,Horror",6.7,20457
For Your Eyes Only,1981,"Action,Adventure,Thriller",6.7,116805
Mommie Dearest,1981,"Biography,Drama",6.7,20104
Victory,1981,"Drama,Sport,War",6.7,35883
Tron,1982,"Action,Adventure,Sci-Fi",6.7,146613
2010: The Year We Make Contact,1984,"Adventure,Mystery,Sci-Fi",6.7,61207
All of Me,1984,"Comedy,Fantasy,Romance",6.7,21370
The Last Starfighter,1984,"Action,Adventure,Sci-Fi",6.7,49899
Phenomena,1985,"Crime,Horror,Mystery",6.7,33229
Police Academy,1984,Comedy,6.7,149512
Star Trek III: The Search for Spock,1984,"Action,Adventure,Sci-Fi",6.7,90911
Streets of Fire,1984,"Action,Crime,Drama",6.7,27535
Cocoon,1985,"Comedy,Drama,Sci-Fi",6.7,73572
Commando,1985,"Action,Adventure,Thriller",6.7,188250
F/X,1986,"Action,Thriller",6.7,24988
Flesh+Blood,1985,"Adventure,Drama",6.7,22304
Prizzi's Honor,1985,"Comedy,Crime,Drama",6.7,28672
The Quiet Earth,1985,"Drama,Mystery,Sci-Fi",6.7,29508
Return to Oz,1985,"Adventure,Family,Fantasy",6.7,34197
Crocodile Dundee,1986,"Adventure,Comedy",6.7,124647
Back to School,1986,"Comedy,Romance,Sport",6.7,39620
Night of the Creeps,1986,"Comedy,Horror,Sci-Fi",6.7,28864
Pretty in Pink,1986,"Comedy,Drama,Romance",6.7,95786
Hamburger Hill,1987,"Action,Drama,Thriller",6.7,30053
The Living Daylights,1987,"Action,Adventure,Thriller",6.7,115010
A Nightmare on Elm Street 3: Dream Warriors,1987,"Fantasy,Horror",6.7,100170
Prince of Darkness,1987,"Fantasy,Horror",6.7,55706
Stakeout,1987,"Action,Comedy,Crime",6.7,30452
The Stepfather,1987,"Horror,Thriller",6.7,20837
The Blob,1988,"Horror,Sci-Fi,Thriller",6.7,49285
Child's Play,1988,"Horror,Thriller",6.7,132512
Colors,1988,"Crime,Drama,Thriller",6.7,33573
Licence to Kill,1989,"Action,Adventure,Thriller",6.7,120887
Road House,1989,"Action,Thriller",6.7,112272
Hamlet,1990,Drama,6.7,25104
Mermaids,1990,"Comedy,Drama,Romance",6.7,41437
Postcards from the Edge,1990,"Comedy,Drama",6.7,21942
Backdraft,1991,"Action,Drama,Mystery",6.7,93895
Hot Shots!,1991,"Action,Comedy",6.7,125310
L.A. Story,1991,"Comedy,Drama,Fantasy",6.7,34800
New Jack City,1991,"Action,Crime,Drama",6.7,42431
Regarding Henry,1991,"Drama,Romance",6.7,36280
White Fang,1991,"Adventure,Drama,Family",6.7,24271
Cronos,1992,"Drama,Fantasy,Horror",6.7,36645
Death Becomes Her,1992,"Comedy,Fantasy,Horror",6.7,150357
Damage,1992,"Drama,Romance",6.7,22713
The Hand That Rocks the Cradle,1992,"Drama,Thriller",6.7,55760
Lethal Weapon 3,1992,"Action,Crime,Thriller",6.7,188915
Demolition Man,1993,"Action,Sci-Fi,Thriller",6.7,209611
Kalifornia,1993,"Crime,Drama,Thriller",6.7,62713
The Man Without a Face,1993,Drama,6.7,32956
Robin Hood: Men in Tights,1993,"Adventure,Comedy,Musical",6.7,146232
Six Degrees of Separation,1993,"Comedy,Drama,Mystery",6.7,24254
The Client,1994,"Crime,Drama,Mystery",6.7,86096
Miracle on 34th Street,1994,"Drama,Family,Fantasy",6.7,51047
Wyatt Earp,1994,"Adventure,Biography,Drama",6.7,59622
Don Juan DeMarco,1994,"Comedy,Drama,Romance",6.7,55364
Empire Records,1995,"Comedy,Drama,Music",6.7,71271
Four Rooms,1995,Comedy,6.7,117036
Grumpier Old Men,1995,"Comedy,Romance",6.7,31740
Pocahontas,1995,"Adventure,Animation,Drama",6.7,218316
Tales from the Crypt: Demon Knight,1995,"Action,Fantasy,Horror",6.7,28672
Things to Do in Denver When You're Dead,1995,"Crime,Drama,Thriller",6.7,31932
A Walk in the Clouds,1995,"Drama,Romance",6.7,39167
Everyone Says I Love You,1996,"Comedy,Musical,Romance",6.7,41349
Flirting with Disaster,1996,Comedy,6.7,21050
James and the Giant Peach,1996,"Adventure,Animation,Family",6.7,78814
Marvin's Room,1996,Drama,6.7,31996
The Mirror Has Two Faces,1996,"Comedy,Drama,Romance",6.7,25613
Ransom,1996,"Action,Crime,Drama",6.7,144443
Romeo + Juliet,1996,"Drama,Romance",6.7,261552
Absolute Power,1997,"Action,Crime,Drama",6.7,65166
Apt Pupil,1998,"Crime,Drama,Thriller",6.7,44355
Conspiracy Theory,1997,"Action,Crime,Drama",6.7,114622
The Horse Whisperer,1998,"Drama,Romance,Western",6.7,46682
Nothing to Lose,1997,"Action,Adventure,Comedy",6.7,52520
Primary Colors,1998,"Comedy,Drama",6.7,31554
Sliding Doors,1998,"Comedy,Drama,Fantasy",6.7,76095
State and Main,2000,"Comedy,Drama",6.7,23554
U Turn,1997,"Crime,Drama,Thriller",6.7,57698
Armageddon,1998,"Action,Adventure,Sci-Fi",6.7,480568
City of Angels,1998,"Drama,Fantasy,Romance",6.7,135151
From Hell,2001,"Crime,Horror,Mystery",6.7,172182
The Parent Trap,1998,"Adventure,Comedy,Drama",6.7,174508
The Shipping News,2001,Drama,6.7,34866
Analyze This,1999,"Comedy,Crime",6.7,169654
Blast from the Past,1999,"Comedy,Drama,Romance",6.7,77751
You've Got Mail,1998,"Comedy,Drama,Romance",6.7,246483
"Mystery, Alaska",1999,"Comedy,Drama,Sport",6.7,29711
The Ninth Gate,1999,"Mystery,Thriller",6.7,210701
Austin Powers: The Spy Who Shagged Me,1999,"Action,Adventure,Comedy",6.7,263190
The Bone Collector,1999,"Crime,Drama,Mystery",6.7,201029
The Legend of Bagger Vance,2000,"Drama,Sport",6.7,62414
The Idiots,1998,"Comedy,Drama",6.7,36136
Drop Dead Gorgeous,1999,"Comedy,Romance,Thriller",6.7,44919
Summer of Sam,1999,"Crime,Drama,Romance",6.7,44201
Anna and the King,1999,"Drama,History,Romance",6.7,40435
Blade II,2002,"Action,Horror,Sci-Fi",6.7,252978
The Whole Nine Yards,2000,"Comedy,Crime",6.7,135693
Final Destination,2000,"Horror,Thriller",6.7,336611
Small Time Crooks,2000,"Comedy,Crime",6.7,42753
Where the Heart Is,2000,"Comedy,Drama,Romance",6.7,38356
Center Stage,2000,"Drama,Music,Romance",6.7,22784
The Gift,2000,"Drama,Fantasy,Horror",6.7,81610
Sweet November,2001,"Drama,Romance",6.7,99107
The Pledge,2001,"Crime,Drama,Mystery",6.7,77577
The Matrix Revolutions,2003,"Action,Sci-Fi",6.7,576527
Manitou's Shoe,2001,"Comedy,Western",6.7,23126
Ali,2001,"Biography,Drama,Sport",6.7,110343
Asterix & Obelix: Mission Cleopatra,2002,"Adventure,Comedy,Family",6.7,63239
Unfaithful,2002,"Drama,Romance,Thriller",6.7,107775
Buffalo Soldiers,2001,"Comedy,Crime,Drama",6.7,26365
The Girl Next Door,2004,"Comedy,Drama,Romance",6.7,264297
Rush Hour 2,2001,"Action,Comedy,Crime",6.7,261406
K-19: The Widowmaker,2002,"Drama,History,Thriller",6.7,72422
Spider,2002,"Drama,Mystery,Thriller",6.7,42070
Spun,2002,"Comedy,Crime,Drama",6.7,42917
Cypher,2002,"Mystery,Sci-Fi,Thriller",6.7,33224
Bend It Like Beckham,2002,"Comedy,Drama,Romance",6.7,123334
Dark Water,2002,"Drama,Horror,Mystery",6.7,37595
Hidalgo,2004,"Action,Adventure,Biography",6.7,88865
Swimming Pool,2003,"Crime,Drama,Mystery",6.7,51545
Over the Hedge,2006,"Adventure,Animation,Comedy",6.7,203996
Saved!,2004,"Comedy,Drama",6.7,51207
High Tension,2003,Horror,6.7,83282
Kopps,2003,"Action,Comedy",6.7,22840
The Good Shepherd,2006,"Drama,History,Thriller",6.7,112623
Blood and Bone,2009,"Action,Crime,Drama",6.7,38205
Waiting...,2005,Comedy,6.7,113105
Ju-on: The Grudge,2002,Horror,6.7,52374
Dodgeball: A True Underdog Story,2004,"Comedy,Sport",6.7,287028
The Matador,2005,"Comedy,Crime,Thriller",6.7,47867
Mirrormask,2005,"Drama,Fantasy",6.7,24338
Charlie and the Chocolate Factory,2005,"Adventure,Comedy,Family",6.7,572899
Stay,2005,"Drama,Mystery,Thriller",6.7,94192
The Hitchhiker's Guide to the Galaxy,2005,"Adventure,Comedy,Sci-Fi",6.7,217554
Goal! The Dream Begins,2005,"Drama,Romance,Sport",6.7,68861
My Summer of Love,2004,"Drama,Romance",6.7,22934
The Da Vinci Code,2006,"Mystery,Thriller",6.7,487064
The Football Factory,2004,"Crime,Drama,Sport",6.7,34815
Monster House,2006,"Animation,Comedy,Family",6.7,156160
Where the Wild Things Are,2009,"Adventure,Drama,Family",6.7,112191
Primer,2004,"Drama,Sci-Fi,Thriller",6.7,122090
The Devil's Rejects,2005,"Crime,Drama,Horror",6.7,111327
Underworld: Evolution,2006,"Action,Fantasy,Thriller",6.7,218263
The New World,2005,"Biography,Drama,History",6.7,93858
The Exorcism of Emily Rose,2005,"Drama,Horror,Thriller",6.7,149645
Martian Child,2007,"Comedy,Drama,Family",6.7,21478
Resurrecting the Champ,2007,"Drama,Sport",6.7,21803
A Prairie Home Companion,2006,"Comedy,Drama,Music",6.7,24560
Dhoom,2004,"Action,Adventure,Crime",6.7,24809
Surf's Up,2007,"Adventure,Animation,Comedy",6.7,102887
Just Like Heaven,2005,"Comedy,Drama,Fantasy",6.7,126984
Hairspray,2007,"Comedy,Drama,Musical",6.7,145963
The A-Team,2010,"Action,Adventure,Crime",6.7,277619
Kidulthood,2006,"Crime,Drama,Romance",6.7,20343
Behind the Mask: The Rise of Leslie Vernon,2006,"Comedy,Horror,Thriller",6.7,27199
The Hunting Party,2007,"Adventure,Comedy,Drama",6.7,26846
Fido,2006,"Comedy,Drama,Horror",6.7,31114
The Other Boleyn Girl,2008,"Biography,Drama,History",6.7,126979
Penelope,2006,"Comedy,Fantasy,Romance",6.7,69419
Notorious,2009,"Biography,Crime,Drama",6.7,48073
The Brave One,2007,"Crime,Drama,Thriller",6.7,67432
Starter for 10,2006,"Comedy,Drama,Romance",6.7,27027
Madagascar: Escape 2 Africa,2008,"Adventure,Animation,Comedy",6.7,272131
The Air I Breathe,2007,"Crime,Drama,Thriller",6.7,35533
Big Nothing,2006,"Comedy,Crime,Thriller",6.7,33107
Wanted,2008,"Action,Crime,Thriller",6.7,429239
Eagle vs Shark,2007,"Comedy,Romance",6.7,27656
Love & Other Drugs,2010,"Comedy,Drama,Romance",6.7,252910
He Was a Quiet Man,2007,"Drama,Romance,Thriller",6.7,23854
Flawless,2007,"Crime,Drama,Thriller",6.7,28452
Hot Rod,2007,"Comedy,Sport",6.7,99576
Appaloosa,2008,"Crime,Drama,Romance",6.7,68094
Warcraft,2016,"Action,Adventure,Animation",6.7,296221
Death Sentence,2007,"Action,Crime,Thriller",6.7,77987
Angels & Demons,2009,"Mystery,Thriller",6.7,326500
The Soloist,2009,"Biography,Drama,Music",6.7,56828
Two Days in Paris,2007,"Comedy,Drama,Romance",6.7,32685
The Brothers Bloom,2008,"Action,Adventure,Comedy",6.7,54152
Inside,2007,Horror,6.7,48631
Trick 'r Treat,2007,"Comedy,Horror",6.7,114602
The Jane Austen Book Club,2007,"Comedy,Drama,Romance",6.7,29941
Crossing Over,2009,"Crime,Drama",6.7,25517
A Monster in Paris,2011,"Adventure,Animation,Comedy",6.7,24330
Elegy,2008,"Drama,Romance",6.7,23877
Hanna,2011,"Action,Adventure,Drama",6.7,215171
Ghost Town,2008,"Comedy,Drama,Fantasy",6.7,81758
Redbelt,2008,"Drama,Sport",6.7,21971
A Boy Called Christmas,2021,"Adventure,Drama,Family",6.7,31338
Eden Lake,2008,"Horror,Thriller",6.7,110812
Suspiria,2018,"Drama,Fantasy,Horror",6.7,105492
The Long Walk,2025,"Horror,Thriller",6.7,124607
The Imaginarium of Doctor Parnassus,2009,"Adventure,Comedy,Fantasy",6.7,157833
The Burning Plain,2008,"Crime,Drama,Mystery",6.7,22199
Creed III,2023,"Action,Drama,Sport",6.7,108479
The Killer,2023,"Action,Adventure,Crime",6.7,224634
8-Bit Christmas,2021,"Comedy,Family",6.7,25429
Lilo & Stitch,2025,"Action,Adventure,Comedy",6.7,95977
The Company Men,2010,Drama,6.7,51112
Akhanda,2021,"Action,Drama,Fantasy",6.7,20373
Cold in July,2014,"Crime,Thriller",6.7,39719
The Creator,2023,"Action,Adventure,Drama",6.7,199198
Pandorum,2009,"Action,Horror,Mystery",6.7,168301
Violent Night,2022,"Action,Comedy,Thriller",6.7,121588
Out of the Furnace,2013,"Crime,Drama,Thriller",6.7,132658
Brooklyn's Finest,2009,"Crime,Drama,Thriller",6.7,68903
Escape Plan,2013,"Action,Thriller",6.7,271134
Metal Lords,2022,"Comedy,Music",6.7,37079
Mickey 17,2025,"Adventure,Comedy,Fantasy",6.7,251648
Wild Target,2010,"Action,Comedy,Crime",6.7,42694
Sharper,2023,"Crime,Drama,Thriller",6.7,39182
Exam,2009,"Crime,Mystery,Thriller",6.7,135158
The Three Musketeers - Part I: D'Artagnan,2023,"Action,Adventure,History",6.7,27061
2 Guns,2013,"Action,Comedy,Crime",6.7,237973
Easy Money,2010,"Action,Crime,Drama",6.7,20791
Defendor,2009,"Comedy,Crime,Drama",6.7,38233
Seeking a Friend for the End of the World,2012,"Adventure,Comedy,Drama",6.7,123397
Gangster Squad,2013,"Action,Crime,Drama",6.7,229268
Slumberland,2022,"Adventure,Comedy,Drama",6.7,36145
The Perfect Host,2010,"Comedy,Crime,Thriller",6.7,30909
Fresh,2022,"Comedy,Horror,Romance",6.7,93509
Quiz Lady,2023,Comedy,6.7,25380
Dhamaka,2021,"Action,Crime,Drama",6.7,44037
If I Stay,2014,"Comedy,Drama,Fantasy",6.7,131517
May December,2023,"Comedy,Drama",6.7,73307
The Gorge,2025,"Action,Adventure,Horror",6.7,173938
This Is Where I Leave You,2014,"Comedy,Drama",6.7,95426
The Other Guys,2010,"Action,Comedy,Crime",6.7,310478
Salaar,2023,"Action,Crime,Drama",6.7,79058
Bhediya,2022,"Comedy,Horror,Thriller",6.7,29159
Speak No Evil,2022,"Drama,Horror,Mystery",6.7,64562
The Wolverine,2013,"Action,Sci-Fi",6.7,524903
The Pirates! Band of Misfits,2012,"Action,Adventure,Animation",6.7,54465
Hysteria,2011,"Biography,Comedy,Romance",6.7,34176
Empire of Light,2022,"Drama,Romance",6.7,27418
This Must Be the Place,2011,"Adventure,Comedy,Drama",6.7,38794
Heartbreaker,2010,"Comedy,Romance",6.7,28549
Happythankyoumoreplease,2010,"Comedy,Drama,Romance",6.7,31014
Disclosure Day,2026,"Action,Drama,Mystery",6.7,58836
Super,2010,"Action,Comedy,Crime",6.7,87418
Julia's Eyes,2010,"Horror,Mystery,Thriller",6.7,39251
Emily the Criminal,2022,"Crime,Drama,Thriller",6.7,67532
Machine Gun Preacher,2011,"Action,Biography,Crime",6.7,71308
Safe House,2012,"Action,Thriller",6.7,249992
The Grey,2011,"Action,Adventure,Drama",6.7,274930
Albert Nobbs,2011,"Drama,Romance",6.7,26646
American Reunion,2012,Comedy,6.7,234275
One Piece Film: Red,2022,"Action,Adventure,Animation",6.7,26783
Project X,2012,"Comedy,Thriller",6.7,258955
In Time,2011,"Action,Sci-Fi,Thriller",6.7,485238
Tallulah,2016,"Comedy,Drama,Romance",6.7,22273
Three Steps Above Heaven,2010,"Action,Drama,Romance",6.7,31286
Stoker,2013,"Drama,Mystery,Thriller",6.7,120686
Safe Haven,2013,"Drama,Romance,Thriller",6.7,121601
The Hunter,2011,"Adventure,Drama,Thriller",6.7,42774
The Inbetweeners,2011,Comedy,6.7,91160
A Christmas Story Christmas,2022,"Comedy,Family",6.7,21689
Killer Joe,2011,"Crime,Drama,Thriller",6.7,88676
Your Sister's Sister,2011,"Comedy,Drama,Romance",6.7,29181
Bottoms,2023,Comedy,6.7,58371
Gold,2016,"Biography,Crime,Drama",6.7,74413
Liberal Arts,2012,"Comedy,Drama,Romance",6.7,42132
The Last Letter from Your Lover,2021,"Drama,Romance",6.7,25344
The Call,2013,"Crime,Drama,Horror",6.7,134906
Penguins of Madagascar,2014,"Action,Adventure,Animation",6.7,116419
Miss Peregrine's Home for Peculiar Children,2016,"Adventure,Drama,Family",6.7,209172
A Most Wanted Man,2014,"Crime,Drama,Thriller",6.7,84932
King Arthur: Legend of the Sword,2017,"Action,Adventure,Drama",6.7,248009
The Best of Me,2014,"Drama,Romance",6.7,81350
The Good Dinosaur,2015,"Action,Adventure,Animation",6.7,140449
Thor: The Dark World,2013,"Action,Adventure,Animation",6.7,780040
The Finest Hours,2016,"Action,Drama,History",6.7,74787
Bad Words,2013,"Comedy,Drama",6.7,58305
Jab Tak Hai Jaan,2012,"Drama,Romance",6.7,62853
Zulu,2013,"Action,Crime,Drama",6.7,20917
A Private War,2018,"Biography,Drama,War",6.7,22618
Cheap Thrills,2013,"Comedy,Crime,Drama",6.7,21516
Atomic Blonde,2017,"Action,Adventure,Thriller",6.7,220603
Reality,2023,"Biography,Drama",6.7,30635
The Kerala Story,2023,Drama,6.7,80201
Clouds of Sils Maria,2014,Drama,6.7,32606
Oddity,2024,"Horror,Mystery,Thriller",6.7,60134
Small Things Like These,2024,Drama,6.7,38505
The Salvation,2014,"Action,Drama,Thriller",6.7,46589
Young & Beautiful,2013,"Drama,Romance",6.7,40996
The Housemaid,2025,"Drama,Mystery,Thriller",6.7,163055
GOAT,2026,"Adventure,Animation,Comedy",6.7,25662
Veronica Mars,2014,"Crime,Drama,Mystery",6.7,56988
Pete's Dragon,2016,"Action,Adventure,Comedy",6.7,64532
The Old Man & the Gun,2018,"Biography,Comedy,Crime",6.7,52767
Mistress America,2015,"Comedy,Drama",6.7,29718
Obvious Child,2014,"Comedy,Drama,Romance",6.7,27140
Smile 2,2024,"Horror,Mystery,Thriller",6.7,145634
The Guest,2014,"Action,Mystery,Thriller",6.7,114599
Hardcore Henry,2015,"Action,Adventure,Sci-Fi",6.7,109091
Black Bag,2025,"Drama,Mystery,Romance",6.7,95213
The Tender Bar,2021,"Biography,Drama,Romance",6.7,37463
Deep Cover,2025,"Action,Comedy,Crime",6.7,45721
Together,2025,"Horror,Romance",6.7,82691
Spring,2014,"Drama,Horror,Romance",6.7,34065
Ferdinand,2017,"Adventure,Animation,Comedy",6.7,71499
Cars 3,2017,"Adventure,Animation,Comedy",6.7,152916
The Lady in the Van,2015,"Biography,Comedy,Drama",6.7,34750
Jungle,2017,"Adventure,Biography,Drama",6.7,71108
The Equalizer 2,2018,"Action,Crime,Mystery",6.7,230369
Captain Marvel,2019,"Action,Adventure,Sci-Fi",6.7,661183
Purple Hearts,2022,"Drama,Music,Romance",6.7,72356
Battle of the Sexes,2017,"Biography,Comedy,Drama",6.7,63857
Kingsman: The Golden Circle,2017,"Action,Adventure,Comedy",6.7,402712
Blade of the Immortal,2017,"Action,Drama",6.7,20659
Colette,2018,"Biography,Drama,History",6.7,28206
To the Bone,2017,Drama,6.7,59481
Kingsglaive: Final Fantasy XV,2016,"Action,Adventure,Animation",6.7,24357
Summer of 84,2018,"Crime,Drama,Horror",6.7,51656
Marrowbone,2017,"Drama,Horror,Mystery",6.7,50572
I Am Mother,2019,"Drama,Mystery,Sci-Fi",6.7,106439
Vivo,2021,"Adventure,Animation,Comedy",6.7,23715
Missing Link,2019,"Adventure,Animation,Comedy",6.7,30929
Moxie,2021,"Comedy,Drama",6.7,30766
Hillbilly Elegy,2020,"Biography,Drama",6.7,61335
The Vast of Night,2019,"Drama,Mystery,Sci-Fi",6.7,50457
The Professor,2018,"Comedy,Drama",6.7,41450
Midway,2019,"Action,Drama,History",6.7,105712
Teen Titans GO! To the Movies,2018,"Action,Adventure,Animation",6.7,23918
Anna,2019,"Action,Adventure,Drama",6.7,108329
The Call of the Wild,2020,"Adventure,Drama,Family",6.7,64486
The Old Guard,2020,"Action,Thriller",6.7,211060
A Dog's Way Home,2019,"Adventure,Drama,Family",6.7,22789
Sarkar,2018,"Action,Drama",6.7,23925
Send Help,2026,"Adventure,Horror,Thriller",6.7,125931
Run,2020,"Drama,Horror,Mystery",6.7,113527
21 Bridges,2019,"Action,Adventure,Crime",6.7,81132
The Lost Daughter,2021,Drama,6.7,82169
Three Thousand Years of Longing,2022,"Drama,Fantasy,Romance",6.7,72929
Emma.,2020,"Comedy,Drama,Romance",6.7,72021
Bigil,2019,"Action,Drama,Sport",6.7,27293
Let Him Go,2020,"Crime,Drama,Thriller",6.7,40769
Final Destination: Bloodlines,2025,"Horror,Thriller",6.7,165242
Cinayet Süsü,2019,"Comedy,Crime,Mystery",6.7,21470
They Cloned Tyrone,2023,"Comedy,Mystery,Sci-Fi",6.7,48327
Gigi,1958,"Comedy,Musical,Romance",6.6,24988
Torn Curtain,1966,"Drama,Romance,Thriller",6.6,31761
Airport,1970,"Action,Drama,Thriller",6.6,24764
THX 1138,1971,"Drama,Sci-Fi,Thriller",6.6,57704
Shaft,1971,"Action,Crime,Thriller",6.6,23060
Silent Running,1972,"Drama,Sci-Fi",6.6,33753
Tommy,1975,"Drama,Musical",6.6,24498
In the Realm of the Senses,1976,"Drama,Romance",6.6,25266
The Man Who Fell to Earth,1976,"Drama,Sci-Fi",6.6,31372
High Anxiety,1977,"Comedy,Mystery,Thriller",6.6,25843
"New York, New York",1977,"Drama,Music,Musical",6.6,23815
Revenge of the Pink Panther,1978,"Comedy,Crime,Mystery",6.6,25108
Phantasm,1979,"Horror,Sci-Fi",6.6,45065
Fame,1980,"Drama,Music,Musical",6.6,26345
Dragonslayer,1981,"Action,Adventure,Fantasy",6.6,20651
Heavy Metal,1981,"Adventure,Animation,Fantasy",6.6,41790
Outland,1981,"Action,Crime,Sci-Fi",6.6,35625
The Postman Always Rings Twice,1981,"Crime,Drama,Romance",6.6,27839
Annie,1982,"Comedy,Drama,Family",6.6,53634
A Midsummer Night's Sex Comedy,1982,Comedy,6.6,21992
The Hunger,1983,"Drama,Horror",6.6,32088
Mr. Mom,1983,"Comedy,Drama",6.6,31181
Psycho II,1983,"Crime,Horror,Mystery",6.6,35250
Strange Brew,1983,"Comedy,Crime,Sci-Fi",6.6,20150
Sudden Impact,1983,"Action,Crime,Thriller",6.6,52455
The Company of Wolves,1984,"Drama,Fantasy,Horror",6.6,21048
The Cotton Club,1984,"Crime,Drama,Music",6.6,21215
Footloose,1984,"Drama,Music,Romance",6.6,102018
Revenge of the Nerds,1984,Comedy,6.6,62407
Demons,1985,Horror,6.6,29722
Weird Science,1985,"Comedy,Romance,Sci-Fi",6.6,106027
From Beyond,1986,"Horror,Sci-Fi",6.6,35770
The Mosquito Coast,1986,"Adventure,Drama,Thriller",6.6,33703
Short Circuit,1986,"Comedy,Family,Sci-Fi",6.6,70876
*batteries not included,1987,"Comedy,Family,Fantasy",6.6,39173
Beverly Hills Cop II,1987,"Action,Comedy,Crime",6.6,147398
Roxanne,1987,"Comedy,Romance",6.6,50109
The Running Man,1987,"Action,Sci-Fi,Thriller",6.6,191801
Summer School,1987,"Comedy,Romance",6.6,24100
The Witches of Eastwick,1987,"Comedy,Fantasy,Horror",6.6,84486
Elvira: Mistress of the Dark,1988,"Comedy,Horror",6.6,23093
The Great Outdoors,1988,"Adventure,Comedy",6.6,56229
Oliver & Company,1988,"Adventure,Animation,Comedy",6.6,57253
Black Rain,1989,"Action,Crime,Drama",6.6,64812
Ghostbusters II,1989,"Action,Comedy,Fantasy",6.6,240214
Meet the Feebles,1989,"Comedy,Fantasy,Music",6.6,21898
Flatliners,1990,"Drama,Horror,Sci-Fi",6.6,98473
Father of the Bride,1991,"Comedy,Family,Romance",6.6,93374
Jungle Fever,1991,"Drama,Romance",6.6,21067
The Rocketeer,1991,"Action,Adventure,Family",6.6,65969
Toy Soldiers,1991,"Action,Drama,Thriller",6.6,26332
Far and Away,1992,"Adventure,Drama,Romance",6.6,72893
FernGully: The Last Rainforest,1992,"Adventure,Animation,Family",6.6,37495
Hoffa,1992,"Biography,Crime,Drama",6.6,26178
The Mighty Ducks,1992,"Comedy,Drama,Family",6.6,77014
Sister Act,1992,"Comedy,Family,Music",6.6,118829
Hot Shots! Part Deux,1993,"Action,Comedy",6.6,104048
Judgment Night,1993,"Action,Crime,Drama",6.6,21120
The Pelican Brief,1993,"Crime,Drama,Mystery",6.6,104372
Heavyweights,1995,"Comedy,Drama,Family",6.6,33361
Reality Bites,1994,"Comedy,Drama,Romance",6.6,57692
The Santa Clause,1994,"Comedy,Drama,Family",6.6,147837
Star Trek: Generations,1994,"Action,Adventure,Mystery",6.6,91485
When a Man Loves a Woman,1994,"Drama,Romance",6.6,25040
Copycat,1995,"Drama,Mystery,Thriller",6.6,87126
French Kiss,1995,"Comedy,Drama,Romance",6.6,56771
The Grass Harp,1995,"Comedy,Drama",6.6,20011
Outbreak,1995,"Action,Drama,Thriller",6.6,146177
Powder,1995,"Drama,Fantasy,Mystery",6.6,35024
Courage Under Fire,1996,"Action,Drama,Mystery",6.6,63751
Don't Be a Menace to South Central While Drinking Your Juice in the Hood,1996,"Comedy,Crime",6.6,67184
Emma,1996,"Comedy,Drama,Romance",6.6,44150
First Strike,1996,"Action,Adventure,Comedy",6.6,24254
Twister,1996,"Action,Adventure,Thriller",6.6,251833
White Squall,1996,"Adventure,Drama",6.6,26069
One Eight Seven,1997,"Drama,Thriller",6.6,27075
Air Force One,1997,"Action,Crime,Drama",6.6,224381
Event Horizon,1997,"Horror,Sci-Fi,Thriller",6.6,214806
Gummo,1997,"Comedy,Drama",6.6,42040
Kiss the Girls,1997,"Crime,Drama,Mystery",6.6,100597
The Lost World: Jurassic Park,1997,"Action,Adventure,Sci-Fi",6.6,478588
Midnight in the Garden of Good and Evil,1997,"Crime,Drama,Mystery",6.6,43841
The Man Who Knew Too Little,1997,"Comedy,Crime,Drama",6.6,37250
A Civil Action,1998,"Biography,Drama",6.6,32783
The 13th Warrior,1999,"Action,Adventure,History",6.6,139626
Half Baked,1998,"Comedy,Crime",6.6,71166
A Perfect Murder,1998,"Crime,Drama,Thriller",6.6,98794
Resident Evil,2002,"Action,Horror,Sci-Fi",6.6,311756
U.S. Marshals,1998,"Action,Crime,Thriller",6.6,120628
Wild Things,1998,"Crime,Drama,Mystery",6.6,141001
Titan A.E.,2000,"Action,Adventure,Animation",6.6,66858
Star Wars: Episode II - Attack of the Clones,2002,"Action,Adventure,Fantasy",6.6,824193
Lethal Weapon 4,1998,"Action,Crime,Thriller",6.6,180928
For Love of the Game,1999,"Drama,Romance,Sport",6.6,40362
Instinct,1999,"Drama,Thriller",6.6,35544
The Faculty,1998,"Horror,Mystery,Sci-Fi",6.6,148171
8MM,1999,"Crime,Drama,Mystery",6.6,151816
True Crime,1999,"Crime,Drama,Mystery",6.6,40101
Varsity Blues,1999,"Comedy,Drama,Romance",6.6,53572
U-571,2000,"Action,War",6.6,92178
What Lies Beneath,2000,"Drama,Horror,Mystery",6.6,145916
The Beach,2000,"Adventure,Drama,Romance",6.6,269395
Bad Boys II,2003,"Action,Comedy,Crime",6.6,289021
"Me, Myself & Irene",2000,Comedy,6.6,264221
Shanghai Noon,2000,"Action,Adventure,Comedy",6.6,142565
The Replacements,2000,"Comedy,Sport",6.6,74589
The Way of the Gun,2000,"Action,Crime,Drama",6.6,37283
Joy Ride,2001,"Mystery,Thriller",6.6,82228
Ripley's Game,2002,"Crime,Drama,Mystery",6.6,20675
Kiss of the Dragon,2001,"Action,Crime,Thriller",6.6,69862
Dark Blue,2002,"Crime,Drama,Thriller",6.6,25711
Wasabi,2001,"Action,Comedy,Crime",6.6,45879
Tuck Everlasting,2002,"Drama,Family,Fantasy",6.6,25673
Pulse,2001,"Horror,Mystery,Sci-Fi",6.6,31489
The Recruit,2003,"Action,Thriller",6.6,147627
The Rules of Attraction,2002,"Comedy,Drama,Romance",6.6,55643
The Chronicles of Riddick,2004,"Action,Adventure,Sci-Fi",6.6,252230
May,2002,"Drama,Horror",6.6,43371
Mona Lisa Smile,2003,Drama,6.6,99751
Confidence,2003,"Crime,Thriller",6.6,36407
Tears of the Sun,2003,"Action,Drama,Thriller",6.6,136546
The Eye,2002,"Horror,Mystery,Thriller",6.6,31089
The Great Raid,2005,"Action,Drama,War",6.6,25324
The Rundown,2003,"Action,Adventure,Comedy",6.6,148437
The Polar Express,2004,"Adventure,Animation,Family",6.6,271933
EuroTrip,2004,Comedy,6.6,245216
The Manchurian Candidate,2004,"Drama,Mystery,Sci-Fi",6.6,123084
The Village,2004,"Drama,Mystery,Thriller",6.6,297331
Saints and Soldiers,2003,"Action,Drama,War",6.6,22095
X-Men: The Last Stand,2006,"Action,Adventure,Sci-Fi",6.6,573232
Proof,2005,"Drama,Mystery",6.6,47841
The Lovely Bones,2009,"Drama,Fantasy,Thriller",6.6,192095
Hitch,2005,"Comedy,Romance",6.6,349940
King of California,2007,"Comedy,Drama",6.6,24227
30 Days of Night,2007,"Horror,Thriller",6.6,201780
A Lot Like Love,2005,"Comedy,Drama,Romance",6.6,73634
Nanny McPhee,2005,"Comedy,Family,Fantasy",6.6,91964
Derailed,2005,"Crime,Drama,Thriller",6.6,79083
John Carter,2012,"Action,Adventure,Animation",6.6,299697
War of the Worlds,2005,"Action,Adventure,Sci-Fi",6.6,509002
Last Holiday,2006,"Comedy,Drama,Romance",6.6,42927
Talladega Nights: The Ballad of Ricky Bobby,2006,"Comedy,Sport",6.6,214764
Flushed Away,2006,"Action,Adventure,Animation",6.6,150026
Saw II,2005,"Horror,Mystery",6.6,297825
The Flash,2023,"Action,Adventure,Fantasy",6.6,248639
Dhoom 2,2006,"Action,Adventure,Crime",6.6,33073
Vantage Point,2008,"Action,Drama,Thriller",6.6,158129
Dreamgirls,2006,"Drama,Musical",6.6,81012
Take the Lead,2006,"Drama,Music",6.6,27517
Puss in Boots,2011,"Action,Adventure,Animation",6.6,212239
16 Blocks,2006,"Action,Drama,Thriller",6.6,138781
Australia,2008,"Adventure,Drama,Romance",6.6,133873
Scoop,2006,"Comedy,Crime,Fantasy",6.6,90762
Chaos Theory,2007,"Comedy,Drama,Romance",6.6,35153
Shoot 'Em Up,2007,"Action,Comedy,Thriller",6.6,159343
Smokin' Aces,2006,"Action,Comedy,Crime",6.6,157898
Seraphim Falls,2006,"Action,Drama,Thriller",6.6,36795
Pride and Glory,2008,"Crime,Drama,Thriller",6.6,65650
Shattered,2007,"Crime,Drama,Thriller",6.6,35128
My Blueberry Nights,2007,"Drama,Romance",6.6,58842
Cassandra's Dream,2007,"Crime,Drama,Romance",6.6,55463
The Incredible Hulk,2008,"Action,Sci-Fi",6.6,566458
Transsiberian,2008,"Crime,Drama,Mystery",6.6,56639
Easy Virtue,2008,"Comedy,Romance",6.6,23404
A Mighty Heart,2007,"Biography,Drama,History",6.6,28754
Reservation Road,2007,"Crime,Drama,Thriller",6.6,26005
Arn: The Knight Templar,2007,"Action,Drama,Romance",6.6,24256
Paranoid Park,2007,"Crime,Drama,Mystery",6.6,33011
Epic,2013,"Action,Adventure,Animation",6.6,114655
Robin Hood,2010,"Action,Adventure,Drama",6.6,296796
Nick and Norah's Infinite Playlist,2008,"Comedy,Drama,Music",6.6,97448
Machete,2010,"Action,Crime,Thriller",6.6,209779
Fermat's Room,2007,"Mystery,Thriller",6.6,23967
Never Back Down,2008,"Action,Drama,Sport",6.6,111661
To Catch a Killer,2023,"Action,Crime,Drama",6.6,57278
Coco Before Chanel,2009,"Biography,Drama",6.6,43798
I Love You Phillip Morris,2009,"Biography,Comedy,Crime",6.6,103726
The Hunger Games: The Ballad of Songbirds & Snakes,2023,"Action,Adventure,Drama",6.6,185210
28 Years Later,2025,"Horror,Sci-Fi,Thriller",6.6,218546
The Harder They Fall,2021,"Action,Drama,Western",6.6,77915
Stillwater,2021,"Crime,Drama,Mystery",6.6,64265
Rachel Getting Married,2008,"Drama,Romance",6.6,53895
Wanted,2009,"Action,Crime,Thriller",6.6,29619
Bad Lieutenant: Port of Call New Orleans,2009,"Crime,Drama,Mystery",6.6,84824
Spirited,2022,"Comedy,Family,Fantasy",6.6,59781
House of Gucci,2021,"Biography,Crime,Drama",6.6,175567
Drag Me to Hell,2009,Horror,6.6,231660
22 Bullets,2010,"Action,Crime,Drama",6.6,38054
Cracks,2009,"Drama,Mystery,Thriller",6.6,22203
The Stranger,2022,"Crime,Drama,Thriller",6.6,30772
The Bourne Legacy,2012,"Action,Adventure,Thriller",6.6,328899
Last Vegas,2013,Comedy,6.6,140467
The Lost City of Z,2016,"Adventure,Biography,Drama",6.6,106081
Whitney Houston: I Wanna Dance with Somebody,2022,"Biography,Drama,Music",6.6,27183
Edge of Darkness,2010,"Action,Adventure,Drama",6.6,103679
It's Complicated,2009,"Comedy,Drama,Romance",6.6,103385
This Is the End,2013,"Comedy,Fantasy,Sci-Fi",6.6,456612
Malcolm & Marie,2021,"Drama,Romance",6.6,43748
Venom,2018,"Action,Adventure,Sci-Fi",6.6,608810
Pirates of the Caribbean: On Stranger Tides,2011,"Action,Adventure,Fantasy",6.6,608997
My Policeman,2022,"Drama,Romance",6.6,25862
Borat Subsequent Moviefilm,2020,Comedy,6.6,165448
The Loved Ones,2009,"Crime,Horror",6.6,47615
Mufasa: The Lion King,2024,"Adventure,Animation,Drama",6.6,83131
The Beaver,2011,Drama,6.6,52292
Beau Is Afraid,2023,"Comedy,Drama,Horror",6.6,79163
Rare Exports,2010,"Adventure,Fantasy,Horror",6.6,35563
Celeste & Jesse Forever,2012,"Comedy,Drama,Romance",6.6,35204
12 Strong,2018,"Action,Drama,History",6.6,101097
The Pale Blue Eye,2022,"Crime,Horror,Mystery",6.6,141836
Lady Chatterley's Lover,2022,"Drama,Romance",6.6,27990
Last Breath,2025,"Drama,Thriller",6.6,38002
It's What's Inside,2024,"Comedy,Mystery,Sci-Fi",6.6,52243
The Odd Life of Timothy Green,2012,"Comedy,Drama,Family",6.6,50364
The Grandmaster,2013,"Action,Biography,Drama",6.6,38797
Attack the Block,2011,"Action,Adventure,Comedy",6.6,115869
Satyaprem Ki Katha,2023,"Comedy,Drama,Musical",6.6,31801
Pain Hustlers,2023,"Crime,Drama",6.6,55610
Elysium,2013,"Action,Drama,Sci-Fi",6.6,492329
Zombieland: Double Tap,2019,"Action,Comedy,Horror",6.6,226880
Man on a Ledge,2012,"Action,Crime,Thriller",6.6,162418
Jackie,2016,"Biography,Drama",6.6,87210
Diary of a Wimpy Kid: Rodrick Rules,2011,"Comedy,Family",6.6,43275
Ender's Game,2013,"Action,Adventure,Animation",6.6,265415
Horizon: An American Saga - Chapter 1,2024,"Drama,Western",6.6,45532
Like Crazy,2011,"Drama,Romance",6.6,64686
Arbitrage,2012,"Drama,Thriller",6.6,57913
The Expendables 2,2012,"Action,Adventure,Thriller",6.6,334912
Anna Karenina,2012,"Drama,Romance",6.6,112472
Inherent Vice,2014,"Comedy,Crime,Drama",6.6,119885
RED 2,2013,"Action,Comedy,Crime",6.6,189099
The Informer,2019,"Action,Crime,Drama",6.6,46339
If I Had Legs I'd Kick You,2025,"Drama,Thriller",6.6,37801
The Amazing Spider-Man 2,2014,"Action,Adventure,Sci-Fi",6.6,593209
Operation Mincemeat,2021,"Drama,War",6.6,44126
Fly Me to the Moon,2024,"Comedy,Romance",6.6,59302
The Immigrant,2013,"Drama,Romance",6.6,35248
The Hunger Games: Mockingjay - Part 1,2014,"Action,Adventure,Sci-Fi",6.6,548181
The Hunger Games: Mockingjay - Part 2,2015,"Action,Adventure,Sci-Fi",6.6,416105
Love Lies Bleeding,2024,"Crime,Drama,Mystery",6.6,64537
Wicked: For Good,2025,"Drama,Family,Fantasy",6.6,68726
Land of Bad,2024,"Action,Thriller",6.6,59217
Beetlejuice Beetlejuice,2024,"Comedy,Fantasy,Horror",6.6,175985
Promised Land,2012,Drama,6.6,41034
The Bikeriders,2023,"Crime,Drama",6.6,78285
Saw X,2023,"Crime,Drama,Horror",6.6,98535
Run All Night,2015,"Action,Crime,Thriller",6.6,120051
Insidious: Chapter 2,2013,"Horror,Mystery,Thriller",6.6,203217
Hunger,2023,"Drama,Thriller",6.6,22463
People We Meet on Vacation,2026,"Comedy,Romance",6.6,46348
In a World...,2013,Comedy,6.6,33921
Focus,2015,"Comedy,Crime,Drama",6.6,295672
Nymphomaniac: Vol. II,2013,Drama,6.6,103987
Oculus,2013,"Horror,Mystery,Thriller",6.6,150146
The Homesman,2014,"Drama,Western",6.6,38632
The Invitation,2015,"Drama,Horror,Mystery",6.6,129885
Burnt,2015,"Comedy,Drama",6.6,143349
Going in Style,2017,"Comedy,Crime",6.6,99763
Midnight Special,2016,"Drama,Mystery,Sci-Fi",6.6,86746
Bird Box,2018,"Horror,Mystery,Sci-Fi",6.6,423309
Deva,2025,"Action,Crime,Drama",6.6,30049
Wish I Was Here,2014,"Comedy,Drama",6.6,39781
Red Sparrow,2018,"Action,Drama,Thriller",6.6,218367
Macbeth,2015,"Drama,History,War",6.6,61865
Friendship,2024,Comedy,6.6,40751
Eddington,2025,"Comedy,Drama,Western",6.6,61475
"Men, Women & Children",2014,"Comedy,Drama",6.6,34963
The Roses,2025,Comedy,6.6,58659
The Assessment,2024,"Drama,Sci-Fi",6.6,24056
The Devil Wears Prada 2,2026,"Comedy,Drama",6.6,59447
Max,2015,"Adventure,Drama,Family",6.6,30998
Raees,2017,"Action,Crime,Drama",6.6,54995
Whiskey Tango Foxtrot,2016,"Biography,Comedy,Drama",6.6,59127
The Wave,2015,"Action,Drama,Thriller",6.6,46483
Irrational Man,2015,"Comedy,Crime,Drama",6.6,70742
Experimenter,2015,"Biography,Drama,History",6.6,20914
"Hello, My Name Is Doris",2015,"Comedy,Drama,Romance",6.6,23412
All the Bright Places,2020,"Drama,Romance",6.6,45064
The Birth of a Nation,2016,"Biography,Drama,History",6.6,22687
Jason Bourne,2016,"Action,Thriller",6.6,258241
Café Society,2016,"Comedy,Drama,Romance",6.6,84914
Overlord,2018,"Action,Horror,Sci-Fi",6.6,116108
The Girl with All the Gifts,2016,"Action,Adventure,Drama",6.6,69212
The Book of Henry,2017,"Crime,Drama,Thriller",6.6,30765
The Fate of the Furious,2017,"Action,Crime,Thriller",6.6,275197
Lords of Chaos,2018,"Biography,Drama,Horror",6.6,22546
Fatherhood,2021,"Comedy,Drama",6.6,46883
Maleficent: Mistress of Evil,2019,"Adventure,Drama,Family",6.6,132733
Midnight Sun,2018,"Drama,Romance",6.6,39937
The Command,2018,"Action,Adventure,Drama",6.6,23785
The Red Sea Diving Resort,2019,"Drama,History,Thriller",6.6,35241
Mary Poppins Returns,2018,"Adventure,Comedy,Family",6.6,101196
Mother!,2017,"Drama,Horror,Mystery",6.6,269015
Super Dark Times,2017,"Crime,Drama,Thriller",6.6,27558
Peter Rabbit,2018,"Adventure,Animation,Comedy",6.6,53430
Operation Finale,2018,"Biography,Drama,History",6.6,54407
"Juliet, Naked",2018,"Comedy,Drama,Music",6.6,26443
Thoroughbreds,2017,"Comedy,Crime,Drama",6.6,49243
The Party,2017,"Comedy,Drama",6.6,22906
Paddington in Peru,2024,"Adventure,Comedy,Family",6.6,35676
Ingrid Goes West,2017,"Comedy,Drama,Horror",6.6,51885
The Aeronauts,2019,"Action,Adventure,Drama",6.6,40162
Smallfoot,2018,"Adventure,Animation,Comedy",6.6,45735
The Accountant 2,2025,"Action,Crime,Drama",6.6,131407
The Art of Self-Defense,2019,"Action,Comedy,Crime",6.6,43666
War,2019,"Action,Adventure,Thriller",6.6,40308
Saint Maud,2019,"Drama,Horror,Mystery",6.6,56150
Plus One,2019,"Comedy,Drama,Romance",6.6,20091
Enola Holmes,2020,"Adventure,Crime,Drama",6.6,247311
Jumanji: The Next Level,2019,"Action,Adventure,Comedy",6.6,320911
The Hunt,2020,"Action,Horror,Thriller",6.6,155586
After Yang,2021,"Drama,Sci-Fi",6.6,26455
Avengement,2019,"Action,Crime,Thriller",6.6,24261
Chhalaang,2020,"Comedy,Drama,Sport",6.6,20501
Black Panther: Wakanda Forever,2022,"Action,Adventure,Animation",6.6,386885
The Eyes of Tammy Faye,2021,"Biography,Drama,Romance",6.6,73574
Cherry,2021,"Biography,Crime,Drama",6.6,42237
The Green Knight,2021,"Adventure,Drama,Fantasy",6.6,132498
Mission Mangal,2019,"Drama,History",6.6,20744
The Wonder,2022,"Drama,Mystery,Thriller",6.6,49765
Narvik: Hitler's First Defeat,2022,"Drama,History,War",6.6,20966
The Tomorrow War,2021,"Action,Adventure,Drama",6.6,254936
Killer's Kiss,1955,"Crime,Drama,Film-Noir",6.5,28315
Ocean's Eleven,1960,"Comedy,Crime,Music",6.5,26150
Batman: The Movie,1966,"Action,Adventure,Comedy",6.5,38181
Diamonds Are Forever,1971,"Action,Adventure,Thriller",6.5,123665
Rollerball,1975,"Action,Sci-Fi,Sport",6.5,32353
Cruising,1980,"Crime,Drama,Mystery",6.5,31051
Flash Gordon,1980,"Action,Adventure,Sci-Fi",6.5,66433
Inferno,1980,Horror,6.5,26396
The Beyond,1981,Horror,6.5,28011
Halloween II,1981,Horror,6.5,112335
The Howling,1981,Horror,6.5,44804
Octopussy,1983,"Action,Adventure,Thriller",6.5,120258
Twilight Zone: The Movie,1983,"Horror,Sci-Fi",6.5,43358
Purple Rain,1984,"Drama,Music,Romance",6.5,26560
Brewster's Millions,1985,Comedy,6.5,47229
Just One of the Guys,1985,"Comedy,Romance",6.5,20308
Rambo: First Blood Part II,1985,"Action,Adventure,Thriller",6.5,196522
¡Three Amigos!,1986,"Comedy,Western",6.5,92643
The Secret of My Success,1987,"Comedy,Romance",6.5,39197
Pet Sematary,1989,"Fantasy,Horror,Thriller",6.5,124333
Society,1989,"Comedy,Horror",6.5,25069
Weekend at Bernie's,1989,"Adventure,Comedy,Crime",6.5,68424
Arachnophobia,1990,"Comedy,Horror,Thriller",6.5,80895
Cry-Baby,1990,"Comedy,Musical",6.5,68932
The Exorcist III,1990,"Drama,Horror,Mystery",6.5,42222
The Freshman,1990,"Comedy,Crime",6.5,23307
Gremlins 2: The New Batch,1990,"Comedy,Fantasy,Horror",6.5,119609
Internal Affairs,1990,"Crime,Drama,Thriller",6.5,24860
Nightbreed,1990,"Action,Fantasy,Horror",6.5,28982
Young Guns II,1990,"Action,Drama,Western",6.5,40634
An American Tail: Fievel Goes West,1991,"Adventure,Animation,Comedy",6.5,30292
Oscar,1991,"Comedy,Crime",6.5,36868
Hero,1992,"Comedy,Drama,Romance",6.5,25243
Under Siege,1992,"Action,Thriller",6.5,103110
Cliffhanger,1993,"Action,Adventure,Thriller",6.5,148706
Fire in the Sky,1993,"Biography,Drama,Fantasy",6.5,31813
Last Action Hero,1993,"Action,Adventure,Comedy",6.5,173768
Malice,1993,"Crime,Mystery,Thriller",6.5,31177
So I Married an Axe Murderer,1993,"Comedy,Romance",6.5,46059
Little Giants,1994,"Comedy,Family,Sport",6.5,33192
Naked Gun 33 1/3: The Final Insult,1994,"Comedy,Crime",6.5,128640
Nell,1994,Drama,6.5,32539
Only You,1994,"Comedy,Romance",6.5,29788
The River Wild,1994,"Adventure,Crime,Thriller",6.5,53705
The Swan Princess,1994,"Adventure,Animation,Comedy",6.5,29427
Dangerous Minds,1995,"Biography,Drama",6.5,61371
Higher Learning,1995,"Crime,Drama,Thriller",6.5,23031
The Quick and the Dead,1995,"Action,Drama,Romance",6.5,113795
2 Days in the Valley,1996,"Comedy,Crime,Thriller",6.5,22914
The Craft,1996,"Drama,Fantasy,Horror",6.5,119504
Executive Decision,1996,"Action,Adventure,Thriller",6.5,65549
The First Wives Club,1996,Comedy,6.5,60382
One Fine Day,1996,"Comedy,Drama,Romance",6.5,50777
Phenomenon,1996,"Drama,Fantasy,Romance",6.5,89661
Space Jam,1996,"Adventure,Animation,Comedy",6.5,229704
Stealing Beauty,1996,"Drama,Mystery,Romance",6.5,32491
Bean,1997,"Adventure,Comedy,Family",6.5,116733
Mousehunt,1997,Comedy,6.5,63735
Tomorrow Never Dies,1997,"Action,Adventure,Thriller",6.5,216519
Antz,1998,"Adventure,Animation,Comedy",6.5,171470
The Man in the Iron Mask,1998,"Action,Adventure,Drama",6.5,191136
Star Wars: Episode I - The Phantom Menace,1999,"Action,Adventure,Fantasy",6.5,930596
Can't Hardly Wait,1998,"Comedy,Romance",6.5,57489
Bowfinger,1999,Comedy,6.5,77912
BASEketball,1998,"Comedy,Sport",6.5,69199
Big Daddy,1999,"Comedy,Drama",6.5,252333
Double Jeopardy,1999,"Crime,Drama,Mystery",6.5,105122
The Sum of All Fears,2002,"Action,Drama,Thriller",6.5,134512
The Perfect Storm,2000,"Action,Adventure,Drama",6.5,188830
Taxi 2,2000,"Action,Comedy,Crime",6.5,61934
The Blair Witch Project,1999,"Horror,Mystery",6.5,318617
Space Cowboys,2000,"Action,Adventure,Thriller",6.5,90088
Gone in 60 Seconds,2000,"Action,Crime,Thriller",6.5,310789
Zoolander,2001,Comedy,6.5,318013
Riding in Cars with Boys,2001,"Biography,Comedy,Drama",6.5,31847
What Women Want,2000,"Comedy,Fantasy,Romance",6.5,239097
Awake,2007,"Crime,Drama,Mystery",6.5,88009
Road Trip,2000,Comedy,6.5,189275
Bandits,2001,"Action,Comedy,Crime",6.5,74490
The Four Feathers,2002,"Adventure,Drama,Romance",6.5,36640
Wet Hot American Summer,2001,"Comedy,Romance",6.5,64074
Swordfish,2001,"Action,Crime,Thriller",6.5,203745
Legally Blonde,2001,"Comedy,Romance",6.5,286953
Rat Race,2001,"Action,Adventure,Comedy",6.5,130881
How to Lose a Guy in 10 Days,2003,"Comedy,Romance",6.5,324242
Heist,2001,"Action,Crime,Drama",6.5,41352
American Pie 2,2001,Comedy,6.5,287550
Hollywood Ending,2002,"Comedy,Romance",6.5,29157
Suicide Club,2001,"Crime,Drama,Horror",6.5,24070
Out of Time,2003,"Crime,Drama,Mystery",6.5,71632
Thumbsucker,2005,"Comedy,Drama",6.5,22556
The Day After Tomorrow,2004,"Action,Adventure,Sci-Fi",6.5,513699
Wonderland,2003,"Crime,Drama,Mystery",6.5,24790
Cellular,2004,"Action,Crime,Thriller",6.5,109439
The Missing,2003,"Adventure,Drama,Thriller",6.5,41681
Hostage,2005,"Action,Crime,Drama",6.5,116457
Ladder 49,2004,"Action,Drama,Thriller",6.5,59935
Ocean's Twelve,2004,"Crime,Thriller",6.5,438372
I Heart Huckabees,2004,Comedy,6.5,67669
Mr. & Mrs. Smith,2005,"Action,Comedy,Crime",6.5,595911
Spartan,2004,"Action,Crime,Drama",6.5,33196
Secret Window,2004,"Drama,Mystery,Thriller",6.5,222221
A Walk Among the Tombstones,2014,"Action,Crime,Drama",6.5,132020
Silent Hill,2006,"Horror,Mystery",6.5,261429
The Weather Man,2005,"Comedy,Drama",6.5,86321
Idiocracy,2006,"Adventure,Comedy,Sci-Fi",6.5,217370
In Her Shoes,2005,"Comedy,Drama,Romance",6.5,68981
The Skeleton Key,2005,"Drama,Horror,Mystery",6.5,132099
Casanova,2005,"Adventure,Comedy,Drama",6.5,58316
The Sisterhood of the Traveling Pants,2005,"Comedy,Drama,Romance",6.5,67327
The Spiderwick Chronicles,2008,"Action,Adventure,Drama",6.5,109223
Marie Antoinette,2006,"Biography,Drama,History",6.5,132549
Get Smart,2008,"Action,Adventure,Comedy",6.5,238553
Run Fatboy Run,2007,"Comedy,Romance,Sport",6.5,71737
Hollywoodland,2006,"Biography,Crime,Drama",6.5,37143
Krrish,2006,"Action,Sci-Fi",6.5,28479
Paper Man,2009,"Comedy,Drama",6.5,21078
Terminator Salvation,2009,"Action,Adventure,Sci-Fi",6.5,393484
Slither,2006,"Comedy,Horror,Sci-Fi",6.5,95302
Breaking and Entering,2006,"Crime,Drama,Romance",6.5,23802
Hoodwinked,2005,"Adventure,Animation,Comedy",6.5,72301
Flyboys,2006,"Action,Drama,History",6.5,46441
The Crazies,2010,Horror,6.5,138085
Sin City: A Dame to Kill For,2014,"Action,Adventure,Crime",6.5,179092
X-Men Origins: Wolverine,2009,"Action,Sci-Fi",6.5,568967
Step Up,2006,"Crime,Drama,Music",6.5,134607
National Treasure: Book of Secrets,2007,"Action,Adventure,Mystery",6.5,267774
The Mechanic,2011,"Action,Crime,Thriller",6.5,183275
Prince of Persia: The Sands of Time,2010,"Action,Adventure,Fantasy",6.5,318165
Night at the Museum,2006,"Adventure,Comedy,Family",6.5,411315
Harold & Kumar Escape from Guantanamo Bay,2008,"Adventure,Comedy",6.5,146285
Fanboys,2009,"Adventure,Comedy,Crime",6.5,63231
Ramona and Beezus,2010,"Comedy,Drama,Family",6.5,21205
The Chronicles of Narnia: Prince Caspian,2008,"Action,Adventure,Family",6.5,239965
Music and Lyrics,2007,"Comedy,Music,Romance",6.5,111657
Mamma Mia!,2008,"Comedy,Musical,Romance",6.5,307469
Funny Games,2007,"Crime,Drama,Thriller",6.5,110505
Quantum of Solace,2008,"Action,Adventure,Mystery",6.5,499249
Underworld: Rise of the Lycans,2009,"Action,Fantasy,Thriller",6.5,175398
The Last House on the Left,2009,"Horror,Thriller",6.5,108503
Blindness,2008,"Drama,Mystery,Thriller",6.5,77249
The Forbidden Kingdom,2008,"Action,Adventure,Fantasy",6.5,113680
Jungle Cruise,2021,"Action,Adventure,Comedy",6.5,228026
Antichrist,2009,"Drama,Horror,Thriller",6.5,145260
Salt,2010,"Action,Thriller",6.5,343406
The International,2009,"Action,Crime,Drama",6.5,104284
A Perfect Getaway,2009,"Drama,Mystery,Thriller",6.5,81965
Zack and Miri Make a Porno,2008,"Comedy,Romance",6.5,186855
Bhoot Police,2021,"Adventure,Comedy,Drama",6.5,28418
The Runaways,2010,"Biography,Drama,Music",6.5,52672
Life as We Know It,2010,"Comedy,Drama,Romance",6.5,145157
Next Goal Wins,2023,"Comedy,Drama,Sport",6.5,31420
Blended,2014,"Comedy,Romance",6.5,158689
Dog,2022,"Comedy,Drama",6.5,52544
Fireproof,2008,"Drama,Romance",6.5,25605
The Informant!,2009,"Biography,Comedy,Crime",6.5,69992
Sex Drive,2008,"Comedy,Romance",6.5,96195
Totally Killer,2023,"Comedy,Horror,Mystery",6.5,69442
The Thursday Murder Club,2025,"Comedy,Crime,Mystery",6.5,89180
Hereafter,2010,"Drama,Fantasy,Romance",6.5,98495
Leap Year,2010,"Comedy,Romance",6.5,116864
Pontypool,2008,"Horror,Sci-Fi",6.5,38588
Due Date,2010,"Comedy,Drama",6.5,372558
[Rec]²,2009,"Horror,Thriller",6.5,84800
District 13: Ultimatum,2009,"Action,Crime,Thriller",6.5,47942
Spencer,2021,"Biography,Drama",6.5,82164
Twisters,2024,"Action,Adventure,Thriller",6.5,197004
Host,2020,"Horror,Mystery",6.5,51133
Space Sweepers,2021,"Action,Adventure,Drama",6.5,31264
Evil Dead,2013,"Horror,Thriller",6.5,213418
Last Night,2010,"Drama,Romance",6.5,52733
Evil Dead Rise,2023,Horror,6.5,169477
X,2022,"Horror,Mystery,Thriller",6.5,224938
See How They Run,2022,"Comedy,Crime,Mystery",6.5,74066
The Sadness,2021,"Horror,Thriller",6.5,26918
Against the Ice,2022,"Adventure,Drama,History",6.5,31962
The Hangover Part II,2011,Comedy,6.5,579834
Wolfs,2024,"Action,Comedy,Crime",6.5,105239
Big Miracle,2012,"Biography,Drama,Romance",6.5,21314
Father Stu,2022,"Biography,Drama,Sport",6.5,36388
The Son,2022,Drama,6.5,20981
Indiana Jones and the Dial of Destiny,2023,"Action,Adventure,Sci-Fi",6.5,234070
Blink Twice,2024,"Mystery,Thriller",6.5,131108
Triple Frontier,2019,"Action,Adventure,Thriller",6.5,162065
Rocky Aur Rani Kii Prem Kahaani,2023,"Comedy,Drama,Family",6.5,51047
Bad Boys for Life,2020,"Action,Comedy,Crime",6.5,197742
Halloween,2018,"Crime,Drama,Horror",6.5,187264
Byzantium,2012,"Drama,Fantasy,Horror",6.5,48767
Dunki,2023,"Action,Adventure,Comedy",6.5,85983
Premium Rush,2012,"Action,Thriller",6.5,122628
Smile,2022,"Horror,Mystery,Thriller",6.5,242509
Peaky Blinders: The Immortal Man,2026,"Crime,Drama,History",6.5,82127
Take This Waltz,2011,"Comedy,Drama",6.5,31412
J. Edgar,2011,"Biography,Drama,Romance",6.5,138471
Think Like a Man,2012,"Comedy,Romance",6.5,52915
Friends with Benefits,2011,"Comedy,Romance",6.5,421077
The Art of Getting By,2011,"Comedy,Drama,Family",6.5,62324
The Dictator,2012,Comedy,6.5,369265
The Gray Man,2022,"Action,Mystery,Thriller",6.5,274605
Kick-Ass 2,2013,"Action,Comedy,Crime",6.5,300596
Safe,2012,"Action,Crime,Thriller",6.5,124922
Ice Age: Continental Drift,2012,"Adventure,Animation,Comedy",6.5,244198
Entourage,2015,"Comedy,Drama",6.5,85977
Snowtown,2011,"Biography,Crime,Drama",6.5,22632
The Awakening,2011,"Drama,Horror,Mystery",6.5,72124
Genius,2016,"Biography,Drama",6.5,22800
Pirates of the Caribbean: Dead Men Tell No Tales,2017,"Action,Adventure,Fantasy",6.5,386764
Blood & Gold,2023,"Action,Drama,War",6.5,20299
Sightseers,2012,"Adventure,Comedy,Crime",6.5,31675
Upstream Color,2013,"Drama,Mystery,Sci-Fi",6.5,36207
The Final Girls,2015,"Comedy,Fantasy,Horror",6.5,57467
Scoop,2024,"Biography,Drama",6.5,22211
Self/less,2015,"Action,Mystery,Sci-Fi",6.5,108159
The Current War,2017,"Biography,Drama,History",6.5,33355
Home,2015,"Adventure,Animation,Comedy",6.5,121806
Don Jon,2013,"Comedy,Drama,Romance",6.5,255355
Money Monster,2016,"Action,Crime,Drama",6.5,112384
Homefront,2013,"Action,Crime,Thriller",6.5,143490
Eden,2024,"Adventure,Drama,History",6.5,45842
Longlegs,2024,"Crime,Horror,Mystery",6.5,227167
Barefoot,2014,"Comedy,Drama,Romance",6.5,29069
"Where'd You Go, Bernadette",2019,"Comedy,Crime,Drama",6.5,27831
Parthenope,2024,"Drama,Fantasy",6.5,21032
Mowgli: Legend of the Jungle,2018,"Adventure,Animation,Drama",6.5,69579
Stretch,2014,"Comedy,Crime",6.5,32946
Boston Strangler,2023,"Crime,Drama,History",6.5,41530
A Little Chaos,2014,"Drama,Romance",6.5,26959
Time Lapse,2014,"Mystery,Sci-Fi,Thriller",6.5,53136
City of Lies,2018,"Biography,Crime,Drama",6.5,23005
Khel Khel Mein,2024,"Comedy,Drama",6.5,28498
The Secret Life of Pets,2016,"Adventure,Animation,Comedy",6.5,236737
Abigail,2024,"Action,Comedy,Crime",6.5,121127
Bloody Daddy,2023,"Action,Crime,Drama",6.5,23564
Good Fortune,2025,"Comedy,Fantasy,Romance",6.5,48024
Shaitaan,2024,"Drama,Horror,Thriller",6.5,56449
The Interview,2014,"Action,Adventure,Comedy",6.5,377838
Tag,2018,"Action,Comedy",6.5,162065
Magic in the Moonlight,2014,"Comedy,Drama,Romance",6.5,73750
Marco,2024,"Action,Crime,Thriller",6.5,25838
Novocaine,2025,"Action,Comedy,Crime",6.5,90300
Jay Kelly,2025,"Comedy,Drama",6.5,40722
The Program,2015,"Biography,Drama,Sport",6.5,20552
Bad Samaritan,2018,"Crime,Drama,Horror",6.5,28345
Bridget Jones: Mad About the Boy,2025,"Comedy,Drama,Romance",6.5,34693
Straw,2025,"Drama,Thriller",6.5,31557
Ready or Not 2: Here I Come,2026,"Comedy,Horror,Thriller",6.5,45144
Exit 8,2025,"Action,Adventure,Horror",6.5,24116
Nerve,2016,"Adventure,Crime,Drama",6.5,147877
Gerald's Game,2017,"Drama,Horror,Thriller",6.5,142607
The Choice,2016,"Drama,Romance",6.5,49854
Fractured,2019,"Drama,Mystery,Thriller",6.5,114020
How to Make a Killing,2026,"Comedy,Drama,Thriller",6.5,28931
Better Watch Out,2016,"Comedy,Horror,Thriller",6.5,52936
White Boy Rick,2018,"Crime,Drama",6.5,49036
Beirut,2018,"Action,Adventure,Crime",6.5,27074
Imperium,2016,"Crime,Drama,Mystery",6.5,53869
Bad Boys: Ride or Die,2024,"Action,Adventure,Comedy",6.5,114566
Being the Ricardos,2021,"Biography,Drama",6.5,47222
Minions: The Rise of Gru,2022,"Adventure,Animation,Comedy",6.5,106393
Annabelle: Creation,2017,"Horror,Mystery,Thriller",6.5,170690
Set It Up,2018,"Comedy,Romance",6.5,76059
Maestro,2023,"Biography,Drama,History",6.5,69678
The First Omen,2024,Horror,6.5,71821
Under the Silver Lake,2018,"Crime,Mystery,Thriller",6.5,61396
Brad's Status,2017,"Comedy,Drama,Music",6.5,20152
Plane,2023,"Action,Adventure,Drama",6.5,104236
Possessor,2020,"Horror,Mystery,Sci-Fi",6.5,54124
"Roman J. Israel, Esq.",2017,"Crime,Drama,Thriller",6.5,48561
Oxygen,2021,"Drama,Fantasy,Sci-Fi",6.5,48511
I Want You Back,2022,"Comedy,Romance",6.5,27394
Mandy,2018,"Action,Fantasy,Horror",6.5,98956
Every Day,2018,"Drama,Fantasy,Romance",6.5,25793
It: Chapter Two,2019,"Drama,Fantasy,Horror",6.5,356963
Terrified,2017,Horror,6.5,30965
Ammonite,2020,"Drama,History,Romance",6.5,26776
Gonjiam: Haunted Asylum,2018,"Horror,Mystery",6.5,25502
Swallow,2019,"Drama,History,Thriller",6.5,32497
Eurovision Song Contest: The Story of Fire Saga,2020,"Comedy,Music",6.5,109888
Last Christmas,2019,"Comedy,Drama,Fantasy",6.5,106497
Da 5 Bloods,2020,"Adventure,Drama,War",6.5,57680
Kate & Leopold,2001,"Comedy,Fantasy,Romance",6.4,94104
Coogan's Bluff,1968,"Action,Crime,Thriller",6.4,20930
The Omega Man,1971,"Action,Drama,Sci-Fi",6.4,36224
Joe Kidd,1972,"Drama,Western",6.4,22953
The Great Gatsby,1974,"Drama,Romance",6.4,28973
A Boy and His Dog,1975,"Comedy,Drama,Sci-Fi",6.4,20913
The Eiger Sanction,1975,"Action,Crime,Thriller",6.4,24826
The Gauntlet,1977,"Action,Crime,Thriller",6.4,27403
The Kentucky Fried Movie,1977,Comedy,6.4,21728
Force 10 from Navarone,1978,"Action,Drama,War",6.4,21442
Star Trek: The Motion Picture,1979,"Adventure,Mystery,Sci-Fi",6.4,101472
Friday the 13th,1980,"Horror,Mystery,Thriller",6.4,175088
Blue Thunder,1983,"Action,Crime,Drama",6.4,24469
The Man with Two Brains,1983,"Comedy,Romance,Sci-Fi",6.4,29626
Valley Girl,1983,"Comedy,Romance",6.4,21190
"Greystoke: The Legend of Tarzan, Lord of the Apes",1984,"Adventure,Drama",6.4,21311
Red Dawn,1984,"Action,Drama,Thriller",6.4,69026
Explorers,1985,"Adventure,Comedy,Family",6.4,25555
Silver Bullet,1985,Horror,6.4,35547
Spies Like Us,1985,"Adventure,Comedy",6.4,54943
St. Elmo's Fire,1985,"Drama,Romance",6.4,50695
The Money Pit,1986,Comedy,6.4,67133
Peggy Sue Got Married,1986,"Comedy,Drama,Fantasy",6.4,43082
Baby Boom,1987,"Comedy,Drama,Romance",6.4,21031
Bad Taste,1987,"Comedy,Horror,Sci-Fi",6.4,51505
Less Than Zero,1987,"Crime,Drama",6.4,23742
Hellbound: Hellraiser II,1988,"Horror,Thriller",6.4,60932
License to Drive,1988,Comedy,6.4,24539
Mystic Pizza,1988,"Comedy,Drama,Romance",6.4,37409
The Serpent and the Rainbow,1988,"Fantasy,Horror",6.4,28565
Always,1989,"Drama,Fantasy,Romance",6.4,35554
"Honey, I Shrunk the Kids",1989,"Adventure,Comedy,Family",6.4,177758
Kickboxer,1989,"Action,Sport,Thriller",6.4,66649
Lock Up,1989,"Action,Crime,Drama",6.4,48490
New York Stories,1989,"Comedy,Drama,Romance",6.4,20988
Tango & Cash,1989,"Action,Comedy,Crime",6.4,119966
The Adventures of Ford Fairlane,1990,"Action,Adventure,Comedy",6.4,20313
Darkman,1990,"Action,Sci-Fi,Thriller",6.4,75010
Lord of the Flies,1990,"Adventure,Drama,Thriller",6.4,35668
Pacific Heights,1990,"Drama,Mystery,Thriller",6.4,25402
Don't Tell Mom the Babysitter's Dead,1991,Comedy,6.4,40363
The Hard Way,1991,"Action,Comedy,Crime",6.4,24011
1492: Conquest of Paradise,1992,"Adventure,Biography,Drama",6.4,35218
Alien³,1992,"Action,Horror,Sci-Fi",6.4,353358
The Bodyguard,1992,"Drama,Music,Romance",6.4,158832
Forever Young,1992,"Drama,Romance,Sci-Fi",6.4,52884
The People Under the Stairs,1991,"Comedy,Horror,Mystery",6.4,43862
Single White Female,1992,"Drama,Thriller",6.4,46579
Unlawful Entry,1992,"Crime,Drama,Thriller",6.4,22070
The Good Son,1993,"Drama,Thriller",6.4,48277
The Three Musketeers,1993,"Action,Adventure,Romance",6.4,64193
It Could Happen to You,1994,"Comedy,Drama,Romance",6.4,49258
Killing Zoe,1993,"Crime,Drama,Thriller",6.4,22438
The Little Rascals,1994,"Comedy,Family,Romance",6.4,61673
New Nightmare,1994,"Fantasy,Horror,Mystery",6.4,69840
Ace Ventura: When Nature Calls,1995,"Adventure,Comedy,Crime",6.4,249881
Billy Madison,1995,Comedy,6.4,168069
Just Cause,1995,"Action,Crime,Drama",6.4,32981
The Prophecy,1995,"Action,Crime,Drama",6.4,35718
Crash,1996,Drama,6.4,72000
DragonHeart,1996,"Action,Adventure,Fantasy",6.4,104845
Last Man Standing,1996,"Action,Crime,Drama",6.4,62533
Mars Attacks!,1996,"Comedy,Sci-Fi",6.4,259146
Tin Cup,1996,"Comedy,Drama,Romance",6.4,56286
Fierce Creatures,1997,Comedy,6.4,26632
In & Out,1997,"Comedy,Romance",6.4,46661
The Jackal,1997,"Action,Crime,Drama",6.4,131221
My Best Friend's Wedding,1997,"Comedy,Drama,Romance",6.4,167417
Romy and Michele's High School Reunion,1997,Comedy,6.4,58192
Scream 2,1997,"Horror,Mystery",6.4,237707
Brokedown Palace,1999,"Drama,Mystery,Thriller",6.4,25193
Dirty Work,1998,Comedy,6.4,32989
The Opposite of Sex,1998,"Comedy,Drama,Romance",6.4,22269
Practical Magic,1998,"Comedy,Drama,Fantasy",6.4,108363
Star Trek: Insurrection,1998,"Action,Adventure,Sci-Fi",6.4,83310
Dinosaur,2000,"Adventure,Animation,Drama",6.4,73051
The Siege,1998,"Action,Thriller",6.4,83217
The Yards,2000,"Crime,Drama,Romance",6.4,24857
A Midsummer Night's Dream,1999,"Comedy,Fantasy,Romance",6.4,28452
The World Is Not Enough,1999,"Action,Adventure,Thriller",6.4,221111
The General's Daughter,1999,"Crime,Drama,Mystery",6.4,68642
The Messenger: The Story of Joan of Arc,1999,"Adventure,Biography,Drama",6.4,73218
Flawless,1999,"Crime,Drama",6.4,21124
Enigma,2001,"Drama,Mystery,Romance",6.4,22780
Behind Enemy Lines,2001,"Action,Drama,Thriller",6.4,119543
Rules of Engagement,2000,"Drama,Thriller,War",6.4,52831
Under Suspicion,2000,"Crime,Drama,Thriller",6.4,30344
Along Came a Spider,2001,"Crime,Drama,Mystery",6.4,104208
Vidocq,2001,"Action,Crime,Fantasy",6.4,24011
How the Grinch Stole Christmas,2000,"Comedy,Family,Fantasy",6.4,333935
Keeping the Faith,2000,"Comedy,Drama,Romance",6.4,54372
Final Fantasy: The Spirits Within,2001,"Action,Adventure,Animation",6.4,86336
Hardball,2001,"Comedy,Drama,Sport",6.4,36205
Blue Streak,1999,"Action,Comedy,Crime",6.4,93361
Pokémon: The First Movie - Mewtwo Strikes Back,1998,"Action,Adventure,Animation",6.4,50273
The Mummy Returns,2001,"Action,Adventure,Fantasy",6.4,368744
The Cell,2000,"Crime,Horror,Sci-Fi",6.4,114950
Miss Congeniality,2000,"Action,Comedy,Crime",6.4,249112
The Tigger Movie,2000,"Adventure,Animation,Comedy",6.4,21815
Big Trouble,2002,"Comedy,Crime,Thriller",6.4,23071
The Princess Diaries,2001,"Comedy,Family,Romance",6.4,183160
Crazy/Beautiful,2001,"Drama,Romance",6.4,27726
Hart's War,2002,"Drama,War",6.4,57951
The Mothman Prophecies,2002,"Drama,Horror,Mystery",6.4,90074
Ned Kelly,2003,"Action,Adventure,Biography",6.4,29298
The Good Girl,2002,"Drama,Romance",6.4,50032
Van Wilder,2002,"Comedy,Romance",6.4,120893
Meet the Fockers,2004,"Comedy,Romance",6.4,301951
Mean Machine,2001,"Comedy,Crime,Drama",6.4,42890
Beyond Borders,2003,"Adventure,Drama,Romance",6.4,28534
Barbershop,2002,"Comedy,Drama",6.4,35878
Dead End,2003,"Adventure,Horror,Mystery",6.4,35809
Blood Work,2002,"Action,Crime,Drama",6.4,50876
Freaky Friday,2003,"Comedy,Family,Fantasy",6.4,178155
The Punisher,2004,"Action,Crime,Drama",6.4,181383
Robots,2005,"Adventure,Animation,Comedy",6.4,175587
Wimbledon,2004,"Comedy,Romance,Sport",6.4,68032
Happy Feet,2006,"Adventure,Animation,Comedy",6.4,214373
Spanglish,2004,"Comedy,Drama,Romance",6.4,92933
The Interpreter,2005,"Crime,Mystery,Thriller",6.4,115592
Melinda and Melinda,2004,"Comedy,Drama,Romance",6.4,34153
Accepted,2006,Comedy,6.4,148545
In Good Company,2004,"Comedy,Drama,Romance",6.4,58028
Click,2006,"Comedy,Drama,Fantasy",6.4,388814
The Producers,2005,"Comedy,Crime,Musical",6.4,46934
The Longest Yard,2005,"Comedy,Crime,Sport",6.4,211975
Chaos,2005,"Action,Crime,Drama",6.4,60654
Night Watch,2004,"Action,Fantasy,Horror",6.4,57120
Youth in Revolt,2009,"Comedy,Drama,Romance",6.4,78177
Day Watch,2006,"Action,Fantasy,Horror",6.4,36423
In the Land of Women,2007,"Comedy,Drama,Romance",6.4,33587
Red Eye,2005,Thriller,6.4,166436
Stick It,2006,"Comedy,Drama,Sport",6.4,31449
Factory Girl,2006,"Biography,Drama",6.4,23015
Daybreakers,2009,"Action,Horror,Sci-Fi",6.4,141190
The Last Kiss,2006,"Comedy,Drama,Romance",6.4,42812
The Giver,2014,"Drama,Romance,Sci-Fi",6.4,130988
Lonely Hearts,2006,"Biography,Crime,Drama",6.4,23243
Hancock,2008,"Action,Comedy,Drama",6.4,540358
Unknown,2006,"Crime,Drama,Mystery",6.4,32441
Death Race,2008,"Action,Sci-Fi,Thriller",6.4,228695
Mr. Bean's Holiday,2007,"Comedy,Family",6.4,142347
The Hills Have Eyes,2006,"Horror,Thriller",6.4,196235
She's the Man,2006,"Comedy,Romance,Sport",6.4,193941
How to Lose Friends & Alienate People,2008,"Biography,Comedy,Drama",6.4,72144
Severance,2006,"Comedy,Horror",6.4,43373
No Reservations,2007,"Comedy,Drama,Romance",6.4,84333
The Number 23,2007,"Crime,Mystery,Thriller",6.4,221696
Love in the Time of Cholera,2007,"Drama,Romance",6.4,24875
Stop-Loss,2008,"Drama,War",6.4,21564
The Water Horse,2007,"Adventure,Family,Fantasy",6.4,44834
Be Kind Rewind,2008,Comedy,6.4,96584
She's Out of My League,2010,"Comedy,Romance",6.4,153461
The Girl Next Door,2007,"Crime,Drama,Horror",6.4,32211
Godzilla,2014,"Action,Adventure,Sci-Fi",6.4,465675
Repo! The Genetic Opera,2008,"Horror,Musical,Sci-Fi",6.4,28517
City of Ember,2008,"Adventure,Drama,Family",6.4,73130
17 Again,2009,"Comedy,Drama,Fantasy",6.4,232679
The Experiment,2010,"Drama,Thriller",6.4,59893
He's Just Not That Into You,2009,"Comedy,Drama,Romance",6.4,195744
The Iron Lady,2011,"Biography,Drama",6.4,117050
Alice in Wonderland,2010,"Adventure,Family,Fantasy",6.4,468949
Child 44,2015,"Crime,Drama,History",6.4,79892
Choke,2008,"Comedy,Drama",6.4,34865
The Invention of Lying,2009,"Comedy,Fantasy,Romance",6.4,157505
Titane,2021,"Drama,Horror,Sci-Fi",6.4,66754
The Taking of Pelham 123,2009,"Action,Crime,Thriller",6.4,217840
IF,2024,"Animation,Comedy,Drama",6.4,67563
Renfield,2023,"Action,Comedy,Fantasy",6.4,120342
The Ugly Truth,2009,"Comedy,Romance",6.4,242184
Leaves of Grass,2009,"Comedy,Crime,Drama",6.4,28736
No Sudden Move,2021,"Crime,Drama,Mystery",6.4,45288
Resident Evil: Degeneration,2008,"Action,Animation,Horror",6.4,35198
A Walk in the Woods,2015,"Adventure,Biography,Comedy",6.4,32375
From Paris with Love,2010,"Action,Crime,Thriller",6.4,127525
Black Death,2010,"Action,Drama,History",6.4,54697
Sputnik,2020,"Drama,Horror,Mystery",6.4,30292
The Lone Ranger,2013,"Action,Adventure,Drama",6.4,253458
Hot Tub Time Machine,2010,"Comedy,Sci-Fi",6.4,198989
"Confess, Fletch",2022,"Comedy,Crime,Mystery",6.4,27289
Leave the World Behind,2023,"Drama,Mystery,Thriller",6.4,243417
Deadstream,2022,"Comedy,Fantasy,Horror",6.4,24311
The Joneses,2009,"Comedy,Drama",6.4,42989
Solace,2015,"Crime,Drama,Mystery",6.4,74291
Army of Thieves,2021,"Action,Comedy,Crime",6.4,98233
Kill Your Darlings,2013,"Biography,Drama,Romance",6.4,43451
The Expendables,2010,"Action,Adventure,Thriller",6.4,380944
The Lucky One,2012,"Drama,Mystery,Romance",6.4,118622
Heads of State,2025,"Action,Adventure,Comedy",6.4,69756
Fight or Flight,2024,"Action,Comedy",6.4,27509
The Company You Keep,2012,"Drama,Thriller",6.4,37501
Stand Up Guys,2012,"Comedy,Crime,Thriller",6.4,59752
Boy Kills World,2023,"Action,Adventure,Comedy",6.4,40725
The Running Man,2025,"Action,Adventure,Sci-Fi",6.4,111862
Riddick,2013,"Action,Adventure,Sci-Fi",6.4,186809
Asteroid City,2023,"Comedy,Drama,Romance",6.4,145420
Predators,2010,"Action,Adventure,Sci-Fi",6.4,263176
Fright Night,2011,"Action,Comedy,Drama",6.4,119900
Charlie St. Cloud,2010,"Drama,Fantasy,Romance",6.4,66574
Killer Elite,2011,"Action,Crime,Thriller",6.4,141328
Nefarious,2023,"Drama,Horror,Thriller",6.4,39674
Stake Land,2010,"Drama,Horror",6.4,45883
Bridget Jones's Baby,2016,"Comedy,Drama,Romance",6.4,91491
The Lorax,2012,"Adventure,Animation,Comedy",6.4,144870
The Raven,2012,"Crime,Drama,Mystery",6.4,90417
Contraband,2012,"Action,Adventure,Crime",6.4,129389
Joy Ride,2023,Comedy,6.4,31180
Horns,2013,"Comedy,Fantasy,Horror",6.4,92064
Everything Must Go,2010,"Comedy,Drama",6.4,55359
Fall,2022,"Action,Thriller",6.4,139795
Just Go with It,2011,"Comedy,Romance",6.4,291284
A Dangerous Method,2011,"Biography,Drama,Romance",6.4,112226
In the Land of Saints and Sinners,2023,"Action,Crime,Drama",6.4,31417
Act of Valor,2012,"Action,Adventure,Thriller",6.4,74215
The Woman in Black,2012,"Drama,Fantasy,Horror",6.4,199743
Savages,2012,"Crime,Drama,Thriller",6.4,138865
Fair Play,2023,"Drama,Thriller",6.4,46998
Our Idiot Brother,2011,"Comedy,Drama",6.4,92620
Here Comes the Boom,2012,"Action,Comedy,Sport",6.4,99579
Colombiana,2011,"Action,Crime,Drama",6.4,114841
Grudge Match,2013,"Comedy,Drama,Sport",6.4,65130
The DUFF,2015,"Comedy,Romance",6.4,107288
Trolls,2016,"Adventure,Animation,Comedy",6.4,101088
Before I Fall,2017,"Drama,Fantasy,Mystery",6.4,60784
Anna,2013,"Drama,Mystery,Sci-Fi",6.4,26747
Resident Evil: Damnation,2012,"Action,Animation,Horror",6.4,24219
Scream VI,2023,"Horror,Mystery,Thriller",6.4,153271
Conquest 1453,2012,"Action,Drama,History",6.4,59951
Step Up: Revolution,2012,"Drama,Music,Romance",6.4,60078
The Congress,2013,"Animation,Drama,Sci-Fi",6.4,20849
The Double,2013,"Comedy,Drama,Mystery",6.4,55666
How I Live Now,2013,"Action,Adventure,Drama",6.4,33636
Let's Be Cops,2014,"Action,Comedy,Crime",6.4,144609
Thanks for Sharing,2012,"Comedy,Drama,Romance",6.4,30528
Tomorrowland,2015,"Action,Adventure,Family",6.4,199960
Compliance,2012,"Crime,Drama,Thriller",6.4,40996
Resolution,2012,"Drama,Horror,Mystery",6.4,21789
Pain & Gain,2013,"Action,Biography,Comedy",6.4,241730
Chained,2012,"Drama,Horror,Thriller",6.4,23302
The Frozen Ground,2013,"Biography,Crime,Drama",6.4,72835
Laggies,2014,"Comedy,Drama,Romance",6.4,47440
Europa Report,2013,"Drama,Mystery,Sci-Fi",6.4,79631
A Bigger Splash,2015,"Drama,Music,Thriller",6.4,36752
Dead Man Down,2013,"Action,Adventure,Crime",6.4,71929
Hidden,2015,"Horror,Sci-Fi,Thriller",6.4,29467
Priscilla,2023,"Biography,Drama,Music",6.4,55508
Goliyon Ki Raasleela Ram Leela,2013,"Drama,Musical,Romance",6.4,23750
The Mountain Between Us,2017,"Drama,Thriller",6.4,88493
Valerian and the City of a Thousand Planets,2017,"Action,Adventure,Animation",6.4,210097
Kinds of Kindness,2024,"Comedy,Drama,Horror",6.4,72588
Black Sea,2014,"Adventure,Drama,Thriller",6.4,43192
Redirected,2014,"Action,Comedy,Crime",6.4,35004
Muppets Most Wanted,2014,"Adventure,Comedy,Crime",6.4,39503
How to Have Sex,2023,Drama,6.4,23213
Maria,2024,"Biography,Drama,Music",6.4,25429
Minions,2015,"Adventure,Animation,Comedy",6.4,285852
The Rover,2014,"Action,Crime,Drama",6.4,54606
Mississippi Grind,2015,"Comedy,Drama",6.4,28228
Live by Night,2016,"Action,Crime,Drama",6.4,62467
The Take,2016,"Action,Adventure,Crime",6.4,55314
Need for Speed,2014,"Action,Crime,Drama",6.4,187259
Ain't Them Bodies Saints,2013,"Crime,Drama,Romance",6.4,23715
Project Almanac,2015,"Drama,Mystery,Sci-Fi",6.4,88446
Son of a Gun,2014,"Action,Crime,Drama",6.4,31104
The Grinch,2018,"Animation,Comedy,Family",6.4,114179
Top Five,2014,"Comedy,Romance",6.4,28399
Jolly LLB 3,2025,"Comedy,Drama",6.4,41242
Lucy,2014,"Action,Sci-Fi,Thriller",6.4,581063
The Purge: Anarchy,2014,"Action,Horror,Sci-Fi",6.4,173083
Batman v Superman: Dawn of Justice,2016,Sci-Fi,6.4,793088
Just Before I Go,2014,"Comedy,Drama",6.4,20474
Beverly Hills Cop: Axel F,2024,"Action,Comedy,Crime",6.4,87556
The Sabarmati Report,2024,"Crime,Drama,Thriller",6.4,25640
The Inbetweeners 2,2014,Comedy,6.4,49296
Pimp,2018,"Crime,Drama,Romance",6.4,21729
Now You See Me 2,2016,"Action,Adventure,Comedy",6.4,362429
Luther: The Fallen Sun,2023,"Action,Crime,Drama",6.4,72765
Risen,2016,"Action,Drama,History",6.4,33656
A House of Dynamite,2025,"Drama,Thriller",6.4,119352
Tale of Tales,2015,"Drama,Fantasy,Horror",6.4,33486
Good Kill,2014,"Drama,Thriller,War",6.4,25900
The Wrecking Crew,2026,"Action,Comedy,Crime",6.4,50215
The Night Before,2015,"Comedy,Fantasy",6.4,90459
Creep 2,2017,"Horror,Thriller",6.4,40441
Ferrari,2023,"Biography,Drama,History",6.4,68190
Barb and Star Go to Vista Del Mar,2021,"Comedy,Fantasy",6.4,22133
The Goldfinch,2019,"Crime,Drama,Mystery",6.4,30114
The Babysitter,2017,"Comedy,Horror",6.4,122921
Hell House LLC,2015,"Horror,Mystery",6.4,36518
Mayhem,2017,"Action,Comedy,Horror",6.4,29989
Luckiest Girl Alive,2022,"Drama,Mystery,Thriller",6.4,60422
A Cure for Wellness,2016,"Drama,Fantasy,Horror",6.4,125117
Batman: The Killing Joke,2016,"Action,Animation,Crime",6.4,65914
The Secret Life of Pets 2,2019,"Adventure,Animation,Comedy",6.4,78791
The Willoughbys,2020,"Adventure,Animation,Comedy",6.4,23591
Ghost Stories,2017,"Drama,Horror,Mystery",6.4,40170
The Ritual,2017,"Horror,Mystery,Thriller",6.4,144917
Wheelman,2017,"Action,Thriller",6.4,23798
When We First Met,2018,"Comedy,Fantasy,Romance",6.4,57266
Escape Room,2019,"Action,Adventure,Horror",6.4,160442
The Aftermath,2019,"Drama,Romance,War",6.4,25981
The Angry Birds Movie 2,2019,"Action,Adventure,Animation",6.4,42968
Incident in a Ghostland,2018,"Drama,Horror,Mystery",6.4,47230
The Personal History of David Copperfield,2019,"Comedy,Drama",6.4,24053
A Rainy Day in New York,2019,"Comedy,Romance",6.4,58572
Unsane,2018,"Drama,Horror,Mystery",6.4,54158
Black and Blue,2019,"Action,Thriller",6.4,30109
Jingle Jangle: A Christmas Journey,2020,"Family,Fantasy,Musical",6.4,22205
Kajillionaire,2020,"Comedy,Crime,Drama",6.4,24063
My Spy,2020,"Action,Comedy",6.4,42139
His House,2020,"Drama,Horror,Thriller",6.4,55017
Queenpins,2021,"Comedy,Crime",6.4,29726
The Occupant,2020,"Drama,Thriller",6.4,21641
On the Rocks,2020,"Comedy,Drama,Romance",6.4,39901
The Vault,2021,"Action,Thriller",6.4,35485
I Care a Lot,2020,"Comedy,Crime,Drama",6.4,159408
The Blob,1958,"Horror,Sci-Fi",6.3,32333
Escape from the Planet of the Apes,1971,"Action,Sci-Fi",6.3,44811
Shivers,1975,"Horror,Sci-Fi",6.3,26289
Pete's Dragon,1977,"Adventure,Animation,Comedy",6.3,28207
Rabid,1977,"Horror,Sci-Fi",6.3,23761
Convoy,1978,"Action,Drama",6.3,20945
Every Which Way But Loose,1978,"Action,Comedy",6.3,31317
The Hills Have Eyes,1977,"Horror,Thriller",6.3,42832
Moonraker,1979,"Action,Adventure,Sci-Fi",6.3,118000
American Gigolo,1980,"Crime,Drama,Mystery",6.3,31124
Maniac,1980,"Crime,Drama,Horror",6.3,22508
My Bloody Valentine,1981,"Horror,Mystery,Thriller",6.3,28145
Nighthawks,1981,"Action,Crime,Thriller",6.3,23680
Bachelor Party,1984,Comedy,6.3,43744
Night of the Comet,1984,"Comedy,Horror,Sci-Fi",6.3,27078
Splash,1984,"Comedy,Fantasy,Romance",6.3,88429
Tightrope,1984,"Crime,Mystery,Thriller",6.3,20875
The Black Cauldron,1985,"Action,Adventure,Animation",6.3,45423
Cat's Eye,1985,"Comedy,Drama,Horror",6.3,30649
Legend,1985,"Adventure,Fantasy,Romance",6.3,80005
Summer Rental,1985,Comedy,6.3,20252
A View to a Kill,1985,"Action,Adventure,Thriller",6.3,113153
Down and Out in Beverly Hills,1986,Comedy,6.3,20048
Throw Momma from the Train,1987,"Comedy,Crime,Thriller",6.3,44362
The Dead Pool,1988,"Action,Crime,Mystery",6.3,51254
Married to the Mob,1988,"Comedy,Crime,Romance",6.3,21813
Blind Fury,1989,"Action,Comedy,Crime",6.3,20349
Green Card,1990,"Comedy,Drama,Romance",6.3,27612
Kindergarten Cop,1990,"Action,Comedy,Crime",6.3,176253
My Blue Heaven,1990,"Comedy,Crime",6.3,24121
Predator 2,1990,"Action,Horror,Sci-Fi",6.3,202716
Bill & Ted's Bogus Journey,1991,"Adventure,Comedy,Fantasy",6.3,85171
Doc Hollywood,1991,"Comedy,Drama,Romance",6.3,42883
Sleeping with the Enemy,1991,"Drama,Thriller",6.3,71850
Mad Dog and Glory,1993,"Comedy,Crime,Drama",6.3,24095
Needful Things,1993,"Crime,Drama,Fantasy",6.3,30504
Rising Sun,1993,"Action,Crime,Drama",6.3,50392
Sommersby,1993,"Drama,Mystery,Romance",6.3,23652
The Vanishing,1993,"Drama,Horror,Mystery",6.3,30429
Baby's Day Out,1994,"Adventure,Comedy,Crime",6.3,60804
Blown Away,1994,"Action,Crime,Drama",6.3,36847
Frankenstein,1994,"Drama,Horror,Romance",6.3,63989
Major Payne,1995,"Adventure,Comedy,Family",6.3,43447
Thumbelina,1994,"Adventure,Animation,Family",6.3,20296
Wolf,1994,"Drama,Horror,Romance",6.3,64563
Assassins,1995,"Action,Crime,Thriller",6.3,92593
Nick of Time,1995,"Action,Crime,Drama",6.3,47593
Sabrina,1995,"Comedy,Drama,Romance",6.3,47523
Screamers,1995,"Horror,Sci-Fi,Thriller",6.3,31817
Waterworld,1995,"Action,Adventure,Sci-Fi",6.3,225222
Evita,1996,"Biography,Drama,History",6.3,39573
Fear,1996,"Drama,Thriller",6.3,63203
Mulholland Falls,1996,"Crime,Drama,Mystery",6.3,21216
Mr. Nice Guy,1997,"Action,Adventure,Comedy",6.3,31045
The Truth About Cats & Dogs,1996,"Comedy,Romance",6.3,28967
A Life Less Ordinary,1997,"Comedy,Crime,Fantasy",6.3,38478
Mad City,1997,"Crime,Drama,Thriller",6.3,21933
Celebrity,1998,"Comedy,Drama",6.3,28698
The Deep End of the Ocean,1999,Drama,6.3,23430
Deep Impact,1998,"Action,Drama,Sci-Fi",6.3,205923
Small Soldiers,1998,"Action,Adventure,Comedy",6.3,110571
Very Bad Things,1998,"Comedy,Crime,Thriller",6.3,50987
Heartbreakers,2001,"Comedy,Crime,Romance",6.3,62297
Entrapment,1999,"Action,Crime,Romance",6.3,129994
Idle Hands,1999,"Comedy,Fantasy,Horror",6.3,50469
Intolerable Cruelty,2003,"Comedy,Crime,Romance",6.3,106027
Message in a Bottle,1999,"Drama,Romance",6.3,42521
Muppets from Space,1999,"Adventure,Comedy,Family",6.3,21975
Nurse Betty,2000,"Comedy,Crime,Drama",6.3,35888
Scary Movie,2000,Comedy,6.3,330229
Osmosis Jones,2001,"Action,Adventure,Animation",6.3,41572
Terminator 3: Rise of the Machines,2003,"Action,Sci-Fi",6.3,438040
Rock Star,2001,"Drama,Music",6.3,47161
Pearl Harbor,2001,"Action,Drama,Romance",6.3,370468
Made,2001,"Comedy,Crime,Drama",6.3,20429
Formula 51,2001,"Action,Comedy,Crime",6.3,52757
Proof of Life,2000,"Action,Drama,Thriller",6.3,61032
Death to Smoochy,2002,"Comedy,Crime,Drama",6.3,44680
Johnny English,2003,"Action,Adventure,Comedy",6.3,185882
Once Upon a Time in Mexico,2003,"Action,Crime,Thriller",6.3,176744
Rush Hour 3,2007,"Action,Comedy,Crime",6.3,200328
Austin Powers in Goldmember,2002,"Action,Adventure,Comedy",6.3,235256
Mindhunters,2004,"Crime,Horror,Thriller",6.3,68523
Anger Management,2003,Comedy,6.3,242688
Down with Love,2003,"Comedy,Romance",6.3,47227
Anything Else,2003,"Comedy,Romance",6.3,34358
Ella Enchanted,2004,"Comedy,Family,Fantasy",6.3,81045
American Wedding,2003,Comedy,6.3,229613
Fever Pitch,2005,"Comedy,Drama,Romance",6.3,50019
13 Going on 30,2004,"Comedy,Fantasy,Romance",6.3,249296
Birth,2004,"Drama,Fantasy,Mystery",6.3,44946
Paycheck,2003,"Action,Mystery,Sci-Fi",6.3,118720
Shopgirl,2005,"Drama,Romance",6.3,25392
King Arthur,2004,"Action,Adventure,Drama",6.3,183149
The Family Stone,2005,"Comedy,Drama,Romance",6.3,90369
Revolver,2005,"Action,Crime,Drama",6.3,109083
Shortbus,2006,"Comedy,Drama,Romance",6.3,37321
After the Sunset,2004,"Action,Comedy,Crime",6.3,53082
Elizabethtown,2005,"Comedy,Drama,Romance",6.3,75366
Astro Boy,2009,"Action,Adventure,Animation",6.3,43114
Transporter 2,2005,"Action,Thriller",6.3,226359
Assault on Precinct 13,2005,"Action,Crime,Drama",6.3,84578
Sky High,2005,"Action,Comedy,Family",6.3,101395
Zathura: A Space Adventure,2005,"Action,Adventure,Comedy",6.3,126660
Flightplan,2005,"Drama,Mystery,Thriller",6.3,185795
Tideland,2005,"Drama,Fantasy,Horror",6.3,36000
Spider-Man 3,2007,"Action,Adventure,Sci-Fi",6.3,702771
Charlotte's Web,2006,"Adventure,Comedy,Family",6.3,50112
Beowulf,2007,"Action,Adventure,Animation",6.3,180049
Blades of Glory,2007,"Comedy,Sport",6.3,186612
London,2005,"Drama,Romance",6.3,25766
A Long Way Down,2014,"Comedy,Drama",6.3,35687
Fast Food Nation,2006,"Comedy,Drama",6.3,26141
Them,2006,"Horror,Thriller",6.3,33924
The Astronaut Farmer,2006,"Adventure,Drama,Sci-Fi",6.3,23863
"Hail, Caesar!",2016,"Comedy,Drama,Mystery",6.3,150346
Tales from Earthsea,2006,"Adventure,Animation,Fantasy",6.3,48655
Take Me Home Tonight,2011,"Comedy,Drama,Romance",6.3,57771
The Uninvited,2009,"Drama,Fantasy,Horror",6.3,89444
The Collector,2009,"Horror,Thriller",6.3,79867
Sleuth,2007,"Crime,Drama,Mystery",6.3,33945
The Thing,2011,"Horror,Mystery,Sci-Fi",6.3,154881
"Angus, Thongs and Perfect Snogging",2008,"Comedy,Drama,Romance",6.3,31902
The Chronicles of Narnia: The Voyage of the Dawn Treader,2010,"Adventure,Family,Fantasy",6.3,178026
Surrogates,2009,"Action,Sci-Fi,Thriller",6.3,185172
Dear John,2010,"Drama,Romance,War",6.3,164143
The Little Things,2021,"Crime,Drama,Mystery",6.3,143150
Centurion,2010,"Action,Drama,History",6.3,89773
The Warrior's Way,2010,"Action,Drama,Fantasy",6.3,28001
The Other Woman,2009,Drama,6.3,20378
Goosebumps,2015,"Adventure,Animation,Comedy",6.3,102738
Repo Men,2010,"Action,Sci-Fi,Thriller",6.3,114278
#Alive,2020,"Action,Drama,Horror",6.3,55318
It Ends with Us,2024,"Drama,Romance",6.3,102974
To All the Boys: Always and Forever,2021,"Comedy,Drama,Romance",6.3,40007
Don't Worry Darling,2022,"Drama,Mystery,Thriller",6.3,177425
Love Hard,2021,"Comedy,Romance",6.3,68845
Freaky,2020,"Comedy,Horror,Thriller",6.3,82125
The Smashing Machine,2025,"Action,Biography,Drama",6.3,74398
Scream,2022,"Horror,Mystery,Thriller",6.3,188839
Death Wish,2018,"Action,Crime,Drama",6.3,83585
Run Hide Fight,2020,"Action,Crime,Drama",6.3,30212
The Karate Kid,2010,"Action,Drama,Family",6.3,227769
The House of the Devil,2009,"Horror,Mystery",6.3,55750
W.,2008,"Biography,Comedy,Drama",6.3,51562
The Extraordinary Adventures of Adèle Blanc-Sec,2010,"Action,Adventure,Comedy",6.3,24576
Paranormal Activity,2007,"Horror,Mystery",6.3,272699
You Will Meet a Tall Dark Stranger,2010,"Comedy,Drama,Romance",6.3,48873
Ninja Assassin,2009,"Action,Thriller",6.3,79950
Diary of a Wimpy Kid,2010,"Comedy,Drama,Family",6.3,67151
Charlie Countryman,2013,"Comedy,Drama,Romance",6.3,30825
Watcher,2022,"Drama,Horror,Mystery",6.3,61793
Funny People,2009,"Comedy,Drama",6.3,127423
The Rebound,2009,"Comedy,Romance",6.3,52513
Ghost in the Shell,2017,"Action,Animation,Crime",6.3,239955
Get Him to the Greek,2010,"Comedy,Music",6.3,190623
Anchorman 2: The Legend Continues,2013,Comedy,6.3,202468
Emancipation,2022,"Action,Thriller",6.3,31552
Scream 4,2011,"Horror,Mystery",6.3,191993
Dead Snow,2009,"Comedy,Fantasy,Horror",6.3,73137
Date Night,2010,"Comedy,Crime,Romance",6.3,180061
Devil,2010,"Horror,Mystery,Thriller",6.3,166394
The Man Who Killed Don Quixote,2018,"Adventure,Comedy,Drama",6.3,23910
Going the Distance,2010,"Comedy,Romance",6.3,61489
Napoleon,2023,"Action,Adventure,Biography",6.3,187559
Do Revenge,2022,"Comedy,Drama,Romance",6.3,57349
Cyrus,2010,"Comedy,Drama,Romance",6.3,37545
Mothers' Instinct,2024,"Drama,Thriller",6.3,24819
Terminator Genisys,2015,"Action,Adventure,Sci-Fi",6.3,308133
A Quiet Place: Day One,2024,"Drama,Horror,Sci-Fi",6.3,178502
Jack the Giant Slayer,2013,"Action,Adventure,Animation",6.3,155733
Moana 2,2024,"Adventure,Animation,Comedy",6.3,126752
Tomb Raider,2018,"Action,Adventure,Fantasy",6.3,242609
Upside Down,2012,"Drama,Romance,Sci-Fi",6.3,75945
Anek,2022,"Action,Drama,Sport",6.3,22870
Kimi,2022,"Crime,Drama,Mystery",6.3,43531
Somewhere,2010,"Comedy,Drama,Romance",6.3,48716
Look Both Ways,2022,"Comedy,Drama,Fantasy",6.3,27298
A Little Bit of Heaven,2011,"Comedy,Drama,Fantasy",6.3,30797
The American,2010,"Crime,Drama,Thriller",6.3,106896
Under the Skin,2013,"Drama,Horror,Mystery",6.3,171564
Uncharted,2022,"Action,Adventure",6.3,301703
Monsters,2010,"Adventure,Drama,Romance",6.3,102048
The Lord of the Rings: The War of the Rohirrim,2024,"Action,Adventure,Animation",6.3,40674
Chalet Girl,2011,"Comedy,Romance,Sport",6.3,27959
The Change-Up,2011,"Comedy,Fantasy",6.3,205997
Central Intelligence,2016,"Action,Comedy,Crime",6.3,239620
Underworld: Awakening,2012,"Action,Fantasy,Thriller",6.3,167771
Strays,2023,"Adventure,Comedy",6.3,38023
Grabbers,2012,"Action,Adventure,Comedy",6.3,20725
The Beekeeper,2024,"Action,Crime,Thriller",6.3,181708
Flypaper,2011,"Comedy,Crime,Mystery",6.3,35042
The Last Stand,2013,"Action,Drama,Thriller",6.3,150643
No Hard Feelings,2023,"Comedy,Romance",6.3,218043
The Voices,2014,"Comedy,Crime,Horror",6.3,66978
Nowhere,2023,"Drama,Thriller",6.3,49464
The Commuter,2018,"Action,Mystery,Thriller",6.3,134171
War Machine,2026,"Action,Sci-Fi,Thriller",6.3,104839
This Means War,2012,"Action,Comedy,Romance",6.3,201012
Dabangg,2010,"Action,Comedy,Crime",6.3,37450
Oz the Great and Powerful,2013,"Adventure,Family,Fantasy",6.3,221648
Young Adult,2011,"Comedy,Drama",6.3,90206
Johnny English Reborn,2011,"Action,Adventure,Comedy",6.3,149693
The Family Plan,2023,"Action,Comedy",6.3,64873
Special Forces,2011,"Action,Drama,War",6.3,20164
Karate Kid: Legends,2025,"Action,Drama,Family",6.3,48693
Triple 9,2016,"Action,Crime,Drama",6.3,81844
Before I Go to Sleep,2014,"Drama,Mystery,Thriller",6.3,90408
Scouts Guide to the Zombie Apocalypse,2015,"Action,Comedy,Horror",6.3,61212
Unlocked,2017,"Action,Adventure,Drama",6.3,41199
Secret in Their Eyes,2015,"Crime,Drama,Mystery",6.3,55064
John Dies at the End,2012,"Comedy,Fantasy,Horror",6.3,41891
Kill List,2011,"Crime,Drama,Horror",6.3,50132
While We're Young,2014,"Comedy,Drama,Mystery",6.3,56082
Here,2024,Drama,6.3,28387
The Loft,2014,"Mystery,Romance,Thriller",6.3,64188
Incantation,2022,"Horror,Mystery",6.3,30460
Austenland,2013,"Comedy,Romance",6.3,25485
The Angry Birds Movie,2016,"Action,Adventure,Animation",6.3,118571
Cloudy with a Chance of Meatballs 2,2013,"Adventure,Animation,Comedy",6.3,126045
Our Kind of Traitor,2016,"Action,Crime,Drama",6.3,25885
Neighbors,2014,Comedy,6.3,346262
The Outsider,2018,"Crime,Drama,Thriller",6.3,31752
Diary of a Wimpy Kid: Dog Days,2012,"Comedy,Family",6.3,34618
13 Sins,2014,"Horror,Thriller",6.3,42266
Mr. Right,2015,"Action,Comedy,Crime",6.3,65839
Hours,2013,"Drama,Thriller",6.3,31953
Spectral,2016,"Action,Adventure,Sci-Fi",6.3,70983
Chennai Express,2013,"Action,Comedy,Romance",6.3,72730
Back to Black,2024,"Biography,Drama,Music",6.3,31367
Paradise,2023,"Action,Sci-Fi,Thriller",6.3,25732
Two Night Stand,2014,"Comedy,Romance",6.3,76587
Kung Fu Panda 4,2024,"Action,Adventure,Animation",6.3,83233
Horrible Bosses 2,2014,"Comedy,Crime",6.3,193884
The Art of the Steal,2013,"Comedy,Crime,Thriller",6.3,27281
Prince Avalanche,2013,"Comedy,Drama",6.3,21403
The Internship,2013,Comedy,6.3,228009
The Good Neighbor,2016,"Crime,Drama,Horror",6.3,20086
True Story,2015,"Biography,Crime,Drama",6.3,75959
White House Down,2013,"Action,Drama,Thriller",6.3,249453
Third Person,2013,"Drama,Romance",6.3,30321
Rio 2,2014,"Adventure,Animation,Comedy",6.3,111911
He Never Died,2015,"Comedy,Drama,Fantasy",6.3,23559
Dark Skies,2013,"Horror,Sci-Fi,Thriller",6.3,85100
The November Man,2014,"Action,Adventure,Crime",6.3,73314
Queer,2024,"Biography,Drama,History",6.3,30357
Creep,2014,"Horror,Thriller",6.3,85015
Star Wars: Episode IX - The Rise of Skywalker,2019,"Action,Adventure,Fantasy",6.3,544855
Sand Castle,2017,"Action,Drama,War",6.3,31007
Ted 2,2015,Comedy,6.3,261947
In the Grey,2026,"Action,Drama,Thriller",6.3,21971
Munjya,2024,"Comedy,Horror",6.3,28844
Saiyaara,2025,"Drama,Musical,Romance",6.3,59209
Do Patti,2024,"Crime,Drama,Mystery",6.3,70667
"As Above, So Below",2014,"Adventure,Horror,Mystery",6.3,131625
The Shack,2017,"Drama,Fantasy",6.3,42693
Nobody 2,2025,"Action,Comedy,Crime",6.3,96746
Criminal,2016,"Action,Adventure,Drama",6.3,75090
They Will Kill You,2026,"Action,Comedy,Horror",6.3,33928
Berlin Syndrome,2017,"Drama,Horror,Mystery",6.3,29304
The Visit,2015,"Horror,Mystery,Thriller",6.3,176972
Vacation Friends,2021,"Adventure,Comedy",6.3,34266
Polar,2019,"Action,Crime,Thriller",6.3,107665
Free Fire,2016,"Action,Comedy,Crime",6.3,53630
The Limehouse Golem,2016,"Crime,Mystery,Thriller",6.3,25073
Lights Out,2016,"Horror,Mystery",6.3,152816
"Everything, Everything",2017,"Drama,Romance",6.3,44714
Godzilla vs. Kong,2021,"Action,Sci-Fi,Thriller",6.3,268169
The Bar,2017,Thriller,6.3,30217
Ocean's Eight,2018,"Comedy,Crime,Thriller",6.3,262191
Hotel Transylvania 3: Summer Vacation,2018,"Adventure,Animation,Comedy",6.3,100371
Hustlers,2019,"Comedy,Crime,Drama",6.3,113176
The Beguiled,2017,"Drama,History,Thriller",6.3,66254
ARQ,2016,"Action,Sci-Fi,Thriller",6.3,44262
Alex Strangelove,2018,"Comedy,Drama,Romance",6.3,20665
The Laundromat,2019,"Comedy,Crime,Drama",6.3,58223
Apostle,2018,"Drama,Fantasy,Horror",6.3,66474
7500,2019,"Drama,Thriller",6.3,36609
The King's Man,2021,"Action,Adventure,Thriller",6.3,196740
The Silencing,2020,"Action,Crime,Mystery",6.3,38621
Little Monsters,2019,"Comedy,Horror,Sci-Fi",6.3,21490
Over the Moon,2020,"Adventure,Animation,Comedy",6.3,27150
Prospect,2018,"Adventure,Drama,Sci-Fi",6.3,40780
The Legend of Tomiris,2019,"Action,Drama,Fantasy",6.3,43836
Operation Fortune: Ruse de Guerre,2023,"Action,Adventure,Comedy",6.3,111697
Red Notice,2021,"Action,Comedy,Thriller",6.3,355778
Den of Thieves: Pantera,2025,"Action,Crime,Drama",6.3,44764
Chicken Run: Dawn of the Nugget,2023,"Adventure,Animation,Comedy",6.3,29288
M3GAN,2022,"Horror,Sci-Fi,Thriller",6.3,182727
Lamb,2021,"Drama,Fantasy,Horror",6.3,44888
The Little Shop of Horrors,1960,"Comedy,Horror",6.2,21343
Topaz,1969,"Drama,Thriller",6.2,21049
Death Race 2000,1975,"Action,Comedy,Sci-Fi",6.2,32877
Damien: Omen II,1978,Horror,6.2,40142
The Lord of the Rings,1978,"Adventure,Animation,Fantasy",6.2,38230
The Amityville Horror,1979,Horror,6.2,49240
Meatballs,1979,Comedy,6.2,26161
City of the Living Dead,1980,Horror,6.2,21114
Private Benjamin,1980,"Comedy,War",6.2,30937
The Burning,1981,Horror,6.2,25114
The Cannonball Run,1981,"Action,Comedy,Sport",6.2,43840
Airplane II: The Sequel,1982,"Comedy,Sci-Fi",6.2,61061
Basket Case,1982,"Comedy,Horror",6.2,24179
The Beastmaster,1982,"Action,Adventure,Fantasy",6.2,27389
Cat People,1982,"Fantasy,Horror,Thriller",6.2,26607
Porky's,1981,Comedy,6.2,49026
Flashdance,1983,"Drama,Music,Romance",6.2,64471
Sleepaway Camp,1983,Horror,6.2,44057
The Adventures of Buckaroo Banzai Across the 8th Dimension,1984,"Adventure,Comedy,Sci-Fi",6.2,32961
Dune,1984,"Action,Adventure,Sci-Fi",6.2,193079
Desperately Seeking Susan,1985,"Comedy,Drama",6.2,28989
Lifeforce,1985,"Action,Horror,Mystery",6.2,34883
Mad Max: Beyond Thunderdome,1985,"Action,Adventure,Sci-Fi",6.2,162606
National Lampoon's European Vacation,1985,"Adventure,Comedy",6.2,75090
The Toxic Avenger,1984,"Action,Comedy,Horror",6.2,36028
April Fool's Day,1986,"Horror,Mystery",6.2,20195
The Karate Kid Part II,1986,"Action,Family,Sport",6.2,109961
Funny Farm,1988,Comedy,6.2,25550
Killer Klowns from Outer Space,1988,"Comedy,Horror,Sci-Fi",6.2,52810
Pumpkinhead,1988,"Fantasy,Horror",6.2,31452
Twins,1988,"Comedy,Crime",6.2,149682
Turner & Hooch,1989,"Comedy,Crime,Drama",6.2,81155
Warlock,1989,"Action,Fantasy,Horror",6.2,20958
Dick Tracy,1990,"Action,Comedy,Crime",6.2,70260
Lionheart,1990,"Action,Crime,Drama",6.2,43253
Revenge,1990,"Action,Crime,Drama",6.2,22729
Tales from the Darkside: The Movie,1990,"Comedy,Fantasy,Horror",6.2,21037
Ricochet,1991,"Action,Crime,Drama",6.2,22875
Housesitter,1992,"Comedy,Romance",6.2,28775
Hard Target,1993,"Action,Crime,Thriller",6.2,60063
Loaded Weapon 1,1993,"Action,Comedy,Crime",6.2,53178
Wayne's World 2,1993,"Comedy,Music",6.2,92326
Airheads,1994,"Comedy,Crime,Music",6.2,59847
Angels in the Outfield,1994,"Comedy,Drama,Family",6.2,37852
Disclosure,1994,"Drama,Thriller",6.2,58454
Guarding Tess,1994,"Comedy,Drama",6.2,20866
I.Q.,1994,"Comedy,Romance",6.2,27759
The Pagemaster,1994,"Adventure,Animation,Comedy",6.2,27883
Renaissance Man,1994,"Comedy,Drama",6.2,20227
The Brady Bunch Movie,1995,Comedy,6.2,26306
Casper,1995,"Comedy,Family,Fantasy",6.2,159904
Hackers,1995,"Crime,Drama,Romance",6.2,82144
The Arrival,1996,"Mystery,Sci-Fi,Thriller",6.2,41820
Black Sheep,1996,Comedy,6.2,46115
The Cable Guy,1996,"Comedy,Drama,Thriller",6.2,190147
City Hall,1996,"Crime,Drama,Mystery",6.2,24323
Down Periscope,1996,Comedy,6.2,28892
Eraser,1996,"Action,Crime,Thriller",6.2,124443
Extreme Measures,1996,"Crime,Drama,Mystery",6.2,20918
Eye for an Eye,1996,"Crime,Drama,Thriller",6.2,21897
Multiplicity,1996,"Comedy,Romance,Sci-Fi",6.2,37241
Alien: Resurrection,1997,"Action,Horror,Sci-Fi",6.2,292604
The Devil's Own,1997,"Action,Crime,Drama",6.2,78152
Money Talks,1997,"Action,Comedy,Crime",6.2,33655
Nightwatch,1997,"Drama,Horror,Thriller",6.2,22715
The Saint,1997,"Action,Adventure,Romance",6.2,78158
The Waterboy,1998,"Comedy,Sport",6.2,192626
A Night at the Roxbury,1998,"Comedy,Music,Romance",6.2,69181
Snake Eyes,1998,"Crime,Mystery,Thriller",6.2,93482
Men in Black II,2002,"Action,Adventure,Comedy",6.2,432818
Dick,1999,Comedy,6.2,22719
Stigmata,1999,"Horror,Mystery",6.2,77531
Impostor,2001,"Drama,Mystery,Sci-Fi",6.2,25455
Next Friday,2000,Comedy,6.2,47700
One Night at McCool's,2001,"Comedy,Crime",6.2,30685
Bring It On,2000,"Comedy,Romance,Sport",6.2,114760
Save the Last Dance,2001,"Drama,Music,Romance",6.2,69150
Prozac Nation,2001,"Biography,Drama,Romance",6.2,20324
Kung Pow: Enter the Fist,2002,"Action,Comedy",6.2,50965
Vanity Fair,2004,Drama,6.2,24253
The Hole,2001,"Drama,Mystery,Thriller",6.2,50019
Reign of Fire,2002,"Action,Adventure,Fantasy",6.2,153072
Murder by Numbers,2002,"Crime,Mystery,Thriller",6.2,66960
Orange County,2002,"Comedy,Drama",6.2,54066
How High,2001,"Comedy,Fantasy",6.2,65465
Femme Fatale,2002,"Crime,Drama,Mystery",6.2,39526
Ali G Indahouse,2002,Comedy,6.2,99789
Jersey Girl,2004,"Comedy,Drama,Romance",6.2,74690
Shanghai Knights,2003,"Action,Adventure,Comedy",6.2,117822
Solaris,2002,"Drama,Mystery,Romance",6.2,89286
The Human Stain,2003,"Drama,Romance,Thriller",6.2,33811
Final Destination 2,2003,"Horror,Thriller",6.2,218960
Two Weeks Notice,2002,"Comedy,Romance",6.2,133471
The Texas Chainsaw Massacre,2003,Horror,6.2,162640
The Ladykillers,2004,"Comedy,Crime,Thriller",6.2,112700
Walking Tall,2004,"Action,Crime",6.2,113513
Shall We Dance?,2004,"Comedy,Drama,Music",6.2,52733
Bride & Prejudice,2004,"Comedy,Drama,Musical",6.2,22689
Taking Lives,2004,"Crime,Mystery,Thriller",6.2,100261
One Missed Call,2003,"Horror,Mystery",6.2,20832
Indiana Jones and the Kingdom of the Crystal Skull,2008,"Action,Adventure",6.2,514911
Fun with Dick and Jane,2005,"Comedy,Crime",6.2,163325
Alfie,2004,"Comedy,Drama,Romance",6.2,56655
The Libertine,2004,"Biography,Drama,History",6.2,38863
Prime,2005,"Comedy,Drama,Romance",6.2,43518
The Ice Harvest,2005,"Comedy,Crime,Drama",6.2,25963
My Sassy Girl,2008,"Comedy,Drama,Romance",6.2,20983
Wolf Creek,2005,"Horror,Thriller",6.2,84671
Two for the Money,2005,"Crime,Drama,Sport",6.2,55075
Land of the Dead,2005,"Horror,Sci-Fi,Thriller",6.2,105114
Feast,2005,"Action,Comedy,Horror",6.2,36165
Resident Evil: Extinction,2007,"Action,Horror,Sci-Fi",6.2,216477
Just Friends,2005,"Comedy,Romance",6.2,135730
Next,2007,"Action,Sci-Fi,Thriller",6.2,175320
Knowing,2009,"Mystery,Sci-Fi,Thriller",6.2,262601
Vacancy,2007,"Horror,Thriller",6.2,113338
TMNT,2007,"Action,Adventure,Animation",6.2,72419
Dead Silence,2007,"Horror,Mystery,Thriller",6.2,108876
Mr. Magorium's Wonder Emporium,2007,"Comedy,Family,Fantasy",6.2,49364
Outlander,2008,"Action,Adventure,Sci-Fi",6.2,81713
Hitman,2007,"Action,Crime,Thriller",6.2,186909
Tower Heist,2011,"Action,Comedy,Crime",6.2,157811
Rogue,2007,"Action,Drama,Horror",6.2,36303
The Losers,2010,"Action,Adventure,Comedy",6.2,111751
It's a Boy Girl Thing,2006,"Comedy,Fantasy,Romance",6.2,44607
Man of the Year,2006,"Comedy,Drama,Romance",6.2,36896
Beerfest,2006,"Comedy,Sport",6.2,73731
The Nanny Diaries,2007,"Comedy,Drama,Romance",6.2,67811
Saw III,2006,"Horror,Mystery,Thriller",6.2,228742
Big Stan,2007,"Action,Comedy",6.2,52677
Tulip Fever,2017,"Drama,History,Romance",6.2,24623
The Game Plan,2007,"Comedy,Family,Sport",6.2,104096
War,2007,"Action,Thriller",6.2,101549
The Last Mimzy,2007,"Action,Adventure,Drama",6.2,22913
Ong Bak 2,2008,Action,6.2,33181
Meet Bill,2007,"Comedy,Drama",6.2,21856
Case 39,2009,"Horror,Mystery,Thriller",6.2,99615
Cold Prey,2006,"Horror,Thriller",6.2,21167
"New York, I Love You",2008,"Comedy,Drama,Romance",6.2,50082
The Nines,2007,"Drama,Fantasy,Mystery",6.2,35357
Frontier(s),2007,Horror,6.2,30965
Sydney White,2007,"Comedy,Drama,Romance",6.2,54872
Lake Mungo,2008,"Drama,Horror,Mystery",6.2,38278
Dracula Untold,2014,"Action,Drama,Fantasy",6.2,223301
The Legend of Tarzan,2016,"Action,Adventure,Animation",6.2,198383
Lakeview Terrace,2008,"Crime,Drama,Thriller",6.2,59579
Step Up 2: The Streets,2008,"Drama,Music,Romance",6.2,91185
Wall Street: Money Never Sleeps,2010,Drama,6.2,110054
Amsterdam,2022,"Comedy,Drama,History",6.2,107780
Chehre,2021,"Drama,Mystery,Thriller",6.2,28981
The Rocker,2008,"Comedy,Music",6.2,41318
The Eagle,2011,"Action,Adventure,Drama",6.2,77700
The Big Year,2011,Comedy,6.2,51062
Dark Shadows,2012,"Comedy,Fantasy,Horror",6.2,294800
The Belko Experiment,2016,"Action,Horror,Thriller",6.2,67260
Clerks III,2022,"Comedy,Drama",6.2,22123
The Wolf of Snow Hollow,2020,"Comedy,Horror,Mystery",6.2,29502
The Card Counter,2021,"Crime,Drama,Thriller",6.2,47291
Takers,2010,"Action,Crime,Drama",6.2,68544
The Limits of Control,2009,"Crime,Drama,Mystery",6.2,21974
All Good Things,2010,"Crime,Drama,Mystery",6.2,63954
Step Up 3D,2010,"Drama,Music,Romance",6.2,62527
The Five-Year Engagement,2012,"Comedy,Drama,Romance",6.2,105324
Jack Ryan: Shadow Recruit,2014,"Action,Drama,Thriller",6.2,143546
London Boulevard,2010,"Crime,Drama",6.2,52006
Cars 2,2011,"Adventure,Animation,Comedy",6.2,258287
The Men Who Stare at Goats,2009,"Comedy,War",6.2,141999
Dorian Gray,2009,"Drama,Fantasy,Mystery",6.2,71260
I Spit on Your Grave,2010,"Horror,Thriller",6.2,103416
300: Rise of an Empire,2014,"Action,Adventure,Drama",6.2,329450
A Very Harold & Kumar Christmas,2011,"Adventure,Comedy",6.2,75392
Blitz,2011,"Action,Adventure,Crime",6.2,96544
The Noel Diary,2022,"Comedy,Drama,Romance",6.2,22323
The Boondock Saints II: All Saints Day,2009,"Action,Crime,Thriller",6.2,68955
Influencer,2022,"Horror,Mystery,Thriller",6.2,22250
47 Ronin,2013,"Action,Drama,Fantasy",6.2,179982
Rampage,2009,"Action,Crime,Thriller",6.2,21241
Butter,2011,"Comedy,Drama",6.2,23227
Chloe,2009,"Drama,Mystery,Thriller",6.2,83354
Animal,2023,"Action,Crime,Drama",6.2,116492
Total Recall,2012,"Action,Adventure,Sci-Fi",6.2,276701
Taken 2,2012,"Action,Crime,Thriller",6.2,337525
Transformers: Dark of the Moon,2011,"Action,Adventure,Animation",6.2,457021
No Strings Attached,2011,"Comedy,Romance",6.2,255732
A Lonely Place to Die,2011,"Crime,Thriller",6.2,32258
Lovelace,2013,"Biography,Drama",6.2,44723
Single All the Way,2021,"Comedy,Drama,Romance",6.2,21900
Thanksgiving,2023,"Horror,Mystery,Thriller",6.2,81069
No One Will Save You,2023,"Horror,Mystery,Sci-Fi",6.2,80060
Tamara Drewe,2010,"Comedy,Drama,Romance",6.2,23471
Red One,2024,"Action,Adventure,Animation",6.2,160037
I Came By,2022,Thriller,6.2,39696
Vacation,2015,"Adventure,Comedy",6.2,133582
Daddy's Home,2015,"Comedy,Family",6.2,139634
Cleanskin,2012,"Action,Crime,Drama",6.2,21660
Ricky Stanicky,2024,Comedy,6.2,62468
Deadfall,2012,"Action,Adventure,Crime",6.2,42450
"Alexander and the Terrible, Horrible, No Good, Very Bad Day",2014,"Comedy,Drama,Family",6.2,49061
This Is 40,2012,"Comedy,Drama,Romance",6.2,160113
Killing Them Softly,2012,"Crime,Drama,Thriller",6.2,160715
She's Funny That Way,2014,"Comedy,Drama",6.2,30794
The Fifth Estate,2013,"Biography,Crime,Drama",6.2,44120
VidaaMuyarchi,2025,"Action,Crime,Drama",6.2,23853
Redemption,2013,"Action,Crime,Drama",6.2,82055
Parker,2013,"Action,Crime,Thriller",6.2,136248
American Mary,2012,"Drama,Horror",6.2,30985
American Assassin,2017,"Action,Adventure,Drama",6.2,100974
The Two Faces of January,2014,"Crime,Mystery,Romance",6.2,35207
Wolf Creek 2,2013,"Horror,Thriller",6.2,25375
Mama,2013,"Fantasy,Horror,Thriller",6.2,201003
Captain Underpants: The First Epic Movie,2017,"Action,Adventure,Animation",6.2,36813
The Wrath of Becky,2023,"Action,Comedy,Thriller",6.2,21214
Adore,2013,"Drama,Romance",6.2,38856
Maps to the Stars,2014,"Comedy,Drama,Mystery",6.2,44798
3 Days to Kill,2014,"Action,Drama,Thriller",6.2,101597
MaXXXine,2024,"Crime,Horror",6.2,88317
Transcendence,2014,"Drama,Sci-Fi,Thriller",6.2,247403
Fading Gigolo,2013,"Comedy,Romance",6.2,26284
The Conjuring: Last Rites,2025,"Horror,Mystery,Thriller",6.2,103641
Afflicted,2013,"Horror,Mystery,Sci-Fi",6.2,27743
Deliver Us from Evil,2014,"Crime,Horror,Mystery",6.2,91295
Cuban Fury,2014,"Comedy,Romance,Sport",6.2,20555
Dark Places,2015,"Crime,Drama,Mystery",6.2,50122
The Instigators,2024,"Action,Comedy,Crime",6.2,44051
Last Knights,2015,"Action,Drama",6.2,47871
Blockers,2018,"Comedy,Drama",6.2,92139
Alice Through the Looking Glass,2016,"Adventure,Animation,Family",6.2,135312
Auron Mein Kahan Dum Tha,2024,"Action,Crime,Drama",6.2,41251
Teri Baaton Mein Aisa Uljha Jiya,2024,"Comedy,Drama,Romance",6.2,55787
Terrifier 3,2024,Horror,6.2,63512
Tere Ishk Mein,2025,"Action,Drama,Musical",6.2,31967
The Divergent Series: Insurgent,2015,"Action,Adventure,Animation",6.2,272128
Materialists,2025,"Comedy,Drama,Romance",6.2,101387
Inferno,2016,"Action,Adventure,Crime",6.2,202907
The Fable,2024,Drama,6.2,20917
Mercy,2026,"Action,Crime,Drama",6.2,71721
Trainwreck,2015,"Comedy,Drama,Romance",6.2,147340
Freakier Friday,2025,"Comedy,Family,Fantasy",6.2,39658
Shelter,2026,"Action,Thriller",6.2,35305
Lee Cronin's The Mummy,2026,Horror,6.2,41409
MI-5,2015,"Action,Drama,Thriller",6.2,24758
Road House,2024,"Action,Drama,Thriller",6.2,187091
Scary Stories to Tell in the Dark,2019,"Adventure,Horror,Mystery",6.2,92400
Jack Reacher: Never Go Back,2016,"Action,Thriller",6.2,193822
The Whole Truth,2016,"Crime,Drama,Mystery",6.2,36921
Girls Trip,2017,"Adventure,Comedy,Drama",6.2,43007
Paper Towns,2015,"Adventure,Comedy,Drama",6.2,111849
All the Old Knives,2022,"Mystery,Thriller",6.2,32174
We Are Your Friends,2015,"Drama,Music,Romance",6.2,42641
Krampus,2015,"Comedy,Fantasy,Horror",6.2,94873
The Love Witch,2016,"Comedy,Horror,Romance",6.2,24166
Keanu,2016,"Action,Comedy,Crime",6.2,55276
Bad Moms,2016,Comedy,6.2,141471
Jurassic World: Fallen Kingdom,2018,"Action,Adventure,Sci-Fi",6.2,382916
The Discovery,2017,"Drama,Romance,Sci-Fi",6.2,40659
Cold Pursuit,2019,"Action,Comedy,Crime",6.2,84687
Wonder Wheel,2017,"Drama,Romance",6.2,32846
Veronica,2017,"Horror,Mystery",6.2,53666
The Empty Man,2020,"Drama,Horror,Mystery",6.2,50196
Red Istanbul,2017,Drama,6.2,21271
Radius,2017,"Drama,Horror,Mystery",6.2,22341
1922,2017,"Crime,Drama,Horror",6.2,78836
Johnny English Strikes Again,2018,"Action,Adventure,Comedy",6.2,91047
The Conjuring: The Devil Made Me Do It,2021,"Horror,Mystery,Thriller",6.2,170493
Destroyer,2018,"Action,Crime,Drama",6.2,33813
Despicable Me 4,2024,"Adventure,Animation,Comedy",6.2,81057
No Exit,2022,"Drama,Mystery,Thriller",6.2,39323
Alone,2020,"Drama,Mystery,Thriller",6.2,36142
Stuber,2019,"Action,Comedy,Crime",6.2,54646
Someone Great,2019,"Comedy,Romance",6.2,27561
The Many Saints of Newark,2021,"Crime,Drama",6.2,68891
In the Shadow of the Moon,2019,"Action,Crime,Mystery",6.2,67961
Happy Death Day 2U,2019,"Comedy,Horror,Mystery",6.2,96456
The Nest,2020,"Drama,Romance,Thriller",6.2,20784
The Hating Game,2021,"Comedy,Romance",6.2,35719
Eternals,2021,"Action,Adventure,Fantasy",6.2,428870
Below Zero,2021,"Action,Adventure,Crime",6.2,23039
The Cursed,2021,"Fantasy,Horror,Mystery",6.2,22905
The Birth of a Nation,1915,"Drama,War",6.1,28345
Conquest of the Planet of the Apes,1972,"Action,Sci-Fi",6.1,40609
Dark Star,1974,"Comedy,Sci-Fi",6.1,30422
Any Which Way You Can,1980,"Action,Comedy",6.1,22598
Friday the 13th: Part 2,1981,"Horror,Mystery,Thriller",6.1,87664
Cujo,1983,"Horror,Thriller",6.1,54648
Krull,1983,"Action,Adventure,Fantasy",6.1,39458
Never Say Never Again,1983,"Action,Adventure,Thriller",6.1,78627
Firestarter,1984,"Action,Horror,Sci-Fi",6.1,39716
The Jewel of the Nile,1985,"Action,Adventure,Comedy",6.1,66367
Teen Wolf,1985,"Comedy,Fantasy,Romance",6.1,65809
Critters,1986,"Comedy,Horror,Sci-Fi",6.1,41582
House,1985,"Comedy,Fantasy,Horror",6.1,32889
Creepshow 2,1987,"Fantasy,Horror",6.1,30917
The Gate,1987,"Fantasy,Horror",6.1,21894
Harry and the Hendersons,1987,"Comedy,Family,Fantasy",6.1,39682
Night of the Demons,1988,"Comedy,Fantasy,Horror",6.1,21827
Three Men and a Baby,1987,"Comedy,Drama,Family",6.1,61747
Moonwalker,1988,"Action,Crime,Fantasy",6.1,20503
Red Heat,1988,"Action,Comedy,Crime",6.1,81610
Tequila Sunrise,1988,"Crime,Drama,Romance",6.1,36240
Fletch Lives,1989,"Comedy,Crime,Mystery",6.1,24548
Harlem Nights,1989,"Comedy,Crime,Drama",6.1,27329
K-9,1989,"Action,Comedy,Crime",6.1,37724
Vampire's Kiss,1988,"Comedy,Crime,Fantasy",6.1,24926
We're No Angels,1989,"Comedy,Crime",6.1,26276
Days of Thunder,1990,"Action,Drama,Sport",6.1,104923
Harley Davidson and the Marlboro Man,1991,"Action,Crime,Drama",6.1,25240
Out for Justice,1991,"Action,Crime,Drama",6.1,28020
Showdown in Little Tokyo,1991,"Action,Comedy,Crime",6.1,22467
Universal Soldier,1992,"Action,Sci-Fi",6.1,101978
Free Willy,1993,"Adventure,Drama,Family",6.1,89537
Indecent Proposal,1993,"Drama,Romance",6.1,87326
Point of No Return,1993,"Action,Crime,Drama",6.1,32140
Rookie of the Year,1993,"Comedy,Family,Fantasy",6.1,33879
Sniper,1993,"Action,Thriller,War",6.1,26960
D2: The Mighty Ducks,1994,"Comedy,Drama,Family",6.1,45931
The Jungle Book,1994,"Adventure,Family,Fantasy",6.1,20066
No Escape,1994,"Action,Drama,Sci-Fi",6.1,24463
The Shadow,1994,"Action,Adventure,Crime",6.1,29158
Father of the Bride Part II,1995,"Comedy,Family,Romance",6.1,45403
Broken Arrow,1996,"Action,Adventure,Thriller",6.1,110752
Addicted to Love,1997,"Comedy,Romance",6.1,26772
Dante's Peak,1997,"Action,Adventure,Thriller",6.1,108373
Deep Rising,1998,"Action,Adventure,Horror",6.1,45093
Fools Rush In,1997,"Comedy,Drama,Romance",6.1,41905
G.I. Jane,1997,"Action,Drama,War",6.1,92028
Hope Floats,1998,"Drama,Romance",6.1,32951
Murder at 1600,1997,"Action,Crime,Drama",6.1,34715
The Postman,1997,"Action,Adventure,Drama",6.1,83514
The Replacement Killers,1998,"Action,Crime,Thriller",6.1,31991
Soldier,1998,"Action,Drama,Sci-Fi",6.1,61872
Sphere,1998,"Mystery,Sci-Fi,Thriller",6.1,117543
Mercury Rising,1998,"Action,Crime,Drama",6.1,81505
Mission: Impossible II,2000,"Action,Adventure,Thriller",6.1,415216
Vampires,1998,"Action,Horror,Thriller",6.1,68490
Wrongfully Accused,1998,"Action,Comedy,Thriller",6.1,31928
Orgazmo,1997,Comedy,6.1,39305
Edtv,1999,"Comedy,Drama",6.1,46796
Mystery Men,1999,"Action,Comedy,Fantasy",6.1,74028
The Corruptor,1999,"Action,Crime,Thriller",6.1,20128
Three to Tango,1999,"Comedy,Romance",6.1,20908
Romeo Must Die,2000,"Action,Crime,Thriller",6.1,77308
15 Minutes,2001,"Action,Crime,Drama",6.1,53675
O,2001,"Drama,Romance,Thriller",6.1,21418
28 Days,2000,"Comedy,Drama",6.1,57886
Pokémon the Movie 2000,1999,"Action,Adventure,Animation",6.1,26056
Knockaround Guys,2001,"Crime,Drama,Thriller",6.1,25810
Antitrust,2001,"Action,Crime,Drama",6.1,31488
The Kid,2000,"Comedy,Family,Fantasy",6.1,46454
Bedazzled,2000,"Comedy,Fantasy",6.1,119550
The Mexican,2001,"Adventure,Comedy,Drama",6.1,121536
The Tailor of Panama,2001,"Drama,Thriller",6.1,32737
Someone Like You,2001,"Comedy,Romance",6.1,27674
Windtalkers,2002,"Action,Drama,War",6.1,77401
Die Another Day,2002,"Action,Adventure,Thriller",6.1,241223
Evolution,2001,"Comedy,Sci-Fi",6.1,142113
Jimmy Neutron: Boy Genius,2001,"Action,Adventure,Animation",6.1,40678
City by the Sea,2002,"Crime,Drama,Mystery",6.1,27734
The Hunted,2003,"Action,Crime,Drama",6.1,55119
Below,2002,"Action,Horror,Mystery",6.1,26523
Divine Secrets of the Ya-Ya Sisterhood,2002,Drama,6.1,21874
Trapped,2002,"Action,Crime,Drama",6.1,27157
Undisputed,2002,"Action,Crime,Drama",6.1,35698
Mortal Kombat,2021,"Action,Adventure,Fantasy",6.1,215833
Wrong Turn,2003,"Horror,Thriller",6.1,146591
Willard,2003,"Drama,Horror,Thriller",6.1,20163
Resident Evil: Apocalypse,2004,"Action,Horror,Sci-Fi",6.1,222028
Sahara,2005,"Action,Adventure,Comedy",6.1,109703
The Alamo,2004,"Drama,History,War",6.1,23682
Starsky & Hutch,2004,"Comedy,Crime",6.1,162088
Van Helsing,2004,"Action,Adventure,Fantasy",6.1,307793
In Hell,2003,"Action,Drama,Thriller",6.1,22880
Code 46,2003,"Drama,Romance,Sci-Fi",6.1,21815
Sky Captain and the World of Tomorrow,2004,"Action,Adventure,Mystery",6.1,90420
Superman Returns,2006,"Action,Adventure,Sci-Fi",6.1,303557
Chasing Liberty,2004,"Comedy,Romance",6.1,41227
The Final Cut,2004,"Drama,Sci-Fi,Thriller",6.1,36001
Hannibal Rising,2007,"Adventure,Crime,Drama",6.1,121785
The Wedding Date,2005,"Comedy,Romance",6.1,59528
Halloween,2007,Horror,6.1,139144
The Rum Diary,2011,"Comedy,Drama,Romance",6.1,110225
Flight of the Phoenix,2004,"Action,Adventure,Drama",6.1,59091
Cargo,2009,"Drama,Mystery,Sci-Fi",6.1,20591
The Golden Compass,2007,"Adventure,Family,Fantasy",6.1,204024
Bee Movie,2007,"Adventure,Animation,Comedy",6.1,198155
Ice Princess,2005,"Comedy,Drama,Family",6.1,31339
Open Season,2006,"Adventure,Animation,Comedy",6.1,114703
All the King's Men,2006,"Drama,Thriller",6.1,26668
Shrek the Third,2007,"Adventure,Animation,Comedy",6.1,361749
The Tale of Despereaux,2008,"Adventure,Animation,Comedy",6.1,41510
Miami Vice,2006,"Action,Crime,Drama",6.1,131439
The Invisible,2007,"Crime,Drama,Fantasy",6.1,37311
Running with Scissors,2006,"Comedy,Drama",6.1,23763
The Sentinel,2006,"Action,Crime,Thriller",6.1,58402
Kabhi Alvida Naa Kehna,2006,"Drama,Romance",6.1,24976
The Fast and the Furious: Tokyo Drift,2006,"Action,Crime,Thriller",6.1,333430
Push,2009,"Action,Sci-Fi,Thriller",6.1,119706
Bug,2006,"Drama,Horror,Thriller",6.1,40666
The Strangers,2008,"Horror,Mystery,Thriller",6.1,157789
Jumper,2008,"Action,Adventure,Sci-Fi",6.1,338389
My Name Is Bruce,2007,"Comedy,Fantasy,Horror",6.1,26239
Inkheart,2008,"Adventure,Family,Fantasy",6.1,85615
What's Your Number?,2011,"Comedy,Romance",6.1,92088
Mirrors,2008,"Horror,Mystery",6.1,119558
Devil's Knot,2013,"Biography,Crime,Drama",6.1,25678
Speed Racer,2008,"Action,Adventure,Comedy",6.1,84267
The Sweeney,2012,"Action,Crime,Drama",6.1,21173
Smart People,2008,"Comedy,Drama,Romance",6.1,23701
Red State,2011,"Action,Horror,Thriller",6.1,70132
In the Electric Mist,2009,"Crime,Drama,Mystery",6.1,21040
The Killer Inside Me,2010,"Crime,Drama,Mystery",6.1,37061
The Sorcerer's Apprentice,2010,"Action,Adventure,Family",6.1,177024
Solomon Kane,2009,"Action,Adventure,Fantasy",6.1,80666
Sucker Punch,2011,"Action,Adventure,Fantasy",6.1,261876
27 Dresses,2008,"Comedy,Romance",6.1,191443
The Last Voyage of the Demeter,2023,"Fantasy,Horror,Thriller",6.1,70587
Our Brand Is Crisis,2015,"Comedy,Drama",6.1,24120
Marry Me,2022,"Comedy,Music,Romance",6.1,48344
The Dark and the Wicked,2020,Horror,6.1,29643
Wild Child,2008,Comedy,6.1,68792
Lightyear,2022,"Action,Adventure,Animation",6.1,136716
Splinter,2008,"Crime,Horror,Sci-Fi",6.1,44441
Becky,2020,"Action,Crime,Drama",6.1,31458
What Happens in Vegas,2008,"Comedy,Romance",6.1,196985
Jayeshbhai Jordaar,2022,"Comedy,Drama",6.1,44520
Thor: Love and Thunder,2022,"Action,Adventure,Comedy",6.1,463432
Fired Up!,2009,"Comedy,Sport",6.1,47745
Toofaan,2021,"Drama,Sport",6.1,53275
Crank: High Voltage,2009,"Action,Thriller",6.1,167559
The Voyeurs,2021,"Drama,Mystery,Romance",6.1,49994
Bellbottom,2021,"Action,Thriller",6.1,24326
Transporter 3,2008,"Action,Thriller",6.1,185931
Duplicity,2009,"Comedy,Crime,Romance",6.1,53896
Bunraku,2010,"Action,Drama,Thriller",6.1,21075
Rambo: Last Blood,2019,"Action,Crime,Thriller",6.1,120089
Extract,2009,"Comedy,Crime,Romance",6.1,52871
A Good Old Fashioned Orgy,2011,"Comedy,Romance",6.1,24623
Saw VI,2009,"Horror,Mystery,Thriller",6.1,136129
Ironclad,2011,"Action,Drama,History",6.1,45399
Greenberg,2010,"Comedy,Drama,Romance",6.1,40354
RoboCop,2014,"Action,Crime,Sci-Fi",6.1,249462
Broken City,2013,"Action,Crime,Drama",6.1,86050
How to Be Single,2016,"Comedy,Drama,Romance",6.1,99539
Burke and Hare,2010,"Comedy,Crime,History",6.1,22147
Frozen,2010,"Adventure,Thriller",6.1,87637
Day Shift,2022,"Action,Comedy,Fantasy",6.1,99540
The Lost City,2022,"Action,Adventure,Comedy",6.1,177495
The Pope's Exorcist,2023,"Horror,Thriller",6.1,102675
Jug Jugg Jeeyo,2022,"Comedy,Drama,Family",6.1,43473
Damsel,2024,"Action,Adventure,Animation",6.1,120170
I'm Still Here,2010,"Comedy,Drama,Music",6.1,24976
Ride Along,2014,"Action,Comedy,Crime",6.1,129645
Ticket to Paradise,2022,"Comedy,Drama,Romance",6.1,81722
Nanny McPhee and the Big Bang,2010,"Comedy,Family,Fantasy",6.1,40110
Hansel & Gretel: Witch Hunters,2013,"Action,Fantasy,Horror",6.1,227122
"Tomorrow, When the War Began",2010,"Action,Adventure,Drama",6.1,32791
I Am Number Four,2011,"Action,Adventure,Sci-Fi",6.1,253288
Not Okay,2022,"Comedy,Drama,Thriller",6.1,21486
Thunivu,2023,"Action,Crime,Thriller",6.1,30775
Ikkis,2026,"Action,Biography,Drama",6.1,26681
Happiness for Beginners,2023,"Comedy,Drama,Romance",6.1,22554
Beautiful Creatures,2013,"Drama,Fantasy,Romance",6.1,93503
Knock at the Cabin,2023,"Horror,Mystery,Thriller",6.1,142033
Mortal Engines,2018,"Action,Adventure,Animation",6.1,153614
Larry Crowne,2011,"Comedy,Drama,Romance",6.1,77323
Lockout,2012,"Action,Sci-Fi,Thriller",6.1,103570
Murder Mystery,2019,"Crime,Mystery,Romance",6.1,190972
Hobo with a Shotgun,2011,"Action,Adventure,Comedy",6.1,50662
Apex,2026,"Action,Thriller",6.1,91349
Welcome to the Punch,2013,"Action,Crime,Thriller",6.1,35674
Sausage Party,2016,"Adventure,Animation,Comedy",6.1,227615
Grave Encounters,2011,"Fantasy,Horror,Mystery",6.1,71433
10 Years,2011,"Comedy,Drama,Romance",6.1,28651
Friends with Kids,2011,"Comedy,Drama,Romance",6.1,44115
Snow White and the Huntsman,2012,"Action,Adventure,Drama",6.1,315456
The Campaign,2012,Comedy,6.1,142307
That Awkward Moment,2014,"Comedy,Romance",6.1,110556
Winter's Tale,2014,"Drama,Fantasy,Mystery",6.1,59182
Magic Mike,2012,"Comedy,Drama,Music",6.1,152885
The Neon Demon,2016,"Horror,Thriller",6.1,111407
Excision,2012,"Comedy,Drama,Horror",6.1,26826
Open Grave,2013,"Horror,Mystery,Sci-Fi",6.1,32849
Hit and Run,2012,"Action,Adventure,Comedy",6.1,39099
Maniac,2012,"Crime,Horror,Thriller",6.1,42867
Lisa Frankenstein,2024,"Comedy,Horror,Romance",6.1,32624
The House with a Clock in Its Walls,2018,"Comedy,Family,Fantasy",6.1,60045
Ghostbusters: Frozen Empire,2024,"Adventure,Comedy,Fantasy",6.1,106494
San Andreas,2015,"Action,Adventure,Animation",6.1,276399
The Monuments Men,2014,"Biography,Comedy,Drama",6.1,148813
Upgraded,2024,"Comedy,Romance",6.1,33684
My Fault,2023,"Drama,Romance",6.1,45016
Rampage,2018,"Action,Adventure,Animation",6.1,202356
Dear White People,2014,"Comedy,Drama,Romance",6.1,27291
Rebecca,2020,"Drama,Mystery,Romance",6.1,50583
Drinking Buddies,2013,"Comedy,Drama,Romance",6.1,62549
The Expendables 3,2014,"Action,Adventure,Thriller",6.1,206466
The Huntsman: Winter's War,2016,"Action,Adventure,Drama",6.1,127004
The Sacrament,2013,"Horror,Thriller",6.1,23178
Dom Hemingway,2013,"Comedy,Crime,Drama",6.1,28210
Palo Alto,2013,Drama,6.1,33641
Anyone But You,2023,"Comedy,Romance",6.1,175055
Greta,2018,"Drama,Mystery,Thriller",6.1,42024
"Crouching Tiger, Hidden Dragon: Sword of Destiny",2016,"Action,Adventure,Drama",6.1,21897
Apocalypse Z: The Beginning of the End,2024,"Action,Horror,Sci-Fi",6.1,23830
Presence,2024,"Drama,Horror,Thriller",6.1,43972
A Hologram for the King,2016,"Comedy,Drama,Romance",6.1,49937
Color of Victory,2024,"Drama,History,Sport",6.1,40503
The Lego Ninjago Movie,2017,"Action,Adventure,Animation",6.1,34808
Happy Gilmore 2,2025,"Comedy,Sport",6.1,119604
Insidious: Chapter 3,2015,"Horror,Mystery,Thriller",6.1,128753
Drop,2025,"Drama,Mystery,Thriller",6.1,57276
Heist,2015,"Action,Crime,Drama",6.1,34505
American Ultra,2015,"Action,Comedy",6.1,100560
In a Valley of Violence,2016,"Action,Drama,Western",6.1,22420
Gringo,2018,"Action,Comedy,Crime",6.1,33801
I Kill Giants,2017,"Drama,Fantasy,Thriller",6.1,33496
Unfriended: Dark Web,2018,"Horror,Mystery,Thriller",6.1,43186
The Promise,2016,"Action,Adventure,Drama",6.1,180432
Ambulance,2022,"Action,Adventure,Crime",6.1,113607
Color Out of Space,2019,"Horror,Mystery,Sci-Fi",6.1,65252
The Girl in the Spider's Web,2018,"Action,Adventure,Crime",6.1,55631
Lou,2022,"Action,Adventure,Crime",6.1,38951
Anon,2018,"Crime,Mystery,Sci-Fi",6.1,52060
Daddy's Home 2,2017,Comedy,6.1,93010
Kandahar,2023,"Action,Adventure,Drama",6.1,47015
Hotel Artemis,2018,"Action,Crime,Drama",6.1,62618
The Protégé,2021,"Action,Adventure,Crime",6.1,42677
Code 8,2019,"Action,Crime,Drama",6.1,58120
Black Adam,2022,"Action,Adventure,Fantasy",6.1,304927
The Spy Who Dumped Me,2018,"Action,Adventure,Comedy",6.1,87468
The Kid Who Would Be King,2019,"Action,Adventure,Animation",6.1,20553
Book Club,2018,"Comedy,Drama,Romance",6.1,35026
Dead of Winter,2025,"Action,Thriller",6.1,21526
Birds of Prey and the Fantabulous Emancipation of One Harley Quinn,2020,"Action,Comedy,Crime",6.1,283141
Brightburn,2019,"Drama,Fantasy,Horror",6.1,121712
We Have a Ghost,2023,"Adventure,Comedy,Family",6.1,37068
6 Underground,2019,"Action,Adventure,Comedy",6.1,211783
Bodies Bodies Bodies,2022,"Comedy,Horror,Mystery",6.1,90739
Crawl,2019,"Action,Horror,Thriller",6.1,103100
Gunpowder Milkshake,2021,"Action,Crime,Thriller",6.1,55942
Hitman's Wife's Bodyguard,2021,"Action,Adventure,Comedy",6.1,119868
The Room,2019,"Drama,Fantasy,Horror",6.1,26640
The Lovebirds,2020,"Action,Comedy,Crime",6.1,29261
"Yes, God, Yes",2019,"Comedy,Drama",6.1,20462
The Princess Switch,2018,"Comedy,Drama,Family",6.1,34505
To All the Boys: P.S. I Still Love You,2020,"Comedy,Drama,Romance",6.1,54147
Dear Evan Hansen,2021,"Drama,Musical",6.1,21099
Between Two Ferns: The Movie,2019,Comedy,6.1,39215
Beneath the Planet of the Apes,1970,"Action,Adventure,Sci-Fi",6.0,56608
Pink Flamingos,1972,"Comedy,Crime",6.0,31050
King Kong,1976,"Adventure,Horror",6.0,38423
Death Wish II,1982,"Action,Crime,Drama",6.0,20384
All the Right Moves,1983,"Drama,Romance,Sport",6.0,20887
Friday the 13th: The Final Chapter,1984,"Horror,Thriller",6.0,66716
Friday the 13th Part VI: Jason Lives,1986,"Horror,Thriller",6.0,57591
The Golden Child,1986,"Action,Adventure,Comedy",6.0,63665
Jumpin' Jack Flash,1986,"Comedy,Romance,Thriller",6.0,21871
Blind Date,1987,"Comedy,Romance",6.0,25983
Dragnet,1987,"Comedy,Crime,Mystery",6.0,40041
Mannequin,1987,"Comedy,Fantasy,Romance",6.0,39841
Above the Law,1988,"Action,Crime,Drama",6.0,37147
Cocktail,1988,"Comedy,Drama,Romance",6.0,98569
Maniac Cop,1988,"Action,Crime,Horror",6.0,23604
The Presidio,1988,"Action,Crime,Mystery",6.0,21332
Look Who's Talking,1989,"Comedy,Romance",6.0,90039
Bird on a Wire,1990,"Action,Comedy,Crime",6.0,50972
Child's Play 2,1990,"Horror,Thriller",6.0,64546
Drop Dead Fred,1991,"Comedy,Drama,Fantasy",6.0,33906
Teenage Mutant Ninja Turtles II: The Secret of the Ooze,1991,"Action,Adventure,Comedy",6.0,64813
Medicine Man,1992,"Adventure,Drama,Romance",6.0,26267
Memoirs of an Invisible Man,1992,"Comedy,Romance,Sci-Fi",6.0,29514
Body Snatchers,1993,"Horror,Sci-Fi",6.0,21885
The Dark Half,1993,"Horror,Mystery,Thriller",6.0,22215
Son in Law,1993,"Comedy,Drama,Romance",6.0,23626
Timecop,1994,"Action,Crime,Sci-Fi",6.0,70071
First Knight,1995,"Action,Adventure,Drama",6.0,82832
The Indian in the Cupboard,1995,"Drama,Family,Fantasy",6.0,33196
It Takes Two,1995,"Comedy,Family,Romance",6.0,28517
Kiss of Death,1995,"Crime,Drama,Thriller",6.0,20087
The Net,1995,"Action,Crime,Drama",6.0,80076
Daylight,1996,"Action,Adventure,Drama",6.0,80553
Mimic,1997,"Horror,Sci-Fi",6.0,60090
The Peacemaker,1997,"Action,Crime,Drama",6.0,66547
Vegas Vacation,1997,Comedy,6.0,56467
The Big Hit,1998,"Action,Comedy,Crime",6.0,33283
The Object of My Affection,1998,"Comedy,Drama,Romance",6.0,22615
Pushing Tin,1999,"Comedy,Drama,Romance",6.0,31759
Asterix and Obelix vs. Caesar,1999,"Adventure,Comedy,Family",6.0,48539
Deep Blue Sea,1999,"Action,Adventure,Sci-Fi",6.0,151844
Never Been Kissed,1999,"Comedy,Drama,Romance",6.0,103301
She's All That,1999,"Comedy,Romance",6.0,113644
The Story of Us,1999,"Comedy,Drama,Romance",6.0,25113
Shaft,2000,"Action,Crime,Thriller",6.0,85509
Jurassic Park III,2001,"Action,Adventure,Sci-Fi",6.0,371893
Stuart Little,1999,"Adventure,Comedy,Family",6.0,160836
Birthday Girl,2001,"Comedy,Crime,Thriller",6.0,27179
Vertical Limit,2000,"Action,Adventure,Drama",6.0,70208
The 6th Day,2000,"Action,Mystery,Sci-Fi",6.0,134205
Original Sin,2001,"Crime,Drama,Mystery",6.0,63568
3000 Miles to Graceland,2001,"Action,Comedy,Crime",6.0,51206
Joe Dirt,2001,"Adventure,Comedy,Drama",6.0,65699
House of 1000 Corpses,2003,Horror,6.0,100459
A Man Apart,2003,"Action,Crime,Drama",6.0,51225
The Time Machine,2002,"Action,Adventure,Sci-Fi",6.0,136182
Gerry,2002,"Adventure,Drama,Mystery",6.0,20730
Drumline,2002,"Comedy,Drama,Music",6.0,37792
Shark Tale,2004,"Adventure,Animation,Comedy",6.0,213859
Bridget Jones: The Edge of Reason,2004,"Comedy,Drama,Romance",6.0,133313
2 Fast 2 Furious,2003,"Action,Crime,Thriller",6.0,325448
On the Road,2012,"Adventure,Drama,Romance",6.0,44799
Along Came Polly,2004,"Comedy,Romance",6.0,150406
Arthur and the Invisibles,2006,"Adventure,Animation,Comedy",6.0,44648
Raising Helen,2004,"Comedy,Drama,Romance",6.0,39498
A Cinderella Story,2004,"Comedy,Family,Romance",6.0,102532
Leatherheads,2008,"Comedy,Drama,Romance",6.0,34486
Hide and Seek,2005,"Horror,Mystery",6.0,92892
The Legend of Zorro,2005,"Action,Adventure,Drama",6.0,114963
Cowboys & Aliens,2011,"Action,Animation,Drama",6.0,242394
Nim's Island,2008,"Adventure,Family,Fantasy",6.0,38307
Must Love Dogs,2005,"Comedy,Romance",6.0,34320
The Condemned,2007,"Action,Crime,Thriller",6.0,56045
Killshot,2008,"Action,Crime,Drama",6.0,22952
The Good German,2006,"Drama,Mystery,Romance",6.0,27021
The Lazarus Project,2008,"Drama,Mystery,Thriller",6.0,20367
World Trade Center,2006,"Drama,History,Thriller",6.0,92097
The Tournament,2009,"Action,Thriller",6.0,37174
The Oxford Murders,2008,"Crime,Mystery,Thriller",6.0,32018
CHIPS,2017,"Action,Comedy,Crime",6.0,54187
Margot at the Wedding,2007,"Comedy,Drama",6.0,23518
Planet 51,2009,"Adventure,Animation,Comedy",6.0,62162
The Signal,2007,"Horror,Sci-Fi,Thriller",6.0,22568
13,2010,"Crime,Drama,Thriller",6.0,46000
Deception,2008,"Crime,Drama,Mystery",6.0,42240
The Midnight Meat Train,2008,"Horror,Mystery,Thriller",6.0,75656
Super Troopers 2,2018,"Comedy,Crime,Mystery",6.0,30153
Valhalla Rising,2009,"Adventure,Drama,Fantasy",6.0,66703
My Life in Ruins,2009,"Comedy,Romance",6.0,21545
Baby Mama,2008,"Comedy,Romance",6.0,49652
Nights in Rodanthe,2008,"Drama,Romance",6.0,27561
Bedtime Stories,2008,"Adventure,Comedy,Family",6.0,106552
Justice League,2017,Sci-Fi,6.0,505885
Unhinged,2020,"Action,Thriller",6.0,87137
Doghouse,2009,"Comedy,Horror,Sci-Fi",6.0,23626
Righteous Kill,2008,"Crime,Mystery,Thriller",6.0,96106
Cold Skin,2017,"Action,Fantasy,Horror",6.0,20175
Terrifier 2,2022,Horror,6.0,82995
Parental Guidance,2012,"Comedy,Family",6.0,27617
Transformers: Revenge of the Fallen,2009,"Action,Adventure,Sci-Fi",6.0,455367
Night at the Museum: Battle of the Smithsonian,2009,"Adventure,Comedy,Family",6.0,229756
Valimai,2022,"Action,Crime,Drama",6.0,21501
Quarantine,2008,"Horror,Sci-Fi,Thriller",6.0,83762
Ant-Man and the Wasp: Quantumania,2023,"Action,Adventure,Animation",6.0,271392
The Christmas Chronicles: Part Two,2020,"Adventure,Comedy,Family",6.0,41086
The Code,2009,"Action,Crime,Thriller",6.0,36991
Horse Girl,2020,"Drama,Mystery,Thriller",6.0,21935
The Rite,2011,"Drama,Horror,Mystery",6.0,106981
The Blackening,2022,"Comedy,Horror,Mystery",6.0,27319
6 Souls,2010,"Horror,Mystery,Thriller",6.0,39205
Devara Part 1,2024,"Action,Adventure,Drama",6.0,23642
Star Wars: The Clone Wars,2008,"Action,Adventure,Animation",6.0,83054
Hocus Pocus 2,2022,"Comedy,Family,Fantasy",6.0,59419
The Tourist,2010,"Action,Romance,Thriller",6.0,269097
Immortals,2011,"Action,Drama,Fantasy",6.0,183686
Room in Rome,2010,"Drama,Romance",6.0,28236
Hercules,2014,"Action,Adventure,Animation",6.0,172644
Mr. Harrigan's Phone,2022,"Drama,Horror,Mystery",6.0,44577
The Last Song,2010,"Drama,Music,Romance",6.0,96381
Antim: The Final Truth,2021,"Action,Crime,Drama",6.0,43408
A Big Bold Beautiful Journey,2025,"Drama,Fantasy,Romance",6.0,22550
Grown Ups,2010,Comedy,6.0,314583
Men,2022,"Drama,Fantasy,Horror",6.0,79611
Mr. Popper's Penguins,2011,"Comedy,Family,Fantasy",6.0,113083
Chinese Zodiac,2012,"Action,Adventure,Comedy",6.0,26316
Trolls Band Together,2023,"Adventure,Animation,Comedy",6.0,20153
Godzilla X Kong: The New Empire,2024,"Action,Adventure,Fantasy",6.0,136448
Home Team,2022,"Comedy,Drama,Sport",6.0,24419
Exodus: Gods and Kings,2014,"Action,Adventure,Animation",6.0,187218
Overboard,2018,"Comedy,Romance",6.0,45172
Z for Zachariah,2015,"Drama,Romance,Sci-Fi",6.0,34703
30 Minutes or Less,2011,"Action,Comedy,Crime",6.0,111315
Venom: The Last Dance,2024,"Action,Fantasy,Horror",6.0,157821
Erased,2012,"Action,Thriller",6.0,34412
Pushpa: The Rule - Part 2,2024,"Action,Crime,Drama",6.0,67339
Haunted Mansion,2023,"Comedy,Drama,Family",6.0,50339
The Woman,2011,"Drama,Horror,Thriller",6.0,27733
Absolutely Anything,2015,"Comedy,Sci-Fi",6.0,54812
No One Lives,2012,"Action,Adventure,Crime",6.0,27083
About Last Night,2014,"Comedy,Romance",6.0,25980
Sisters,2015,Comedy,6.0,73473
Automata,2014,"Action,Drama,Sci-Fi",6.0,61907
Victor Frankenstein,2015,"Drama,Horror,Sci-Fi",6.0,63780
Man of Tai Chi,2013,"Action,Drama",6.0,42440
Vesper,2022,"Adventure,Drama,Sci-Fi",6.0,27245
The Gambler,2014,"Crime,Drama,Thriller",6.0,77850
The Other Woman,2014,"Comedy,Romance",6.0,161069
The SpongeBob Movie: Sponge Out of Water,2015,"Adventure,Animation,Comedy",6.0,67981
The Zero Theorem,2013,"Comedy,Drama,Fantasy",6.0,51849
Jobs,2013,"Biography,Drama",6.0,107671
Assault on Wall Street,2013,"Action,Crime,Drama",6.0,22424
Smurfs: The Lost Village,2017,"Adventure,Animation,Comedy",6.0,27632
Get Hard,2015,"Comedy,Crime,Drama",6.0,155649
Self Reliance,2023,"Comedy,Thriller",6.0,23236
M3GAN 2.0,2025,"Action,Sci-Fi,Thriller",6.0,53740
Jigra,2024,"Action,Crime,Drama",6.0,25062
The Riot Club,2014,"Drama,Thriller",6.0,25082
Coolie,2025,"Action,Crime,Thriller",6.0,24342
Starry Eyes,2014,"Horror,Mystery",6.0,24195
Mike and Dave Need Wedding Dates,2016,"Comedy,Romance",6.0,100934
The Signal,2014,"Drama,Mystery,Sci-Fi",6.0,72944
Black Phone 2,2025,Horror,6.0,64659
Circle,2015,"Drama,Horror,Mystery",6.0,72821
Sikandar Ka Muqaddar,2024,"Action,Crime,Drama",6.0,26416
Those Who Wish Me Dead,2021,"Action,Drama,Thriller",6.0,79721
Heart Eyes,2025,"Comedy,Horror,Mystery",6.0,38522
Regretting You,2025,"Drama,Romance",6.0,22281
The Taking of Deborah Logan,2014,"Fantasy,Horror,Mystery",6.0,50339
Godzilla: King of the Monsters,2019,"Action,Adventure,Fantasy",6.0,230061
My Big Fat Greek Wedding 2,2016,"Comedy,Romance",6.0,37848
The Boy,2016,"Horror,Mystery,Thriller",6.0,108358
War Machine,2017,"Comedy,Drama,War",6.0,53259
2.0,2018,"Action,Fantasy,Sci-Fi",6.0,30521
Transformers: Rise of the Beasts,2023,"Action,Adventure,Animation",6.0,131890
Captive State,2019,"Sci-Fi,Thriller",6.0,60586
Assassination Nation,2018,"Comedy,Horror,Thriller",6.0,23496
Don't Breathe 2,2021,"Action,Crime,Horror",6.0,82341
Night Hunter,2018,"Action,Adventure,Crime",6.0,32431
Fast Charlie,2023,"Action,Crime,Drama",6.0,29622
Destination Wedding,2018,"Comedy,Drama,Romance",6.0,36696
The Lodge,2019,"Drama,Horror,Mystery",6.0,65213
Project Power,2020,"Action,Crime,Sci-Fi",6.0,103883
Tu Jhoothi Main Makkaar,2023,"Comedy,Romance",6.0,30640
Cold Storage,2026,"Comedy,Horror,Sci-Fi",6.0,22072
Relic,2020,"Drama,Horror,Mystery",6.0,33233
Werewolves Within,2021,"Comedy,Horror,Mystery",6.0,29405
Jexi,2019,"Comedy,Romance,Sci-Fi",6.0,33750
Die My Love,2025,"Drama,Thriller",6.0,46073
Hotel Transylvania 4: Transformania,2022,"Adventure,Animation,Comedy",6.0,47967
Barbarella,1968,"Action,Adventure,Fantasy",5.9,40871
Game of Death,1978,"Action,Crime,Drama",5.9,22773
Piranha,1978,"Comedy,Horror,Sci-Fi",5.9,28076
The Black Hole,1979,"Action,Sci-Fi",5.9,30377
Firefox,1982,"Action,Adventure,Thriller",5.9,31484
Conan the Destroyer,1984,"Action,Adventure,Fantasy",5.9,90758
The Stuff,1985,"Comedy,Horror,Sci-Fi",5.9,21616
9½ Weeks,1986,"Drama,Romance",5.9,47112
The Wraith,1986,"Action,Horror,Romance",5.9,21822
Over the Top,1987,"Action,Drama,Sport",5.9,65487
Another 48 Hrs.,1990,"Action,Comedy,Crime",5.9,47859
Joe Versus the Volcano,1990,"Comedy,Romance",5.9,42236
Marked for Death,1990,"Action,Crime,Drama",5.9,26351
Men at Work,1990,"Action,Comedy,Crime",5.9,29497
The Rookie,1990,"Action,Crime,Drama",5.9,31815
Career Opportunities,1991,"Comedy,Romance",5.9,21097
Curly Sue,1991,"Comedy,Drama,Family",5.9,24969
Captain Ron,1992,"Adventure,Comedy",5.9,24691
Encino Man,1992,Comedy,5.9,48961
Honeymoon in Vegas,1992,"Comedy,Romance,Thriller",5.9,20521
Passenger 57,1992,"Action,Crime,Thriller",5.9,53724
The Crush,1993,"Crime,Drama,Romance",5.9,23514
Fortress,1992,"Action,Crime,Sci-Fi",5.9,32181
Striking Distance,1993,"Action,Crime,Mystery",5.9,51243
The Chase,1994,"Action,Adventure,Comedy",5.9,20669
The Getaway,1994,"Action,Adventure,Crime",5.9,21469
Dracula: Dead and Loving It,1995,"Comedy,Fantasy,Horror",5.9,49038
Mortal Kombat,1995,"Action,Adventure,Fantasy",5.9,134638
Species,1995,"Action,Horror,Sci-Fi",5.9,90964
Sudden Death,1995,"Action,Crime,Thriller",5.9,39685
The Fan,1996,"Action,Drama,Sport",5.9,54125
Sgt. Bilko,1996,Comedy,5.9,25148
The Borrowers,1997,"Adventure,Comedy,Family",5.9,23848
I Know What You Did Last Summer,1997,"Horror,Mystery",5.9,181465
Wishmaster,1997,"Fantasy,Horror",5.9,28943
54,1998,"Drama,Music",5.9,35818
Babe: Pig in the City,1998,"Adventure,Comedy,Drama",5.9,37606
Hard Rain,1998,"Action,Crime,Drama",5.9,38488
Six Days Seven Nights,1998,"Action,Adventure,Comedy",5.9,88018
Mickey Blue Eyes,1999,"Comedy,Crime,Romance",5.9,39629
The Rugrats Movie,1998,"Adventure,Animation,Comedy",5.9,21973
Hollow Man,2000,"Action,Horror,Sci-Fi",5.9,147629
Captain Corelli's Mandolin,2001,"Drama,Music,Romance",5.9,37443
Saving Silverman,2001,"Comedy,Crime,Romance",5.9,46109
Duplex,2003,Comedy,5.9,65705
The One,2001,"Action,Sci-Fi,Thriller",5.9,100031
Undercover Brother,2002,"Action,Comedy",5.9,38107
Analyze That,2002,"Comedy,Crime",5.9,93067
xXx,2002,"Action,Adventure,Drama",5.9,194089
Immortal,2004,"Drama,Sci-Fi,Thriller",5.9,22432
Laws of Attraction,2004,"Comedy,Romance",5.9,25991
Around the World in 80 Days,2004,"Action,Adventure,Comedy",5.9,99743
Crimson Rivers 2: Angels of the Apocalypse,2004,"Action,Crime,Mystery",5.9,22747
The Prince and Me,2004,"Comedy,Family,Romance",5.9,43799
Dirty Dancing: Havana Nights,2004,"Drama,Music,Romance",5.9,30962
Lucky You,2007,"Drama,Romance,Sport",5.9,21646
Cheaper by the Dozen,2003,"Comedy,Family",5.9,115654
The Brothers Grimm,2005,"Action,Adventure,Comedy",5.9,132270
Without a Paddle,2004,"Adventure,Comedy,Mystery",5.9,54409
The Princess Diaries 2: Royal Engagement,2004,"Comedy,Family,Romance",5.9,97738
Guess Who,2005,"Comedy,Romance",5.9,49186
Gnomeo & Juliet,2011,"Adventure,Animation,Comedy",5.9,64090
Into the Blue,2005,"Action,Adventure,Crime",5.9,84647
White Chicks,2004,"Comedy,Crime",5.9,195370
The Amityville Horror,2005,Horror,5.9,122821
The Grudge,2004,"Horror,Mystery,Thriller",5.9,158500
Catch and Release,2006,"Comedy,Drama,Romance",5.9,30427
The Heartbreak Kid,2007,"Comedy,Romance",5.9,101758
88 Minutes,2007,"Crime,Drama,Mystery",5.9,80469
Final Destination 3,2006,"Horror,Thriller",5.9,185492
Domino,2005,"Action,Biography,Crime",5.9,71556
Dinner for Schmucks,2010,Comedy,5.9,116759
The Invasion,2007,"Sci-Fi,Thriller",5.9,88154
The Possession,2012,"Horror,Mystery,Thriller",5.9,65995
The X Files: I Want to Believe,2008,"Adventure,Crime,Drama",5.9,96699
Hostel,2005,Horror,5.9,204816
Punisher: War Zone,2008,"Action,Crime,Drama",5.9,71295
Let's Go to Prison,2006,"Comedy,Crime",5.9,27403
Nacho Libre,2006,"Comedy,Family,Sport",5.9,102706
School for Scoundrels,2006,Comedy,5.9,31832
Igor,2008,"Animation,Comedy,Family",5.9,25133
I Could Never Be Your Woman,2007,"Comedy,Drama,Romance",5.9,20939
Premonition,2007,"Drama,Fantasy,Mystery",5.9,85949
Nancy Drew,2007,"Comedy,Crime,Family",5.9,22493
Hall Pass,2011,"Comedy,Romance",5.9,136673
Doomsday,2008,"Action,Sci-Fi,Thriller",5.9,82440
Red Tails,2012,"Action,Drama,History",5.9,38677
Wild Hogs,2007,"Action,Adventure,Comedy",5.9,128106
The Haunting in Connecticut,2009,"Drama,Horror,Mystery",5.9,68096
Reno 911!: Miami,2007,"Comedy,Crime",5.9,28734
I Now Pronounce You Chuck & Larry,2007,"Comedy,Romance",5.9,161354
A Thousand Words,2012,"Comedy,Drama,Fantasy",5.9,47662
Smiley Face,2007,Comedy,5.9,21017
The Wolfman,2010,"Drama,Fantasy,Horror",5.9,117831
The Incredible Burt Wonderstone,2013,Comedy,5.9,78400
Georgia Rule,2007,"Comedy,Drama",5.9,29265
P2,2007,"Crime,Horror,Thriller",5.9,39206
Carriers,2009,"Adventure,Drama,Horror",5.9,53256
Percy Jackson & the Olympians: The Lightning Thief,2010,"Adventure,Family,Fantasy",5.9,215994
After.Life,2009,"Drama,Mystery,Thriller",5.9,43076
Made of Honor,2008,"Comedy,Romance",5.9,80798
Mad Money,2008,"Comedy,Crime,Thriller",5.9,24362
The Ruins,2008,"Adventure,Horror,Thriller",5.9,91264
Pathology,2008,"Crime,Horror,Thriller",5.9,34695
Straw Dogs,2011,"Action,Drama,Thriller",5.9,37889
Shazam! Fury of the Gods,2023,"Action,Adventure,Animation",5.9,146045
Thalaivi,2021,"Biography,Drama",5.9,31643
The Prom,2020,"Comedy,Drama,Musical",5.9,30649
Fatman,2020,"Action,Adventure,Comedy",5.9,35557
Censor,2021,"Horror,Mystery,Thriller",5.9,23169
Iron Sky,2012,"Action,Adventure,Comedy",5.9,99032
Footloose,2011,"Comedy,Drama,Music",5.9,55622
Bill & Ted Face the Music,2020,"Adventure,Comedy,Music",5.9,56864
Spree,2020,"Comedy,Crime,Horror",5.9,22040
The Man from Toronto,2022,"Action,Adventure,Comedy",5.9,67183
Orphan: First Kill,2022,"Crime,Drama,Horror",5.9,54319
2012,2009,"Action,Adventure,Sci-Fi",5.9,423127
Varisu,2023,"Action,Comedy,Drama",5.9,41379
The Fourth Kind,2009,"Horror,Mystery,Sci-Fi",5.9,86401
Henry's Crime,2010,"Comedy,Crime,Drama",5.9,22373
Waiting for Forever,2010,"Comedy,Drama,Romance",5.9,20388
Rock of Ages,2012,"Comedy,Drama,Musical",5.9,84702
Cockneys vs Zombies,2012,"Action,Comedy,Horror",5.9,21272
Suicide Squad,2016,"Action,Adventure,Fantasy",5.9,761113
Cocaine Bear,2023,"Comedy,Crime,Thriller",5.9,127172
Apartment 7A,2024,"Horror,Thriller",5.9,20761
Kidnap,2017,"Action,Crime,Thriller",5.9,41263
True Memoirs of an International Assassin,2016,"Action,Comedy,Crime",5.9,25963
Abraham Lincoln: Vampire Hunter,2012,"Action,Fantasy,Horror",5.9,168616
The Last Witch Hunter,2015,"Action,Adventure,Fantasy",5.9,116852
The Addams Family,2019,"Animation,Comedy,Family",5.9,49824
Final Destination 5,2011,"Horror,Thriller",5.9,151962
The Double,2011,"Action,Adventure,Crime",5.9,32677
The Tall Man,2012,"Crime,Drama,Horror",5.9,44985
All Eyez on Me,2017,"Biography,Drama,Music",5.9,26365
Office Christmas Party,2016,Comedy,5.9,94471
Let It Snow,2019,"Comedy,Romance",5.9,27099
The Hangover Part III,2013,"Comedy,Crime",5.9,364525
Ulajh,2024,"Crime,Drama,Thriller",5.9,25624
The Great Wall,2016,"Action,Adventure,Fantasy",5.9,159864
Grand Piano,2013,"Drama,Music,Mystery",5.9,20397
Rowdy Rathore,2012,"Action,Comedy,Crime",5.9,27068
Back in Action,2025,"Action,Adventure,Comedy",5.9,67258
You Are So Not Invited to My Bat Mitzvah,2023,Comedy,5.9,28246
Playing It Cool,2014,"Comedy,Romance",5.9,32016
Jane Got a Gun,2015,"Action,Crime,Drama",5.9,25340
Into the Woods,2014,"Adventure,Comedy,Drama",5.9,154096
The Alto Knights,2025,"Biography,Crime,Drama",5.9,21510
We Are What We Are,2013,"Drama,Horror,Thriller",5.9,23354
Haunter,2013,"Fantasy,Horror,Mystery",5.9,20004
Kick,2014,"Action,Comedy,Crime",5.9,77000
Keeping Up with the Joneses,2016,"Action,Comedy",5.9,72286
Isn't It Romantic,2019,"Comedy,Fantasy,Musical",5.9,77244
Step Up All In,2014,"Drama,Music,Romance",5.9,37582
Iron Lung,2026,"Horror,Sci-Fi",5.9,27635
The Monkey,2025,Horror,5.9,94793
The Surfer,2024,Thriller,5.9,21031
Welcome to Me,2014,"Comedy,Drama",5.9,20387
Priyotoma,2023,"Action,Drama,Romance",5.9,23648
Naga,2023,"Drama,Thriller",5.9,20423
Ride Along 2,2016,"Action,Comedy,Crime",5.9,67556
Planes: Fire & Rescue,2014,"Adventure,Animation,Comedy",5.9,21931
Border 2,2026,"Action,Drama,War",5.9,20885
iBoy,2017,"Action,Crime,Sci-Fi",5.9,25433
Ballad of a Small Player,2025,"Crime,Drama,Mystery",5.9,25441
Chasing the Wind,2025,"Drama,Romance",5.9,27068
The Blackcoat's Daughter,2015,"Horror,Mystery,Thriller",5.9,32432
London Has Fallen,2016,"Action,Thriller",5.9,180985
The Boogeyman,2023,"Horror,Mystery,Thriller",5.9,53964
Teenage Mutant Ninja Turtles: Out of the Shadows,2016,"Action,Adventure,Animation",5.9,106828
The Vanishing,2018,"Drama,Mystery,Thriller",5.9,22782
Special Correspondents,2016,Comedy,5.9,27558
The Prodigy,2019,"Fantasy,Horror,Mystery",5.9,31431
Morgan,2016,"Action,Horror,Sci-Fi",5.9,49843
Braven,2018,"Action,Thriller",5.9,43622
Eileen,2023,"Drama,Mystery,Romance",5.9,20612
Underwater,2020,"Action,Adventure,Horror",5.9,108859
Tiger Zinda Hai,2017,"Action,Adventure,Thriller",5.9,36938
Vox Lux,2018,"Drama,Music",5.9,21477
Venom: Let There Be Carnage,2021,"Action,Adventure,Animation",5.9,305408
The Electric State,2025,"Action,Adventure,Comedy",5.9,85691
Annabelle Comes Home,2019,"Horror,Mystery,Thriller",5.9,102429
Cam,2018,"Drama,Horror,Mystery",5.9,39756
Vivarium,2019,"Horror,Mystery,Sci-Fi",5.9,92226
Cobweb,2023,"Horror,Mystery,Thriller",5.9,46784
Candyman,2021,"Horror,Thriller",5.9,83813
Blue Beetle,2023,"Action,Adventure,Animation",5.9,117433
The Last House on the Left,1972,"Horror,Thriller",5.8,42379
Zardoz,1974,"Adventure,Fantasy,Sci-Fi",5.8,25835
"Salò, or the 120 Days of Sodom",1975,Drama,5.8,73082
Jaws 2,1978,"Adventure,Horror,Thriller",5.8,91592
The Blue Lagoon,1980,"Adventure,Drama,Romance",5.8,83560
"Silent Night, Deadly Night",1984,"Horror,Thriller",5.8,22265
Police Academy 2: Their First Assignment,1985,Comedy,5.8,63576
Cobra,1986,"Action,Crime,Thriller",5.8,86018
Halloween 4: The Return of Michael Myers,1988,"Horror,Thriller",5.8,64724
Rambo III,1988,"Action,Adventure,Thriller",5.8,149981
Short Circuit 2,1988,"Comedy,Drama,Family",5.8,28295
Leviathan,1989,"Adventure,Horror,Mystery",5.8,27061
She-Devil,1989,Comedy,5.8,21214
Air America,1990,"Action,Comedy,War",5.8,32549
Hard to Kill,1990,"Action,Crime,Drama",5.8,34592
RoboCop 2,1990,"Action,Crime,Sci-Fi",5.8,100160
Beethoven,1992,"Comedy,Drama,Family",5.8,81626
Sister Act 2: Back in the Habit,1993,"Comedy,Family,Music",5.8,63851
101 Dalmatians,1996,"Adventure,Comedy,Crime",5.8,123600
Bulletproof,1996,"Action,Comedy,Crime",5.8,41322
Jack,1996,"Comedy,Drama,Fantasy",5.8,66072
Jingle All the Way,1996,"Adventure,Comedy,Family",5.8,130332
Thinner,1996,"Fantasy,Horror",5.8,37045
Good Burger,1997,"Comedy,Family",5.8,36278
The Relic,1997,"Horror,Mystery,Sci-Fi",5.8,32593
Halloween H20: 20 Years Later,1998,"Horror,Thriller",5.8,88809
Lake Placid,1999,"Action,Comedy,Horror",5.8,69574
Lara Croft: Tomb Raider,2001,"Action,Adventure,Fantasy",5.8,230469
End of Days,1999,"Action,Fantasy,Horror",5.8,123071
Jawbreaker,1999,"Comedy,Crime,Thriller",5.8,32211
Drive Me Crazy,1999,"Comedy,Drama,Romance",5.8,23060
Reindeer Games,2000,"Action,Crime,Thriller",5.8,44763
Bounce,2000,"Drama,Romance",5.8,22669
Coyote Ugly,2000,"Comedy,Drama,Music",5.8,127799
Ken Park,2002,Drama,5.8,32143
100 Girls,2000,"Comedy,Romance",5.8,23276
The Glass House,2001,"Crime,Drama,Mystery",5.8,43079
The New Guy,2002,Comedy,5.8,39855
The Ringer,2005,"Comedy,Sport",5.8,40903
The Accidental Spy,2001,"Action,Comedy,Crime",5.8,20032
Not Another Teen Movie,2001,"Comedy,Romance",5.8,127282
Enough,2002,"Crime,Drama,Thriller",5.8,51503
Return to Never Land,2002,"Adventure,Animation,Family",5.8,23990
Mr. Deeds,2002,"Comedy,Romance",5.8,164312
Life or Something Like It,2002,"Comedy,Romance",5.8,35518
What a Girl Wants,2003,"Comedy,Drama,Family",5.8,70804
Friday After Next,2002,"Comedy,Drama",5.8,32845
Taxi 3,2003,"Action,Comedy,Crime",5.8,48947
The Santa Clause 2,2002,"Comedy,Family,Fantasy",5.8,69860
Cradle 2 the Grave,2003,"Action,Crime,Drama",5.8,47677
The League of Extraordinary Gentlemen,2003,"Action,Adventure,Fantasy",5.8,192328
Looney Tunes: Back in Action,2003,"Adventure,Animation,Comedy",5.8,43246
Suspect Zero,2004,"Crime,Horror,Mystery",5.8,24216
The Killer's Game,2024,"Action,Comedy,Thriller",5.8,21395
Freddy vs. Jason,2003,Horror,5.8,136485
Stuck on You,2003,Comedy,5.8,56770
Gothika,2003,"Horror,Mystery,Thriller",5.8,123580
The Forgotten,2004,"Drama,Mystery,Sci-Fi",5.8,71287
Blade: Trinity,2004,"Action,Horror,Sci-Fi",5.8,201617
Raise Your Voice,2004,"Family,Music,Musical",5.8,29965
Four Christmases,2008,"Comedy,Drama,Romance",5.8,88761
Journey to the Center of the Earth,2008,"Action,Adventure,Family",5.8,141501
Open Water,2003,"Adventure,Drama,Horror",5.8,59227
Cry Wolf,2005,"Drama,Horror,Mystery",5.8,29880
Firewall,2006,"Crime,Thriller",5.8,61386
Bad News Bears,2005,"Comedy,Sport",5.8,24453
Annapolis,2006,"Drama,Romance,Sport",5.8,22650
The Texas Chainsaw Massacre: The Beginning,2006,Horror,5.8,82155
The Ant Bully,2006,"Adventure,Animation,Comedy",5.8,44428
Friends with Money,2006,"Comedy,Drama,Romance",5.8,33532
Passengers,2008,"Mystery,Romance,Thriller",5.8,41398
Cirque du Freak: The Vampire's Assistant,2009,"Action,Adventure,Fantasy",5.8,49654
The Break-Up,2006,"Comedy,Drama,Romance",5.8,146583
John Tucker Must Die,2006,"Comedy,Romance",5.8,93172
Goal II: Living the Dream,2007,"Drama,Sport",5.8,35460
Wind Chill,2007,"Adventure,Drama,Horror",5.8,28754
Something Borrowed,2011,"Comedy,Drama,Romance",5.8,67614
Suburbicon,2017,"Comedy,Crime,Drama",5.8,49983
Without Remorse,2021,"Action,Drama,Thriller",5.8,71468
Escape from Planet Earth,2013,"Adventure,Animation,Comedy",5.8,28092
Black Sheep,2006,"Comedy,Horror,Sci-Fi",5.8,43625
Clash of the Titans,2010,"Action,Adventure,Fantasy",5.8,305586
Valentine's Day,2010,"Comedy,Romance",5.8,131106
Ghosts of Girlfriends Past,2009,"Comedy,Fantasy,Romance",5.8,99860
Semi-Pro,2008,"Comedy,Sport",5.8,89555
St. Trinian's,2007,"Comedy,Family",5.8,24978
The Green Hornet,2011,"Action,Comedy,Crime",5.8,169125
Army of the Dead,2021,"Action,Adventure,Animation",5.8,201379
Antebellum,2020,"Drama,Horror,Mystery",5.8,31912
Splice,2009,"Horror,Sci-Fi",5.8,106714
The Contractor,2022,"Action,Drama,Thriller",5.8,35562
Monte Carlo,2011,"Adventure,Comedy,Family",5.8,52508
Old,2021,"Drama,Mystery,Thriller",5.8,184211
The Babysitter: Killer Queen,2020,"Comedy,Horror",5.8,60374
Troll,2022,"Action,Adventure,Drama",5.8,59212
Saw V,2008,"Horror,Thriller",5.8,148739
Silent Night,2021,"Comedy,Drama,Horror",5.8,25511
Memory,2022,"Action,Crime,Thriller",5.8,42312
Spread,2009,"Comedy,Drama,Romance",5.8,43414
Observe and Report,2009,"Action,Comedy,Crime",5.8,67505
Resident Evil: Afterlife,2010,"Action,Horror,Sci-Fi",5.8,188334
Pathaan,2023,"Action,Adventure,Thriller",5.8,166438
Teenage Mutant Ninja Turtles,2014,"Action,Adventure,Animation",5.8,230689
The Reef,2010,"Adventure,Horror,Thriller",5.8,22552
Oldboy,2013,"Action,Drama,Mystery",5.8,85235
Persuasion,2022,"Comedy,Drama,Romance",5.8,40589
Pride and Prejudice and Zombies,2016,"Action,Comedy,Fantasy",5.8,64645
Downsizing,2017,"Drama,Fantasy,Sci-Fi",5.8,137967
Happy Feet Two,2011,"Adventure,Animation,Comedy",5.8,51026
Table 19,2017,"Comedy,Drama,Romance",5.8,33729
You Again,2010,"Comedy,Romance",5.8,56916
Battleship,2012,"Action,Adventure,Sci-Fi",5.8,270214
Crimes of the Future,2022,"Drama,Horror,Sci-Fi",5.8,47164
Haywire,2011,"Action,Drama,Thriller",5.8,93201
The Host,2013,"Action,Adventure,Drama",5.8,122068
Bholaa,2023,"Action,Crime,Drama",5.8,26066
Ghosted,2023,"Action,Adventure,Comedy",5.8,81066
The Mortal Instruments: City of Bones,2013,"Action,Adventure,Animation",5.8,143947
I Saw the TV Glow,2024,"Drama,Horror,Mystery",5.8,46298
To the Wonder,2012,"Drama,Romance",5.8,30956
Absentia,2011,"Drama,Horror,Mystery",5.8,21834
Free Birds,2013,"Adventure,Animation,Comedy",5.8,28556
Rampart,2011,"Crime,Drama",5.8,26154
Life of Crime,2013,"Comedy,Crime",5.8,21146
The Guilt Trip,2012,"Comedy,Drama",5.8,41697
21 & Over,2013,Comedy,5.8,80010
The Tunnel,2011,"Horror,Mystery,Thriller",5.8,25854
The To-Do List,2013,"Comedy,Romance",5.8,44277
Paranormal Activity 3,2011,"Horror,Mystery,Thriller",5.8,104782
Carrie,2013,"Drama,Horror,Thriller",5.8,156034
Noah,2014,"Action,Adventure,Drama",5.8,277466
Into the Storm,2014,"Action,Adventure,Drama",5.8,74631
Second Act,2018,"Comedy,Drama,Romance",5.8,32491
Tehran,2025,"Action,Thriller",5.8,29201
The Purge,2013,"Horror,Sci-Fi,Thriller",5.8,261305
Love the Coopers,2015,"Comedy,Fantasy,Romance",5.8,30006
Immaculate,2024,"Horror,Thriller",5.8,61497
Kill Me Three Times,2014,"Action,Adventure,Comedy",5.8,24863
Into the Forest,2015,"Drama,Sci-Fi,Thriller",5.8,23105
Trap,2024,"Crime,Horror,Mystery",5.8,167933
Jackpot!,2024,"Action,Comedy",5.8,34978
Gaslight,2023,"Crime,Horror,Mystery",5.8,26439
Murder Mubarak,2024,"Comedy,Horror,Mystery",5.8,51524
Death of a Unicorn,2025,"Comedy,Fantasy,Horror",5.8,54123
Jurassic World: Rebirth,2025,"Action,Adventure,Sci-Fi",5.8,199418
The Cobbler,2014,"Comedy,Drama,Fantasy",5.8,65360
Primate,2025,Horror,5.8,30698
Ladies First,2026,Comedy,5.8,26778
Security,2017,"Action,Adventure,Crime",5.8,24697
Mechanic: Resurrection,2016,"Action,Adventure,Thriller",5.8,103776
Mine,2016,"Drama,Thriller,War",5.8,22800
War on Everyone,2016,"Action,Comedy,Crime",5.8,21968
Tau,2018,"Horror,Sci-Fi,Thriller",5.8,37490
Mulan,2020,"Action,Adventure,Drama",5.8,167653
Pitch Perfect 3,2017,"Comedy,Music",5.8,79001
Eli,2019,"Drama,Horror,Mystery",5.8,45206
The Little Hours,2017,"Comedy,Romance",5.8,28785
Home Again,2017,"Comedy,Drama,Romance",5.8,37165
Skyscraper,2018,"Action,Adventure,Thriller",5.8,145781
Look Away,2018,"Drama,Fantasy,Horror",5.8,23328
The Boss Baby: Family Business,2021,"Adventure,Animation,Comedy",5.8,26710
The Woman in Cabin 10,2025,"Drama,Mystery,Thriller",5.8,72099
A Christmas Prince,2017,"Comedy,Family,Romance",5.8,23551
The Lie,2018,"Crime,Drama,Mystery",5.8,23212
Come Play,2020,"Drama,Horror,Mystery",5.8,20264
The Perfect Date,2019,"Comedy,Romance",5.8,46736
The Wretched,2019,"Drama,Horror,Mystery",5.8,21927
Sooryavanshi,2021,"Action,Crime,Drama",5.8,81395
The Wrong Missy,2020,"Comedy,Romance",5.8,50908
Escape Room: Tournament of Champions,2021,"Action,Adventure,Horror",5.8,68828
I Spit on Your Grave,1978,"Horror,Thriller",5.7,34417
1941,1979,"Action,Comedy,War",5.7,39171
Cannibal Holocaust,1980,"Adventure,Horror",5.7,67205
The Delta Force,1986,"Action,Adventure,Drama",5.7,24479
Poltergeist II: The Other Side,1986,Horror,5.7,32884
Crocodile Dundee II,1988,"Action,Adventure,Comedy",5.7,64516
Return of the Living Dead II,1988,"Comedy,Horror,Sci-Fi",5.7,23487
The Punisher,1989,"Action,Crime,Thriller",5.7,28779
Death Warrant,1990,"Action,Crime,Mystery",5.7,23255
Double Impact,1991,"Action,Crime",5.7,47689
Hudson Hawk,1991,"Action,Adventure,Comedy",5.7,64766
Boomerang,1992,"Comedy,Drama,Romance",5.7,32557
Buffy the Vampire Slayer,1992,"Action,Comedy,Fantasy",5.7,52641
Dennis the Menace,1993,"Comedy,Family",5.7,69348
Nowhere to Run,1993,"Action,Drama,Romance",5.7,28091
Major League II,1994,"Comedy,Sport",5.7,29813
Cutthroat Island,1995,"Action,Adventure,Comedy",5.7,33248
Money Train,1995,"Action,Comedy,Crime",5.7,45446
Village of the Damned,1995,"Horror,Sci-Fi,Thriller",5.7,36961
Chain Reaction,1996,"Action,Drama,Sci-Fi",5.7,58567
Escape from L.A.,1996,"Action,Adventure,Sci-Fi",5.7,86239
The Juror,1996,"Crime,Drama,Thriller",5.7,22703
Michael,1996,"Comedy,Drama,Fantasy",5.7,47064
The Nutty Professor,1996,"Comedy,Romance,Sci-Fi",5.7,131259
Fantastic Four,2005,"Action,Adventure,Fantasy",5.7,374710
Mighty Joe Young,1998,"Action,Adventure,Family",5.7,32627
The Million Dollar Hotel,2000,"Drama,Mystery,Romance",5.7,23268
Planet of the Apes,2001,"Action,Adventure,Sci-Fi",5.7,242229
Scream 3,2000,"Horror,Mystery",5.7,186179
Disturbing Behavior,1998,"Horror,Mystery,Sci-Fi",5.7,27720
Bride of Chucky,1998,"Comedy,Horror,Thriller",5.7,70487
The Art of War,2000,"Action,Adventure,Crime",5.7,32410
Charlie's Angels,2000,"Action,Adventure,Comedy",5.7,206812
Mission to Mars,2000,"Adventure,Sci-Fi,Thriller",5.7,79843
Just Visiting,2001,"Adventure,Comedy,Fantasy",5.7,21243
Get Over It,2001,"Comedy,Romance",5.7,20963
Red Planet,2000,"Action,Sci-Fi,Thriller",5.7,62521
Deuce Bigalow: Male Gigolo,1999,"Comedy,Romance",5.7,85297
Angel Eyes,2001,"Drama,Romance",5.7,26853
Josie and the Pussycats,2001,"Comedy,Music",5.7,27001
America's Sweethearts,2001,"Comedy,Romance",5.7,61715
Hulk,2003,"Action,Sci-Fi",5.7,292272
Blue Crush,2002,"Drama,Romance,Sport",5.7,34552
Timeline,2003,"Action,Adventure,Sci-Fi",5.7,69475
Jeepers Creepers 2,2003,Horror,5.7,75647
The Perfect Score,2004,"Comedy,Crime,Drama",5.7,27314
Daddy Day Care,2003,"Comedy,Family",5.7,79589
Club Dread,2004,"Comedy,Horror,Mystery",5.7,32823
Alien vs. Predator,2004,"Action,Adventure,Horror",5.7,233509
Chicken Little,2005,"Adventure,Animation,Comedy",5.7,109657
The Pink Panther,2006,"Adventure,Comedy,Crime",5.7,99412
Beauty Shop,2005,Comedy,5.7,20516
Last Days,2005,"Drama,Music",5.7,24892
Gambit,2012,"Comedy,Crime",5.7,26901
Poseidon,2006,"Action,Adventure,Thriller",5.7,116472
Barnyard,2006,"Adventure,Animation,Comedy",5.7,38762
Bandidas,2006,"Action,Comedy,Crime",5.7,39106
Hatchet,2006,"Comedy,Horror,Thriller",5.7,36345
Failure to Launch,2006,"Comedy,Romance",5.7,95222
Perfect Stranger,2007,"Crime,Mystery,Thriller",5.7,54151
Fred Claus,2007,"Comedy,Family,Fantasy",5.7,51132
Fool's Gold,2008,"Action,Adventure,Comedy",5.7,90117
Drillbit Taylor,2008,"Action,Comedy,Crime",5.7,64502
Priest,2011,"Action,Fantasy,Horror",5.7,130081
Pet Sematary,2019,"Horror,Mystery,Thriller",5.7,105725
Armored,2009,"Action,Crime,Mystery",5.7,32768
The Rental,2020,"Drama,Horror,Mystery",5.7,43617
Sex and the City,2008,"Comedy,Drama,Romance",5.7,133553
Beckett,2021,"Action,Crime,Drama",5.7,30854
Last Seen Alive,2022,"Action,Crime,Drama",5.7,36300
Gemini Man,2019,"Action,Sci-Fi,Thriller",5.7,131603
Strange World,2022,"Action,Adventure,Animation",5.7,50842
The Midnight Sky,2020,"Adventure,Drama,Sci-Fi",5.7,94876
The Descent: Part 2,2009,"Adventure,Horror,Thriller",5.7,56045
Race to Witch Mountain,2009,"Action,Adventure,Family",5.7,66433
Night Teeth,2021,"Action,Crime,Drama",5.7,24631
The Hole,2009,"Fantasy,Thriller",5.7,25272
"The Goods: Live Hard, Sell Hard",2009,Comedy,5.7,23382
New in Town,2009,"Comedy,Romance",5.7,26497
Spaceman,2024,"Adventure,Animation,Drama",5.7,47879
Echelon Conspiracy,2009,"Action,Crime,Thriller",5.7,20387
2:22,2017,"Drama,Mystery,Romance",5.7,27789
Pet,2016,"Crime,Horror,Thriller",5.7,20467
Battle Los Angeles,2011,"Action,Adventure,Sci-Fi",5.7,190846
Cuckoo,2024,"Horror,Mystery,Thriller",5.7,35003
Your Place or Mine,2023,"Comedy,Romance",5.7,44807
Bad Teacher,2011,"Comedy,Romance",5.7,223487
A Classic Horror Story,2021,"Drama,Horror,Mystery",5.7,24981
The Angriest Man in Brooklyn,2014,"Comedy,Drama",5.7,25486
The Watch,2012,"Comedy,Sci-Fi",5.7,138075
Bullet to the Head,2012,"Action,Crime,Thriller",5.7,54427
The Last Exorcism,2010,"Horror,Mystery,Thriller",5.7,54462
Death at a Funeral,2010,"Comedy,Drama",5.7,57196
Arthur,2011,"Comedy,Romance",5.7,53922
Heart of Stone,2023,"Action,Crime,Thriller",5.7,68644
Texas Killing Fields,2011,"Crime,Drama,History",5.7,23769
Journey 2: The Mysterious Island,2012,"Action,Adventure,Comedy",5.7,121369
The Weekend Away,2022,"Crime,Drama,Mystery",5.7,36461
Atlas,2024,"Action,Adventure,Animation",5.7,60138
The Paperboy,2012,"Crime,Drama,Mystery",5.7,41896
Windfall,2022,"Crime,Drama,Thriller",5.7,28924
The Three Musketeers,2011,"Action,Adventure,Fantasy",5.7,115998
Murder Mystery 2,2023,"Action,Adventure,Comedy",5.7,84604
Faces in the Crowd,2011,"Crime,Drama,Mystery",5.7,20996
Playing for Keeps,2012,"Comedy,Romance,Sport",5.7,32344
G.I. Joe: Retaliation,2013,"Action,Adventure,Sci-Fi",5.7,193371
What to Expect When You're Expecting,2012,"Comedy,Drama,Romance",5.7,78298
Only God Forgives,2013,"Action,Crime,Drama",5.7,123222
Rubber,2010,"Comedy,Fantasy,Horror",5.7,43029
Bloodshot,2020,"Action,Adventure,Drama",5.7,91387
Wrath of the Titans,2012,"Action,Adventure,Animation",5.7,203773
Planes,2013,"Adventure,Animation,Comedy",5.7,52879
The Bay,2012,"Horror,Sci-Fi,Thriller",5.7,33091
Sabotage,2014,"Action,Crime,Drama",5.7,69146
Clown,2014,"Fantasy,Horror,Thriller",5.7,29540
Admission,2013,"Comedy,Drama,Romance",5.7,37183
The Nut Job,2014,"Adventure,Animation,Comedy",5.7,32517
Percy Jackson: Sea of Monsters,2013,"Adventure,Animation,Family",5.7,134506
Devil's Pass,2013,"Horror,Mystery,Thriller",5.7,30671
Cry Macho,2021,Drama,5.7,36731
Would You Rather,2012,"Horror,Thriller",5.7,50103
Ek Tha Tiger,2012,"Action,Adventure,Drama",5.7,42834
Identity Thief,2013,"Comedy,Crime,Drama",5.7,149282
The Pact,2012,"Horror,Mystery,Thriller",5.7,26465
Chaos Walking,2021,"Action,Adventure,Drama",5.7,64159
Grace of Monaco,2014,"Biography,Drama,Romance",5.7,22263
Earth to Echo,2014,"Adventure,Family,Sci-Fi",5.7,20500
Think Like a Man Too,2014,"Comedy,Romance",5.7,24423
I Give It a Year,2013,"Comedy,Romance",5.7,41056
Reasonable Doubt,2014,"Crime,Drama,Mystery",5.7,21588
Elevation,2024,"Action,Horror,Mystery",5.7,31268
Lost River,2014,"Drama,Fantasy,Mystery",5.7,20081
The Hallow,2015,"Fantasy,Horror,Thriller",5.7,20165
Cooties,2014,"Action,Comedy,Horror",5.7,30942
I Spit on Your Grave 2,2013,"Horror,Thriller",5.7,36519
Life After Beth,2014,"Comedy,Fantasy,Horror",5.7,26145
Ben-Hur,2016,"Action,Adventure,Drama",5.7,50064
Locked,2025,Thriller,5.7,26125
The Watchers,2024,"Fantasy,Horror,Mystery",5.7,70695
Hitman: Agent 47,2015,"Action,Adventure,Crime",5.7,101630
Lust Stories 2,2023,"Drama,Romance",5.7,52125
Aankhon ki Gustaakhiyan,2025,Romance,5.7,29172
Bang Bang,2014,"Action,Adventure,Comedy",5.7,28113
Little Evil,2017,"Comedy,Fantasy,Horror",5.7,25075
Babygirl,2024,"Drama,Romance,Thriller",5.7,82133
Until Dawn,2025,"Drama,Horror,Mystery",5.7,68145
Our Little Secret,2024,"Comedy,Romance",5.7,26928
Honeymoon,2014,"Drama,Fantasy,Horror",5.7,28631
After the Hunt,2025,"Crime,Drama,Thriller",5.7,23942
Survivor,2015,"Action,Crime,Thriller",5.7,37714
Pan,2015,"Action,Adventure,Comedy",5.7,69698
Jigsaw,2017,"Crime,Drama,Horror",5.7,103200
The Divergent Series: Allegiant,2016,"Action,Adventure,Animation",5.7,147094
Ice Age: Collision Course,2016,"Action,Adventure,Animation",5.7,86436
Tom Clancy's Jack Ryan: Ghost War,2026,"Action,Drama,Thriller",5.7,26111
The Ice Road,2021,"Action,Adventure,Thriller",5.7,57209
The Darkest Minds,2018,"Action,Adventure,Drama",5.7,40583
Neighbors 2: Sorority Rising,2016,Comedy,5.7,137622
The War with Grandpa,2020,"Comedy,Drama,Family",5.7,28203
Aftermath,2017,"Drama,Mystery,Thriller",5.7,28603
The Do-Over,2016,"Action,Adventure,Comedy",5.7,57338
The Meg,2018,"Action,Adventure,Animation",5.7,229117
Close,2019,"Action,Drama,Thriller",5.7,28839
Samaritan,2022,"Action,Drama,Fantasy",5.7,61654
The Garfield Movie,2024,"Adventure,Animation,Comedy",5.7,28340
White Noise,2022,"Comedy,Drama,Horror",5.7,47827
Bhool Bhulaiyaa 2,2022,"Comedy,Horror",5.7,36306
Black Crab,2022,"Action,Adventure,Drama",5.7,28840
I Feel Pretty,2018,"Comedy,Romance",5.7,60744
The Marksman,2021,"Action,Drama,Thriller",5.7,49297
Velvet Buzzsaw,2019,"Horror,Mystery,Thriller",5.7,69058
Child's Play,2019,"Drama,Horror,Sci-Fi",5.7,60668
An American Pickle,2020,"Comedy,Fantasy",5.7,29688
A Working Man,2025,"Action,Thriller",5.7,78522
Stowaway,2021,"Adventure,Sci-Fi,Thriller",5.7,57096
Falling Inn Love,2019,"Comedy,Romance",5.7,24225
Friday the 13th: Part 3,1982,"Horror,Thriller",5.6,68063
The Slumber Party Massacre,1982,Horror,5.6,21308
Children of the Corn,1984,"Horror,Thriller",5.6,62920
"No Retreat, No Surrender",1986,"Action,Comedy,Crime",5.6,20641
Chopping Mall,1986,"Horror,Sci-Fi",5.6,20228
Raw Deal,1986,"Action,Crime,Thriller",5.6,41187
The Texas Chainsaw Massacre 2,1986,"Comedy,Horror",5.6,43935
A Nightmare on Elm Street 4: The Dream Master,1988,Horror,5.6,68216
The Bonfire of the Vanities,1990,"Comedy,Drama,Romance",5.6,27358
City Slickers II: The Legend of Curly's Gold,1994,"Comedy,Western",5.6,21756
Drop Zone,1994,"Action,Adventure,Thriller",5.6,23069
The Specialist,1994,"Action,Drama,Thriller",5.6,73695
Johnny Mnemonic,1995,"Action,Drama,Sci-Fi",5.6,81398
Judge Dredd,1995,"Action,Crime,Sci-Fi",5.6,132118
Under Siege 2: Dark Territory,1995,"Action,Adventure,Thriller",5.6,53455
Maximum Risk,1996,"Action,Crime,Thriller",5.6,25901
The Quest,1996,"Action,Adventure,Drama",5.6,30137
Beverly Hills Ninja,1997,"Action,Comedy",5.6,47084
George of the Jungle,1997,"Action,Adventure,Comedy",5.6,90463
Metro,1997,"Action,Comedy,Crime",5.6,30647
Picture Perfect,1997,"Comedy,Drama,Romance",5.6,22419
Volcano,1997,"Action,Drama,Sci-Fi",5.6,87312
Urban Legend,1998,"Horror,Mystery,Thriller",5.6,78761
Runaway Bride,1999,"Comedy,Romance",5.6,110927
Autumn in New York,2000,"Drama,Romance",5.6,30501
House on Haunted Hill,1999,"Horror,Mystery,Thriller",5.6,63825
The Skulls,2000,"Action,Crime,Drama",5.6,35418
Spy Kids,2001,"Action,Adventure,Comedy",5.6,136365
Exit Wounds,2001,"Action,Crime,Thriller",5.6,37428
40 Days and 40 Nights,2002,"Comedy,Romance",5.6,78534
Thir13en Ghosts,2001,"Fantasy,Horror",5.6,101505
Domestic Disturbance,2001,"Crime,Thriller",5.6,29433
Big Fat Liar,2002,"Adventure,Comedy,Family",5.6,42990
National Security,2003,"Action,Comedy,Crime",5.6,57781
Bad Company,2002,"Action,Comedy,Thriller",5.6,50823
Showtime,2002,"Action,Comedy,Crime",5.6,67254
Dreamcatcher,2003,"Drama,Horror,Sci-Fi",5.6,101339
Ghost Ship,2002,"Horror,Mystery,Thriller",5.6,117717
The Hot Chick,2002,"Comedy,Fantasy",5.6,110438
Cabin Fever,2002,Horror,5.6,89011
Bringing Down the House,2003,Comedy,5.6,41267
Scary Movie 3,2003,Comedy,5.6,174739
The Lizzie McGuire Movie,2003,"Adventure,Comedy,Family",5.6,43625
Win a Date with Tad Hamilton!,2004,"Comedy,Romance",5.6,30762
Alexander,2004,"Action,Biography,Drama",5.6,183879
The Box,2009,"Drama,Mystery,Thriller",5.6,97976
Monster-in-Law,2005,"Comedy,Romance",5.6,69324
Be Cool,2005,"Comedy,Crime,Music",5.6,75122
Cube Zero,2004,"Drama,Mystery,Sci-Fi",5.6,43512
Creep,2004,"Horror,Mystery,Thriller",5.6,34226
Dark Water,2005,"Drama,Horror,Mystery",5.6,67877
Kicking & Screaming,2005,"Comedy,Family,Romance",5.6,43816
The Black Dahlia,2006,"Crime,Drama,Mystery",5.6,79995
Christmas with the Kranks,2004,"Comedy,Family",5.6,65493
The Pacifier,2005,"Action,Comedy,Drama",5.6,107186
The Man,2005,"Action,Comedy,Crime",5.6,27713
Employee of the Month,2006,"Comedy,Romance",5.6,53107
Get Rich or Die Tryin',2005,"Biography,Crime,Drama",5.6,54485
The Benchwarmers,2006,"Comedy,Sport",5.6,58603
The Reaping,2007,"Horror,Thriller",5.6,46140
The Contract,2006,"Action,Crime,Drama",5.6,27445
RV,2006,"Adventure,Comedy,Family",5.6,67458
Cheaper by the Dozen 2,2005,"Adventure,Comedy,Family",5.6,67176
Good Luck Chuck,2007,"Comedy,Romance",5.6,99303
The Hitcher,2007,"Crime,Thriller",5.6,47664
"You, Me and Dupree",2006,"Comedy,Romance",5.6,86924
Fantastic Four: Rise of the Silver Surfer,2007,"Action,Adventure,Fantasy",5.6,299845
What Just Happened,2008,"Comedy,Drama",5.6,29300
Because I Said So,2007,"Comedy,Romance",5.6,42258
R.I.P.D.,2013,"Action,Adventure,Animation",5.6,151826
The Promotion,2008,Comedy,5.6,20691
Taxi 4,2007,"Action,Comedy,Crime",5.6,33192
The Accidental Husband,2008,"Comedy,Romance",5.6,26850
The Stepfather,2009,"Mystery,Thriller",5.6,42501
The Pink Panther 2,2009,"Action,Adventure,Comedy",5.6,51926
The House Bunny,2008,Comedy,5.6,96359
Freaky Deaky,2012,"Comedy,Crime,Thriller",5.6,24099
You Don't Mess with the Zohan,2008,"Action,Comedy",5.6,228225
Laal Singh Chaddha,2022,"Comedy,Drama,Romance",5.6,181326
The Knight Before Christmas,2019,"Adventure,Comedy,Drama",5.6,22545
The Nun II,2023,"Horror,Mystery,Thriller",5.6,82241
Jolt,2021,"Action,Comedy,Crime",5.6,39450
Salem's Lot,2024,"Horror,Thriller",5.6,41724
The Bounty Hunter,2010,"Action,Comedy,Romance",5.6,140739
Sweet Girl,2021,"Action,Drama,Thriller",5.6,38320
Gehraiyaan,2022,"Drama,Romance",5.6,45208
Couples Retreat,2009,Comedy,5.6,121552
Fighting,2009,"Action,Crime,Drama",5.6,35331
The Matrix Resurrections,2021,"Action,Sci-Fi",5.6,304030
"Love, Guaranteed",2020,"Comedy,Romance",5.6,20457
Jennifer's Body,2009,"Comedy,Horror",5.6,174323
12 Rounds,2009,"Action,Crime,Thriller",5.6,31885
That's My Boy,2012,"Comedy,Drama",5.6,122256
The Butterfly Effect 3: Revelations,2009,"Crime,Sci-Fi,Thriller",5.6,21745
Beast,2022,"Action,Adventure,Drama",5.6,48754
The Sitter,2011,Comedy,5.6,75050
Havoc,2025,"Action,Crime,Drama",5.6,69960
Paranoia,2013,"Drama,Thriller",5.6,40357
Brick Mansions,2014,"Action,Adventure,Crime",5.6,45826
Lift,2024,"Action,Comedy,Crime",5.6,52931
Captain America: Brave New World,2025,"Action,Adventure,Sci-Fi",5.6,184023
MacGruber,2010,"Action,Comedy",5.6,50284
Rebel Moon - Part One: A Child of Fire,2023,"Action,Adventure,Animation",5.6,141143
Argylle,2024,"Action,Comedy,Thriller",5.6,100956
Cuttputlli,2022,"Crime,Drama,Mystery",5.6,23165
Knights of Badassdom,2013,"Action,Adventure,Comedy",5.6,22585
Freelance,2023,"Action,Adventure,Comedy",5.6,29541
Disenchanted,2022,"Adventure,Animation,Comedy",5.6,29874
New Year's Eve,2011,"Comedy,Romance",5.6,92897
The Dark Tower,2017,"Action,Adventure,Drama",5.6,156168
Wanderlust,2012,"Comedy,Romance",5.6,83007
The Numbers Station,2013,"Action,Thriller",5.6,21493
Mirror Mirror,2012,"Adventure,Comedy,Drama",5.6,95197
The Twilight Saga: Breaking Dawn - Part 2,2012,"Adventure,Drama,Fantasy",5.6,283098
Diana,2013,"Biography,Drama,Romance",5.6,21498
Bad Santa 2,2016,"Comedy,Crime,Drama",5.6,31827
Tiger 3,2023,"Action,Adventure,Thriller",5.6,56614
Maggie,2015,"Drama,Horror,Sci-Fi",5.6,48925
Fire with Fire,2012,"Action,Crime,Mystery",5.6,28648
The Big Wedding,2013,"Comedy,Drama,Romance",5.6,53822
Father Figures,2017,"Comedy,Drama",5.6,23867
Machete Kills,2013,"Action,Comedy,Crime",5.6,85692
No Good Deed,2014,"Crime,Drama,Horror",5.6,24686
Song to Song,2017,"Drama,Music,Romance",5.6,24278
Sleepless,2017,"Action,Crime,Thriller",5.6,36564
Assassin's Creed,2016,"Action,Adventure,Sci-Fi",5.6,219808
Dumb and Dumber To,2014,Comedy,5.6,154079
Knight of Cups,2015,"Drama,Fantasy,Romance",5.6,31935
Transformers: Age of Extinction,2014,"Action,Adventure,Animation",5.6,350753
Pixels,2015,"Action,Adventure,Comedy",5.6,180821
The Bling Ring,2013,"Biography,Crime,Drama",5.6,96010
Candy Cane Lane,2023,"Comedy,Family,Fantasy",5.6,23585
Curse of Chucky,2013,"Horror,Thriller",5.6,47828
Wild Card,2015,"Action,Crime,Drama",5.6,64840
I'm So Excited!,2013,"Comedy,Musical",5.6,25608
Men in Black: International,2019,"Action,Adventure,Animation",5.6,161118
Clown in a Cornfield,2025,"Horror,Mystery,Thriller",5.6,26827
Runner Runner,2013,"Crime,Mystery,Thriller",5.6,67300
They Came Together,2014,"Comedy,Romance",5.6,26607
Tracers,2015,"Action,Crime,Drama",5.6,20793
47 Meters Down,2017,"Horror,Mystery,Thriller",5.6,65578
The Bride!,2026,"Drama,Horror,Romance",5.6,32556
Scoob!,2020,"Adventure,Animation,Comedy",5.6,33083
Regression,2015,"Crime,Drama,Mystery",5.6,45080
A Minecraft Movie,2025,"Action,Adventure,Comedy",5.6,161935
The House,2017,"Comedy,Crime",5.6,50588
Hold the Dark,2018,"Action,Crime,Drama",5.6,43325
Mom and Dad,2017,"Comedy,Horror,Thriller",5.6,29730
Life of the Party,2018,Comedy,5.6,42777
The Kitchen,2019,"Action,Crime,Drama",5.6,24194
A Bad Moms Christmas,2017,Comedy,5.6,62577
Jay and Silent Bob Reboot,2019,"Action,Adventure,Comedy",5.6,30666
The Intruder,2019,"Horror,Thriller",5.6,21876
Night School,2018,Comedy,5.6,49354
Batman Ninja,2018,"Action,Animation,Sci-Fi",5.6,24224
The Package,2018,"Comedy,Thriller",5.6,24284
Inheritance,2020,"Drama,Mystery,Thriller",5.6,23607
The Night Clerk,2020,"Crime,Drama,Mystery",5.6,21919
Jurassic World: Dominion,2022,"Action,Adventure,Sci-Fi",5.6,247461
The 355,2022,"Action,Drama,Thriller",5.6,43783
Gretel & Hansel,2020,"Fantasy,Horror,Mystery",5.6,39497
Wrong Turn,2021,"Drama,Horror,Mystery",5.6,42519
The Final Conflict,1981,Horror,5.5,25717
A Nightmare on Elm Street Part 2: Freddy's Revenge,1985,Horror,5.5,86414
Earth Girls Are Easy,1988,"Comedy,Musical,Romance",5.5,26133
Star Trek V: The Final Frontier,1989,"Action,Adventure,Fantasy",5.5,68128
Three Men and a Little Lady,1990,"Comedy,Drama,Family",5.5,28710
Problem Child,1990,"Comedy,Family",5.5,35564
Hellraiser III: Hell on Earth,1992,Horror,5.5,38189
The Lawnmower Man,1992,"Horror,Sci-Fi",5.5,42361
Coneheads,1993,"Comedy,Sci-Fi",5.5,62271
Beverly Hills Cop III,1994,"Action,Comedy,Crime",5.5,100696
Richie Rich,1994,"Comedy,Family",5.5,79436
Batman Forever,1995,"Action,Adventure",5.5,282892
Nine Months,1995,"Comedy,Romance",5.5,40246
Virtuosity,1995,"Action,Crime,Sci-Fi",5.5,34862
D3: The Mighty Ducks,1996,"Action,Comedy,Drama",5.5,30463
Godzilla,1998,"Action,Sci-Fi,Thriller",5.5,213582
Legionnaire,1998,"Action,Adventure,Drama",5.5,27459
Forces of Nature,1999,"Comedy,Romance",5.5,37497
Jack Frost,1998,"Comedy,Drama,Family",5.5,44685
Collateral Damage,2002,"Action,Drama,Thriller",5.5,81178
"Dude, Where's My Car?",2000,"Comedy,Mystery,Sci-Fi",5.5,153097
Stuart Little 2,2002,"Adventure,Comedy,Family",5.5,62016
Bulletproof Monk,2003,"Action,Comedy,Fantasy",5.5,52825
Surviving Christmas,2004,"Comedy,Romance",5.5,30721
Eight Legged Freaks,2002,"Action,Adventure,Comedy",5.5,61933
The Scorpion King,2002,"Action,Adventure,Fantasy",5.5,151944
Cube²: Hypercube,2002,"Horror,Mystery,Sci-Fi",5.5,71931
The Core,2003,"Action,Adventure,Sci-Fi",5.5,116244
Just Married,2003,"Comedy,Romance",5.5,77861
Like Mike,2002,"Comedy,Family,Fantasy",5.5,24562
Head of State,2003,Comedy,5.5,21064
Lara Croft: Tomb Raider - The Cradle of Life,2003,"Action,Adventure,Fantasy",5.5,151115
The Whole Ten Yards,2004,"Comedy,Crime,Thriller",5.5,60755
Man of the House,2005,"Comedy,Crime",5.5,26559
Valiant,2005,"Adventure,Animation,Comedy",5.5,25942
Babylon A.D.,2008,"Action,Adventure,Sci-Fi",5.5,101024
Whiteout,2009,"Action,Crime,Mystery",5.5,42473
White Noise,2005,"Drama,Horror,Mystery",5.5,53134
The Perfect Man,2005,"Comedy,Family,Romance",5.5,33248
House of Wax,2005,"Horror,Thriller",5.5,146106
Just My Luck,2006,"Comedy,Fantasy,Romance",5.5,66244
Rumor Has It...,2005,"Comedy,Drama,Romance",5.5,65788
Snakes on a Plane,2006,"Action,Adventure,Crime",5.5,149911
Aquamarine,2006,"Comedy,Family,Fantasy",5.5,47538
"Yours, Mine & Ours",2005,"Comedy,Family,Romance",5.5,32604
Lady in the Water,2006,"Drama,Fantasy,Mystery",5.5,108118
High-Rise,2015,"Drama,Sci-Fi",5.5,47673
Piranha 3D,2010,"Comedy,Horror",5.5,102368
American Dreamz,2006,"Comedy,Music",5.5,25630
The Omen,2006,"Drama,Fantasy,Horror",5.5,66255
All the Boys Love Mandy Lane,2006,"Horror,Mystery,Thriller",5.5,36111
Hostel: Part II,2007,Horror,5.5,102283
Friday the 13th,2009,"Horror,Mystery,Thriller",5.5,126991
Stomp the Yard,2007,"Drama,Music,Romance",5.5,24267
Aliens in the Attic,2009,"Adventure,Comedy,Family",5.5,26207
Hotel for Dogs,2009,"Comedy,Family",5.5,26564
Diary of the Dead,2007,"Fantasy,Horror,Sci-Fi",5.5,51168
The Day the Earth Stood Still,2008,"Adventure,Drama,Sci-Fi",5.5,187742
Little Fockers,2010,"Comedy,Romance",5.5,126577
Halloween Kills,2021,"Action,Drama,Horror",5.5,108527
Winchester,2018,"Biography,Horror,Mystery",5.5,39411
Killers,2010,"Action,Comedy,Romance",5.5,99877
Open Season 2,2008,"Adventure,Animation,Comedy",5.5,29373
Seventh Son,2014,"Action,Adventure,Fantasy",5.5,84894
Wish,2023,"Adventure,Animation,Comedy",5.5,50664
Beastly,2011,"Drama,Fantasy,Romance",5.5,82068
Mean Girls,2024,"Comedy,Musical",5.5,41448
My Bloody Valentine,2009,"Horror,Mystery,Thriller",5.5,65330
When in Rome,2010,"Comedy,Romance",5.5,67182
Hick,2011,"Comedy,Drama",5.5,21714
Your Highness,2011,"Action,Adventure,Comedy",5.5,107929
Serena,2014,"Drama,History,Romance",5.5,32107
The Union,2024,"Action,Comedy,Thriller",5.5,58596
Don't Be Afraid of the Dark,2010,"Fantasy,Horror,Thriller",5.5,52328
The Spy Next Door,2010,"Action,Comedy,Family",5.5,49801
Nightbitch,2024,"Comedy,Drama,Fantasy",5.5,24938
Raksha Bandhan,2022,"Comedy,Drama,Family",5.5,31739
Role Play,2024,"Action,Comedy,Romance",5.5,20765
The Hustle,2019,"Comedy,Crime",5.5,72698
The Happytime Murders,2018,"Action,Comedy,Crime",5.5,32261
Insidious: The Red Door,2023,"Horror,Mystery,Thriller",5.5,64221
The Ward,2010,"Horror,Mystery,Thriller",5.5,47479
Cop Out,2010,"Action,Comedy,Crime",5.5,92617
Through My Window,2022,"Comedy,Drama,Romance",5.5,25595
Mute,2018,"Mystery,Sci-Fi,Thriller",5.5,39663
Baywatch,2017,"Action,Comedy,Crime",5.5,219496
Saw 3D,2010,"Horror,Mystery",5.5,118948
Inside,2023,"Drama,Thriller",5.5,24516
You People,2023,"Comedy,Romance",5.5,67550
Unfrosted,2024,"Biography,Comedy,History",5.5,37073
House at the End of the Street,2012,"Drama,Horror,Mystery",5.5,84713
The Innkeepers,2011,"Drama,Horror,Mystery",5.5,39616
Stolen,2012,"Action,Crime,Thriller",5.5,47750
Casa de mi Padre,2012,"Comedy,Western",5.5,22131
The Last Days on Mars,2013,"Adventure,Horror,Sci-Fi",5.5,40798
Nikita Roy,2025,"Horror,Mystery",5.5,32978
Pompeii,2014,"Action,Adventure,Drama",5.5,122832
Hell Fest,2018,"Horror,Mystery,Thriller",5.5,21621
You're Cordially Invited,2025,"Comedy,Romance",5.5,30742
Deep Water,2022,"Crime,Drama,Mystery",5.5,72139
Arcadian,2024,"Action,Drama,Horror",5.5,28232
The Cloverfield Paradox,2018,"Horror,Sci-Fi,Thriller",5.5,121583
Resident Evil: The Final Chapter,2016,"Action,Horror,Sci-Fi",5.5,108925
Fukrey 3,2023,"Comedy,Crime,Drama",5.5,25973
Scream 7,2026,"Horror,Mystery,Thriller",5.5,58322
Blackhat,2015,"Action,Crime,Thriller",5.5,67626
In a Violent Nature,2024,"Drama,Horror,Thriller",5.5,31335
Playdate,2025,"Action,Comedy",5.5,29245
Brick,2025,"Drama,Mystery,Sci-Fi",5.5,27606
Keeper,2025,"Horror,Mystery",5.5,20340
"Game Over, Man!",2018,"Action,Comedy",5.5,35768
Annabelle,2014,"Horror,Mystery,Thriller",5.5,196693
Anaconda,2025,"Action,Adventure,Comedy",5.5,66529
The Trust,2016,"Action,Crime,Drama",5.5,22065
Marauders,2016,"Action,Adventure,Crime",5.5,24885
Replicas,2018,"Action,Drama,Sci-Fi",5.5,45365
In the Tall Grass,2019,"Horror,Mystery,Sci-Fi",5.5,73960
Senior Year,2022,"Comedy,Drama",5.5,48355
Hypnotic,2023,"Action,Drama,Mystery",5.5,47352
Willy's Wonderland,2021,"Action,Comedy,Horror",5.5,44424
Ava,2020,"Action,Crime,Drama",5.5,68373
Kraven the Hunter,2024,"Action,Adventure,Thriller",5.5,83249
Peninsula,2020,"Action,Drama,Horror",5.5,43872
Samrat Prithviraj,2022,"Action,Drama,History",5.5,53969
Spiderhead,2022,"Action,Crime,Drama",5.5,73565
Battle for the Planet of the Apes,1973,"Action,Sci-Fi",5.4,37960
Caligula,1979,"Drama,History",5.4,41897
Popeye,1980,"Adventure,Comedy,Family",5.4,37739
Maximum Overdrive,1986,"Action,Comedy,Horror",5.4,40056
Police Academy 3: Back in Training,1986,Comedy,5.4,52078
Masters of the Universe,1987,"Action,Adventure,Fantasy",5.4,50436
My Stepmother Is an Alien,1988,"Comedy,Sci-Fi",5.4,29403
The Karate Kid Part III,1989,"Action,Drama,Family",5.4,77835
Rocky V,1990,"Drama,Sport",5.4,162012
3 Ninjas,1992,"Action,Comedy,Family",5.4,25112
Poison Ivy,1992,"Drama,Thriller",5.4,21574
Sleepwalkers,1992,"Fantasy,Horror",5.4,27420
Tank Girl,1995,"Action,Comedy,Sci-Fi",5.4,37847
The Glimmer Man,1996,"Action,Comedy,Crime",5.4,22483
Air Bud,1997,"Comedy,Drama,Family",5.4,21479
Doctor Dolittle,1998,"Comedy,Family,Fantasy",5.4,106829
Phantoms,1998,"Horror,Sci-Fi,Thriller",5.4,24568
Teaching Mrs. Tingle,1999,"Comedy,Thriller",5.4,22642
The Astronaut's Wife,1999,"Drama,Sci-Fi,Thriller",5.4,59104
Random Hearts,1999,"Drama,Mystery,Romance",5.4,25366
In the Cut,2003,"Mystery,Thriller",5.4,27880
The Wedding Planner,2001,"Comedy,Romance",5.4,93252
Loser,2000,"Comedy,Romance",5.4,30880
Down to Earth,2001,"Comedy,Fantasy",5.4,24543
Killing Me Softly,2002,"Drama,Mystery,Romance",5.4,20860
Maid in Manhattan,2002,"Comedy,Drama,Romance",5.4,102638
Scooby-Doo,2002,"Adventure,Comedy,Family",5.4,141616
Darkness,2002,Horror,5.4,21061
Havoc,2005,"Crime,Drama",5.4,22044
The Tuxedo,2002,"Action,Comedy,Sci-Fi",5.4,93910
I Spy,2002,"Action,Adventure,Comedy",5.4,55562
Home on the Range,2004,"Adventure,Animation,Comedy",5.4,29767
Honey,2003,"Drama,Music,Romance",5.4,49211
The Stepford Wives,2004,"Comedy,Horror,Sci-Fi",5.4,72595
Hollywood Homicide,2003,"Action,Comedy,Crime",5.4,41528
Scooby-Doo 2: Monsters Unleashed,2004,"Adventure,Comedy,Family",5.4,73342
The Ring Two,2005,"Horror,Mystery",5.4,106016
Æon Flux,2005,"Action,Adventure,Sci-Fi",5.4,137303
The Eye,2008,"Horror,Mystery",5.4,59084
Evan Almighty,2007,"Comedy,Family,Fantasy",5.4,163365
Balls of Fury,2007,"Comedy,Crime,Sport",5.4,46940
The Messengers,2007,"Drama,Horror,Mystery",5.4,42799
Pathfinder,2007,"Action,Adventure,Drama",5.4,47736
Turistas,2006,"Horror,Mystery,Thriller",5.4,42440
Land of the Lost,2009,"Action,Adventure,Comedy",5.4,80188
The Last Legion,2007,"Action,Adventure,History",5.4,38361
The Smurfs,2011,"Adventure,Animation,Comedy",5.4,104870
Season of the Witch,2011,"Action,Adventure,Fantasy",5.4,102940
Teeth,2007,"Comedy,Fantasy,Horror",5.4,49649
The Witches,2020,"Adventure,Family,Fantasy",5.4,51921
Dangerous Lies,2020,"Crime,Mystery,Thriller",5.4,20134
Krrish 3,2013,"Action,Adventure,Sci-Fi",5.4,28833
The Forever Purge,2021,"Action,Crime,Drama",5.4,48956
"I Love You, Beth Cooper",2009,"Adventure,Comedy,Family",5.4,39489
Bliss,2021,"Drama,Romance,Sci-Fi",5.4,21871
Outside the Wire,2021,"Action,Adventure,Animation",5.4,48914
The Marvels,2023,"Action,Adventure,Animation",5.4,165126
Twilight,2008,"Drama,Fantasy,Romance",5.4,528459
The Out-Laws,2023,"Action,Comedy,Crime",5.4,41924
65,2023,"Action,Adventure,Sci-Fi",5.4,107201
Aloha,2015,"Comedy,Drama,Romance",5.4,78139
The Man with the Iron Fists,2012,Action,5.4,65700
Mars Needs Moms,2011,"Adventure,Animation,Family",5.4,25459
No One Gets Out Alive,2021,"Drama,Horror,Mystery",5.4,24962
How Do You Know,2010,"Comedy,Drama,Romance",5.4,57676
Hop,2011,"Adventure,Animation,Comedy",5.4,41205
Stone,2010,"Drama,Mystery,Thriller",5.4,44088
Guntur Kaaram,2024,"Action,Drama",5.4,25322
Killing Season,2013,"Action,Drama,Thriller",5.4,40177
Red Riding Hood,2011,"Fantasy,Horror,Mystery",5.4,119690
Drive Angry,2011,"Action,Comedy,Crime",5.4,106911
Intruders,2011,"Fantasy,Horror,Thriller",5.4,21920
Blonde,2022,"Biography,Drama,History",5.4,78738
Vampire Academy,2014,"Action,Comedy,Drama",5.4,58654
Barely Lethal,2015,"Action,Comedy",5.4,24572
Annie,2014,"Comedy,Drama,Family",5.4,43629
Dhoom 3,2013,"Action,Crime,Thriller",5.4,53614
Drive-Away Dolls,2024,"Action,Comedy,Thriller",5.4,28790
Geostorm,2017,"Action,Animation,Sci-Fi",5.4,133314
Big Game,2014,"Action,Adventure,Comedy",5.4,37211
Grown Ups 2,2013,Comedy,5.4,191980
The Counselor,2013,"Action,Adventure,Crime",5.4,110155
Jessabelle,2014,"Drama,Horror,Mystery",5.4,27301
The Mummy,2017,"Action,Adventure,Fantasy",5.4,222890
Unfinished Business,2015,"Comedy,Drama",5.4,37845
Dear Santa,2024,"Comedy,Fantasy",5.4,22266
The Green Inferno,2013,"Adventure,Horror",5.4,55057
Subservience,2024,"Sci-Fi,Thriller",5.4,36817
The Boss,2016,Comedy,5.4,51011
The Great Flood,2025,"Action,Adventure,Drama",5.4,24422
Mountainhead,2025,"Comedy,Drama",5.4,21744
The Monster,2016,"Drama,Fantasy,Horror",5.4,20951
The Circle,2017,"Drama,Mystery,Sci-Fi",5.4,105578
Robin Hood,2018,"Action,Adventure,Drama",5.4,86817
Five Nights at Freddy's,2023,"Horror,Mystery,Thriller",5.4,140224
The Nun,2018,"Horror,Mystery,Thriller",5.4,196574
Naked,2017,"Comedy,Fantasy,Romance",5.4,23528
Hidden Strike,2023,"Action,Adventure,Comedy",5.4,22214
Retribution,2023,"Action,Mystery,Thriller",5.4,28549
The Silence,2019,"Drama,Horror,Sci-Fi",5.4,56177
What Men Want,2019,"Comedy,Fantasy,Romance",5.4,34794
You Should Have Left,2020,"Horror,Mystery,Thriller",5.4,31551
The Dead Don't Die,2019,"Action,Comedy,Crime",5.4,102599
Can You Keep a Secret?,2019,"Comedy,Romance",5.4,23146
Chhapaak,2020,"Biography,Drama",5.4,28165
Prom Night,1980,"Horror,Mystery,Thriller",5.3,24027
Blank Check,1994,"Comedy,Crime,Family",5.3,24018
My Girl 2,1994,"Comedy,Drama,Family",5.3,22224
Congo,1995,"Action,Adventure,Mystery",5.3,52703
Mighty Morphin Power Rangers: The Movie,1995,"Action,Adventure,Family",5.3,32070
Spy Hard,1996,"Action,Comedy",5.3,43066
Flubber,1997,"Comedy,Family,Sci-Fi",5.3,100508
Lost in Space,1998,"Action,Adventure,Sci-Fi",5.3,77822
D-Tox,2002,"Crime,Thriller",5.3,31124
Superstar,1999,"Comedy,Romance",5.3,21616
Little Nicky,2000,"Comedy,Fantasy",5.3,119748
The Watcher,2000,"Crime,Drama,Mystery",5.3,29639
Big Momma's House,2000,"Action,Comedy,Crime",5.3,96260
Queen of the Damned,2002,"Drama,Fantasy,Horror",5.3,64438
Tomcats,2001,Comedy,5.3,20702
Eight Crazy Nights,2002,"Animation,Comedy,Musical",5.3,28454
Spy Kids 2: Island of Lost Dreams,2002,"Action,Adventure,Comedy",5.3,77887
Daredevil,2003,"Action,Crime,Drama",5.3,240309
Twisted,2004,"Crime,Drama,Mystery",5.3,25670
Malibu's Most Wanted,2003,"Comedy,Crime",5.3,22218
Southland Tales,2006,"Comedy,Drama,Mystery",5.3,42294
Max Payne,2008,"Action,Crime,Drama",5.3,134311
License to Wed,2007,"Comedy,Romance",5.3,42558
Over Her Dead Body,2008,"Comedy,Fantasy,Romance",5.3,26328
Bangkok Dangerous,2008,"Action,Crime,Thriller",5.3,59679
Alvin and the Chipmunks,2007,"Adventure,Animation,Comedy",5.3,105948
Old Dogs,2009,"Comedy,Family",5.3,40896
Legion,2010,"Action,Fantasy,Horror",5.3,120329
Hubie Halloween,2020,"Comedy,Horror,Mystery",5.3,68628
Things Heard & Seen,2021,"Drama,Horror,Mystery",5.3,41049
Paul Blart: Mall Cop,2009,"Action,Comedy,Crime",5.3,125580
The Colony,2013,"Action,Horror,Sci-Fi",5.3,49473
The Back-up Plan,2010,"Comedy,Romance",5.3,54920
Red Dawn,2012,"Action,Adventure,Drama",5.3,84037
Hypnotic,2021,"Horror,Mystery,Thriller",5.3,22463
The Strangers: Prey at Night,2018,Horror,5.3,40475
The Invitation,2022,"Horror,Thriller",5.3,40720
Universal Soldier: Regeneration,2009,"Action,Adventure,Sci-Fi",5.3,27403
The Resident,2011,"Crime,Drama,Horror",5.3,30664
Tom & Jerry,2021,"Adventure,Animation,Comedy",5.3,43394
Bird Box: Barcelona,2023,"Horror,Mystery,Sci-Fi",5.3,29342
Falling for Christmas,2022,"Comedy,Romance",5.3,33936
The Dilemma,2011,"Comedy,Drama",5.3,58955
Silent Night,2023,"Action,Crime,Drama",5.3,28316
One for the Money,2012,"Action,Comedy,Crime",5.3,45452
Jupiter Ascending,2015,"Action,Adventure,Animation",5.3,201862
[REC] 4: Apocalypse,2014,"Action,Adventure,Fantasy",5.3,22689
Trespass,2011,"Crime,Drama,Mystery",5.3,47705
Beyond Skyline,2017,"Action,Adventure,Horror",5.3,25062
Passion,2012,"Drama,Mystery,Thriller",5.3,25417
Resident Evil: Retribution,2012,"Action,Horror,Sci-Fi",5.3,159303
Bachelorette,2012,"Comedy,Romance",5.3,50385
The Smurfs 2,2013,"Adventure,Animation,Comedy",5.3,50836
Another Simple Favor,2025,"Comedy,Crime,Mystery",5.3,31979
Emilia Pérez,2024,"Crime,Drama,Musical",5.3,128515
Point Break,2015,"Action,Adventure,Crime",5.3,69345
Spring Breakers,2012,"Crime,Drama,Thriller",5.3,154960
Student of the Year,2012,"Comedy,Drama,Music",5.3,22347
Irish Wish,2024,"Comedy,Fantasy,Romance",5.3,23418
Hellboy,2019,"Action,Adventure,Animation",5.3,107691
Rebel Moon - Part Two: The Scargiver,2024,"Action,Adventure,Animation",5.3,64131
Sinister 2,2015,"Horror,Mystery,Thriller",5.3,67549
Scary Movie,2026,"Comedy,Horror",5.3,24708
Cult of Chucky,2017,"Horror,Thriller",5.3,34280
The Other Side of the Door,2016,"Horror,Thriller",5.3,20595
By the Sea,2015,"Drama,Romance",5.3,23738
SAS: Rise of the Black Swan,2021,"Action,Adventure,Drama",5.3,23449
Rough Night,2017,Comedy,5.3,59028
The Curse of La Llorona,2019,"Horror,Mystery,Thriller",5.3,66226
Fullmetal Alchemist,2017,"Action,Adventure,Fantasy",5.3,21652
Sandy Wexler,2017,"Comedy,Drama,Music",5.3,20623
Truth or Dare,2018,"Horror,Mystery,Thriller",5.3,74415
The 15:17 to Paris,2018,"Biography,Drama,Thriller",5.3,37773
Coming 2 America,2021,"Comedy,Music",5.3,81436
Wonder Woman 1984,2020,"Action,Adventure,Fantasy",5.3,311889
Torbaaz,2020,"Drama,Thriller",5.3,20784
Rim of the World,2019,"Action,Adventure,Comedy",5.3,27511
Halloween III: Season of the Witch,1982,"Horror,Mystery,Sci-Fi",5.2,67926
Friday the 13th: The New Blood,1988,"Horror,Thriller",5.2,47740
The Fly II,1989,"Drama,Horror,Sci-Fi",5.2,26430
Nothing But Trouble,1991,"Adventure,Comedy",5.2,30327
Return to the Blue Lagoon,1991,"Adventure,Drama,Romance",5.2,23350
Child's Play 3,1991,"Horror,Thriller",5.2,51434
Color of Night,1994,"Drama,Mystery,Romance",5.2,27565
Showgirls,1995,Drama,5.2,82313
Fire Down Below,1997,"Action,Drama,Thriller",5.2,20324
Jungle 2 Jungle,1997,"Comedy,Family",5.2,27738
Spawn,1997,"Action,Crime,Drama",5.2,76706
Get Carter,2000,"Action,Crime,Drama",5.2,39229
Cats & Dogs,2001,"Action,Adventure,Comedy",5.2,65802
Snow Dogs,2002,"Adventure,Comedy,Family",5.2,30081
The Medallion,2003,"Action,Comedy,Fantasy",5.2,46317
Agent Cody Banks,2003,"Action,Adventure,Comedy",5.2,39455
The Haunted Mansion,2003,"Comedy,Family,Fantasy",5.2,60144
First Daughter,2004,"Comedy,Drama,Romance",5.2,31629
The Dukes of Hazzard,2005,"Action,Adventure,Comedy",5.2,85041
The Three Stooges,2012,"Comedy,Family",5.2,34769
Miss Congeniality 2: Armed and Fabulous,2005,"Action,Comedy,Crime",5.2,85222
The Cave,2005,"Adventure,Horror,Sci-Fi",5.2,43944
The Wild,2006,"Adventure,Animation,Comedy",5.2,29710
Doom,2005,"Action,Horror,Sci-Fi",5.2,124338
Mr. Woodcock,2007,"Comedy,Romance,Sport",5.2,38009
"10,000 BC",2008,"Action,Adventure,Drama",5.2,139651
Asterix at the Olympic Games,2008,"Adventure,Comedy,Family",5.2,35119
My Super Ex-Girlfriend,2006,"Comedy,Romance,Sci-Fi",5.2,69582
Open Water 2: Adrift,2006,"Adventure,Drama,Horror",5.2,21283
The Covenant,2006,"Adventure,Fantasy,Horror",5.2,55100
Shutter,2008,"Horror,Mystery,Thriller",5.2,40031
Strange Wilderness,2008,"Adventure,Comedy",5.2,23803
Mutant Chronicles,2008,"Action,Adventure,Mystery",5.2,27775
Conan the Barbarian,2011,"Action,Adventure,Fantasy",5.2,106076
The Mummy: Tomb of the Dragon Emperor,2008,"Action,Adventure,Fantasy",5.2,180846
Flight Risk,2025,"Action,Crime,Drama",5.2,44914
Spiral,2021,"Crime,Drama,Horror",5.2,77710
Beast,2022,"Action,Comedy,Crime",5.2,39405
Joker: Folie à Deux,2024,"Drama,Musical,Thriller",5.2,184633
A Nightmare on Elm Street,2010,"Crime,Drama,Horror",5.2,115267
Zookeeper,2011,"Comedy,Family,Fantasy",5.2,69976
Sorority Row,2009,"Horror,Mystery",5.2,34218
xXx: Return of Xander Cage,2017,"Action,Adventure,Thriller",5.2,101971
Under Paris,2024,"Action,Horror,Sci-Fi",5.2,39986
Bait,2012,"Action,Fantasy,Horror",5.2,21173
Greenland 2: Migration,2026,"Action,Adventure,Sci-Fi",5.2,40241
A Good Day to Die Hard,2013,"Action,Thriller",5.2,223522
Magic Mike's Last Dance,2023,"Comedy,Drama",5.2,20068
Independence Day: Resurgence,2016,"Action,Adventure,Animation",5.2,200017
Quarantine 2: Terminal,2011,"Horror,Sci-Fi,Thriller",5.2,22315
Alex Cross,2012,"Action,Crime,Mystery",5.2,36817
The Lords of Salem,2012,"Horror,Thriller",5.2,34339
The Snowman,2017,"Crime,Drama,Horror",5.2,77412
Silent House,2011,"Horror,Thriller",5.2,25778
Apollo 18,2011,"Horror,Mystery,Sci-Fi",5.2,60359
Flatliners,2017,"Drama,Horror,Mystery",5.2,54386
Empire State,2013,"Crime,Thriller",5.2,24000
The 5th Wave,2016,"Action,Adventure,Sci-Fi",5.2,126566
War 2,2025,"Action,Adventure,Thriller",5.2,34011
The Transporter Refueled,2015,"Action,Thriller",5.2,47613
Bhooth Bangla,2026,"Comedy,Horror",5.2,21602
Hangman,2017,"Crime,Drama,Horror",5.2,21348
Sunny Sanskari Ki Tulsi Kumari,2025,"Family,Romance",5.2,25478
O' Romeo,2026,"Action,Crime,Drama",5.2,23796
Transformers: The Last Knight,2017,"Action,Adventure,Comedy",5.2,186993
Pay the Ghost,2015,"Horror,Mystery",5.2,20197
The Bad Batch,2016,"Action,Horror,Mystery",5.2,37968
The Hurricane Heist,2018,"Action,Adventure,Crime",5.2,23745
The Possession of Hannah Grace,2018,"Horror,Mystery,Thriller",5.2,29531
Moonfall,2022,"Action,Adventure,Animation",5.2,113288
The Super,2017,"Horror,Mystery,Thriller",5.2,21809
The First Purge,2018,"Action,Horror,Sci-Fi",5.2,78510
Zero,2018,"Comedy,Drama,Romance",5.2,33162
Resident Evil: Welcome to Raccoon City,2021,"Action,Horror,Sci-Fi",5.2,72445
Miller's Girl,2024,"Comedy,Drama,Thriller",5.2,27667
Radhe Shyam,2022,Romance,5.2,33485
Tall Girl,2019,"Comedy,Drama,Family",5.2,29998
Red Sonja,1985,"Action,Adventure,Fantasy",5.1,48370
Cyborg,1989,"Action,Sci-Fi,Thriller",5.1,37152
A Nightmare on Elm Street: The Dream Child,1989,"Fantasy,Horror",5.1,56114
The NeverEnding Story II: The Next Chapter,1990,"Adventure,Drama,Family",5.1,29083
Toys,1992,"Adventure,Comedy,Drama",5.1,35328
The Beverly Hillbillies,1993,"Comedy,Family",5.1,21235
Sliver,1993,"Drama,Thriller",5.1,37658
The Flintstones,1994,"Comedy,Family,Fantasy",5.1,92391
Free Willy 2: The Adventure Home,1995,"Adventure,Drama,Family",5.1,20755
Hellraiser: Bloodline,1996,"Horror,Sci-Fi",5.1,26961
The Phantom,1996,"Action,Adventure,Comedy",5.1,37753
An American Werewolf in Paris,1997,"Comedy,Fantasy,Horror",5.1,29063
Virus,1999,"Action,Horror,Sci-Fi",5.1,32022
The Haunting,1999,"Fantasy,Horror,Mystery",5.1,84854
Exorcist: The Beginning,2004,"Horror,Mystery,Thriller",5.1,41397
Swimfan,2002,"Drama,Thriller",5.1,22220
Cold Creek Manor,2003,"Drama,Mystery,Thriller",5.1,26312
Garfield: The Movie,2004,"Adventure,Comedy,Family",5.1,101094
Scary Movie 4,2006,Comedy,5.1,141647
Stealth,2005,"Action,Adventure,Sci-Fi",5.1,58592
The Women,2008,"Comedy,Drama",5.1,24405
The Grudge 2,2006,"Horror,Thriller",5.1,53690
G-Force,2009,"Action,Adventure,Animation",5.1,53586
See No Evil,2006,"Action,Horror,Thriller",5.1,30868
Stay Alive,2006,"Fantasy,Horror,Mystery",5.1,35777
Eragon,2006,"Action,Adventure,Family",5.1,134852
When a Stranger Calls,2006,"Horror,Thriller",5.1,51948
Stormbreaker,2006,"Action,Adventure,Family",5.1,26522
Meet Dave,2008,"Adventure,Comedy,Family",5.1,46306
Deck the Halls,2006,"Comedy,Family",5.1,39141
The Hills Have Eyes 2,2007,"Horror,Thriller",5.1,71462
Tooth Fairy,2010,"Comedy,Family,Fantasy",5.1,53484
High School Musical 3: Senior Year,2008,"Comedy,Drama,Family",5.1,72779
Vampire Killers,2009,"Action,Comedy,Fantasy",5.1,21755
After We Collided,2020,"Drama,Romance",5.1,44517
The Final Destination,2009,"Horror,Thriller",5.1,141961
Jai Ho,2014,"Action,Drama",5.1,22769
Obsessed,2009,"Drama,Romance,Thriller",5.1,36169
The Twilight Saga: Eclipse,2010,"Action,Adventure,Drama",5.1,282677
MobKing,2023,"Drama,Thriller",5.1,24771
"I, Frankenstein",2014,"Action,Fantasy,Sci-Fi",5.1,86417
Game Changer,2025,"Action,Drama,Thriller",5.1,29012
Me Time,2022,Comedy,5.1,45755
Time Cut,2024,"Horror,Mystery,Sci-Fi",5.1,22993
The Old Guard 2,2025,"Action,Adventure,Fantasy",5.1,46997
Gadar 2,2023,"Action,Adventure,Drama",5.1,25527
Abduction,2011,"Action,Drama,Mystery",5.1,86205
Universal Soldier: Day of Reckoning,2012,"Action,Horror,Mystery",5.1,22365
Everly,2014,"Action,Thriller",5.1,20478
Sex Tape,2014,"Comedy,Romance",5.1,123370
Chernobyl Diaries,2012,"Horror,Mystery,Thriller",5.1,70794
Grave Encounters 2,2012,"Horror,Mystery",5.1,30337
The Quiet Ones,2014,"Horror,Mystery,Thriller",5.1,22149
A Haunted House,2013,"Comedy,Fantasy,Horror",5.1,55175
G20,2025,"Action,Thriller",5.1,26419
Paranormal Activity: The Marked Ones,2014,"Horror,Mystery",5.1,48229
Fear Street: Prom Queen,2025,"Horror,Mystery,Thriller",5.1,26439
31,2016,"Horror,Thriller",5.1,24862
I Know What You Did Last Summer,2025,"Horror,Mystery",5.1,49156
The Deliverance,2024,"Drama,Horror,Mystery",5.1,25500
Dilwale,2015,"Action,Comedy,Drama",5.1,42105
Morbius,2022,"Action,Adventure,Horror",5.1,172236
How It Ends,2018,"Action,Drama,Horror",5.1,63689
Jab Harry Met Sejal,2017,"Comedy,Drama,Romance",5.1,24308
Saaho,2019,"Action,Thriller",5.1,26898
The Unholy,2021,"Drama,Horror,Mystery",5.1,31175
Casino Royale,1967,Comedy,5.0,35001
Superman III,1983,"Action,Adventure,Comedy",5.0,80405
Police Academy 4: Citizens on Patrol,1987,"Comedy,Crime",5.0,48736
Leatherface: Texas Chainsaw Massacre III,1990,"Horror,Thriller",5.0,21918
Problem Child 2,1991,"Comedy,Family",5.0,25219
Pet Sematary II,1992,"Fantasy,Horror,Thriller",5.0,25349
Beethoven's 2nd,1993,"Comedy,Family,Romance",5.0,31551
Anaconda,1997,"Action,Adventure,Horror",5.0,125860
Holy Man,1998,"Comedy,Drama",5.0,21860
Valentine,2001,"Horror,Mystery,Thriller",5.0,31979
Black Knight,2001,"Adventure,Comedy,Fantasy",5.0,46252
Darkness Falls,2003,"Fantasy,Horror,Mystery",5.0,35480
Charlie's Angels: Full Throttle,2003,"Action,Adventure,Comedy",5.0,138049
Fahrenheit 451,2018,"Drama,Sci-Fi,Thriller",5.0,26267
New York Minute,2004,"Adventure,Comedy,Crime",5.0,26552
Herbie: Fully Loaded,2005,"Adventure,Comedy,Family",5.0,54512
An American Haunting,2005,"Drama,Horror,Mystery",5.0,27921
Garfield: A Tail of Two Kitties,2006,"Adventure,Comedy,Family",5.0,51099
The Happening,2008,"Adventure,Drama,Sci-Fi",5.0,227146
Year One,2009,Comedy,5.0,108976
Halloween Ends,2022,"Horror,Mystery,Romance",5.0,83185
Bachchhan Paandey,2022,"Action,Comedy,Crime",5.0,37332
Miss March,2009,"Comedy,Romance",5.0,23058
Recep Ivedik,2008,Comedy,5.0,31539
Mother/Android,2021,"Drama,Sci-Fi,Thriller",5.0,22932
The Twilight Saga: Breaking Dawn - Part 1,2011,"Adventure,Drama,Fantasy",5.0,274121
Blair Witch,2016,"Horror,Mystery,Thriller",5.0,53675
Ra.One,2011,"Action,Sci-Fi,Thriller",5.0,52139
[REC] 3: Genesis,2012,"Action,Adventure,Fantasy",5.0,41411
Ready,2011,"Action,Comedy,Romance",5.0,22295
I Don't Know How She Does It,2011,"Comedy,Family,Romance",5.0,21795
So Undercover,2012,"Action,Adventure,Comedy",5.0,22217
Him,2025,"Horror,Sport,Thriller",5.0,25212
Rage,2014,"Action,Thriller",5.0,26435
Leatherface,2017,"Crime,Drama,Horror",5.0,31405
Hot Tub Time Machine 2,2015,"Comedy,Mystery,Sci-Fi",5.0,45285
Alvin and the Chipmunks: The Road Chip,2015,"Adventure,Comedy,Family",5.0,26060
The Woman in the Yard,2025,"Drama,Horror,Thriller",5.0,21582
Param Sundari,2025,Romance,5.0,53702
Charlie's Angels,2019,"Action,Adventure,Comedy",5.0,85178
47 Meters Down: Uncaged,2019,"Adventure,Drama,Horror",5.0,33909
Meg 2: The Trench,2023,"Action,Adventure,Animation",5.0,102980
Halloween 5: The Revenge of Michael Myers,1989,"Horror,Thriller",4.9,52147
Cool World,1992,"Animation,Comedy,Fantasy",4.9,26988
"Honey, I Blew Up the Kid",1992,"Adventure,Comedy,Family",4.9,49553
Blues Brothers 2000,1998,"Action,Comedy,Crime",4.9,36247
Wild Wild West,1999,"Action,Comedy,Sci-Fi",4.9,173693
Supernova,2000,"Horror,Sci-Fi,Thriller",4.9,21055
102 Dalmatians,2000,"Adventure,Comedy,Family",4.9,41985
Dracula 2000,2000,"Action,Fantasy,Horror",4.9,38831
Ghosts of Mars,2001,"Action,Horror,Sci-Fi",4.9,61993
Crocodile Dundee in Los Angeles,2001,"Adventure,Comedy,Crime",4.9,27560
Boat Trip,2002,Comedy,4.9,33510
Bewitched,2005,"Comedy,Fantasy,Romance",4.9,78623
Seed of Chucky,2004,"Comedy,Horror,Thriller",4.9,53310
The Santa Clause 3: The Escape Clause,2006,"Adventure,Comedy,Family",4.9,46752
Silent Hill: Revelation,2012,"Drama,Horror,Mystery",4.9,71911
Fantasy Island,2020,"Fantasy,Horror,Mystery",4.9,63982
Poltergeist,2015,"Fantasy,Horror,Thriller",4.9,64655
Awake,2021,"Action,Adventure,Drama",4.9,29075
The Darkest Hour,2011,"Action,Adventure,Horror",4.9,66302
A Serbian Film,2010,"Horror,Mystery,Thriller",4.9,80653
Did You Hear About the Morgans?,2009,"Comedy,Drama,Romance",4.9,45037
Gulliver's Travels,2010,"Adventure,Comedy,Family",4.9,78129
The Cold Light of Day,2012,"Action,Adventure,Thriller",4.9,41332
Dobaaraa,2022,"Drama,Fantasy,Mystery",4.9,21525
Blacklight,2022,"Action,Drama,Thriller",4.9,28918
Tammy,2014,"Comedy,Romance",4.9,57048
The Ridiculous 6,2015,"Action,Adventure,Comedy",4.9,58846
The Platform 2,2024,"Horror,Sci-Fi,Thriller",4.9,47554
There's Someone Inside Your House,2021,"Horror,Mystery,Thriller",4.9,22749
Friday the 13th: A New Beginning,1985,"Horror,Mystery,Thriller",4.8,49684
Howard the Duck,1986,"Action,Adventure,Comedy",4.8,54758
Leprechaun,1992,"Comedy,Fantasy,Horror",4.8,33872
Teenage Mutant Ninja Turtles III,1993,"Action,Adventure,Comedy",4.8,38822
Junior,1994,"Comedy,Romance,Sci-Fi",4.8,78126
Double Team,1997,"Action,Comedy,Sci-Fi",4.8,38866
I Still Know What You Did Last Summer,1998,"Horror,Mystery,Thriller",4.8,88638
Monkeybone,2001,"Comedy,Fantasy",4.8,20323
Dr. Dolittle 2,2001,"Comedy,Family,Fantasy",4.8,48762
Envy,2004,Comedy,4.8,33524
"Legally Blonde 2: Red, White & Blonde",2003,Comedy,4.8,79395
Godsend,2004,"Action,Drama,Fantasy",4.8,27264
Confessions of a Teenage Drama Queen,2004,"Comedy,Family,Music",4.8,33748
Anacondas: The Hunt for the Blood Orchid,2004,"Action,Adventure,Horror",4.8,37750
Are We There Yet?,2005,"Adventure,Comedy,Family",4.8,37174
DOA: Dead or Alive,2006,"Action,Adventure,Mystery",4.8,47960
Tekken,2010,"Action,Crime,Drama",4.8,29804
The Marine,2006,"Action,Comedy,Drama",4.8,37486
Big Momma's House 2,2006,"Comedy,Crime",4.8,49487
Superhero Movie,2008,"Action,Comedy,Sci-Fi",4.8,84773
Underdog,2007,"Action,Adventure,Comedy",4.8,23370
Van Wilder: The Rise of Taj,2006,"Comedy,Romance",4.8,24752
The Spirit,2008,"Action,Crime,Fantasy",4.8,64337
My Soul to Take,2010,"Horror,Mystery,Thriller",4.8,22624
Hannah Montana: The Movie,2009,"Comedy,Drama,Family",4.8,49301
Survival of the Dead,2009,"Comedy,Drama,Horror",4.8,23543
Choose or Die,2022,"Drama,Horror,Thriller",4.8,29120
The Twilight Saga: New Moon,2009,"Adventure,Drama,Fantasy",4.8,323291
The Roommate,2011,"Drama,Horror,Thriller",4.8,44160
The Kissing Booth 3,2021,"Comedy,Romance",4.8,27246
The Exorcist: Believer,2023,Horror,4.8,50791
After We Fell,2021,"Drama,Romance",4.8,25049
Halloween II,2009,Horror,4.8,64237
Tarot,2024,Horror,4.8,39822
Texas Chainsaw,2013,"Crime,Drama,Horror",4.8,60792
Bodyguard,2011,"Action,Comedy,Drama",4.8,30794
After Earth,2013,"Action,Adventure,Animation",4.8,216968
Fearless 2,2012,"Action,Comedy,Crime",4.8,21922
The Woman in Black 2: Angel of Death,2014,"Drama,Horror,Thriller",4.8,30510
Imaginary,2024,"Horror,Mystery,Thriller",4.8,20133
Zombeavers,2014,"Comedy,Horror",4.8,23020
IO,2019,"Adventure,Drama,Sci-Fi",4.8,38063
The Expendables 4,2023,"Action,Adventure,Thriller",4.8,56342
The Forest,2016,"Horror,Mystery,Thriller",4.8,47893
Meet the Blacks,2016,"Comedy,Horror",4.8,38636
The Titan,2018,"Drama,Mystery,Romance",4.8,35314
Poltergeist III,1988,"Horror,Thriller",4.7,22498
Look Who's Talking Too,1990,"Comedy,Family,Romance",4.7,51183
Freddy's Dead: The Final Nightmare,1991,"Fantasy,Horror",4.7,55915
Halloween: The Curse of Michael Myers,1995,"Horror,Thriller",4.7,46775
Vampire in Brooklyn,1995,"Comedy,Fantasy,Horror",4.7,26937
Freddy Got Fingered,2001,Comedy,4.7,54285
My Boss's Daughter,2003,"Comedy,Romance",4.7,31720
Elektra,2005,"Action,Adventure,Crime",4.7,105429
Deuce Bigalow: European Gigolo,2005,Comedy,4.7,56376
9 Songs,2004,"Drama,Music,Romance",4.7,25564
Black Christmas,2006,Horror,4.7,33163
Pulse,2006,"Horror,Sci-Fi,Thriller",4.7,32308
Megalopolis,2024,"Drama,Fantasy,Sci-Fi",4.7,42411
Jonah Hex,2010,"Action,Drama,Fantasy",4.7,64890
The Unborn,2009,"Horror,Mystery,Thriller",4.7,54848
Texas Chainsaw Massacre,2022,"Crime,Drama,Horror",4.7,70647
Uglies,2024,"Action,Adventure,Animation",4.7,37398
The Crow,2024,"Action,Crime,Fantasy",4.7,41920
The Bubble,2022,Comedy,4.7,30542
Interceptor,2022,"Action,Adventure,Drama",4.7,29843
ATM,2012,"Horror,Mystery,Thriller",4.7,26815
Zoolander 2,2016,"Action,Adventure,Comedy",4.7,81915
In the Land of Blood and Honey,2011,"Drama,Romance,War",4.7,34969
The ABCs of Death,2012,"Action,Comedy,Fantasy",4.7,21366
Paranormal Activity 4,2012,"Horror,Mystery",4.7,74217
Skinamarink,2022,"Horror,Mystery",4.7,21279
The Strangers: Chapter 1,2024,Horror,4.7,30008
Snatched,2017,"Action,Adventure,Comedy",4.7,39373
Bad Newz,2024,"Comedy,Romance",4.7,27636
Y2K,2024,"Comedy,Horror,Sci-Fi",4.7,20849
The Pyramid,2014,"Adventure,Horror,Mystery",4.7,29115
The Boy Next Door,2015,Thriller,4.7,48412
Bharat,2019,"Action,Comedy,Drama",4.7,33614
Shamshera,2022,"Action,Adventure,Drama",4.7,57754
Brahms: The Boy II,2020,"Drama,Horror,Mystery",4.7,22677
Grease 2,1982,"Comedy,Music,Musical",4.6,41429
Police Academy 5: Assignment: Miami Beach,1988,"Comedy,Crime",4.6,39649
The Next Karate Kid,1994,"Action,Drama,Family",4.6,38256
On Deadly Ground,1994,"Action,Adventure,Thriller",4.6,27005
The Crow: City of Angels,1996,"Action,Crime,Fantasy",4.6,23443
The Island of Dr. Moreau,1996,"Horror,Sci-Fi,Thriller",4.6,38054
Striptease,1996,"Comedy,Crime,Drama",4.6,51688
Home Alone 3,1997,"Action,Comedy,Crime",4.6,138593
Driven,2001,"Action,Drama,Sport",4.6,45270
Highlander: Endgame,2000,"Action,Adventure,Fantasy",4.6,22426
Psycho,1998,"Horror,Mystery,Thriller",4.6,52900
Taxi,2004,"Action,Comedy,Crime",4.6,48291
Battle Royale II: Requiem,2003,"Action,Drama,Thriller",4.6,22352
Soul Plane,2004,Comedy,4.6,26359
Captivity,2007,"Crime,Horror,Mystery",4.6,24363
Little Man,2006,"Comedy,Crime",4.6,66253
Aliens vs. Predator: Requiem,2007,"Action,Horror,Sci-Fi",4.6,147267
Thunder Force,2021,"Action,Adventure,Comedy",4.6,48612
The Grudge 3,2009,"Horror,Mystery,Thriller",4.6,20826
Megan Is Missing,2011,"Crime,Drama,Horror",4.6,21193
Alvin and the Chipmunks: The Squeakquel,2009,"Adventure,Animation,Comedy",4.6,61336
Sex and the City 2,2010,"Comedy,Drama,Romance",4.6,88737
Yogi Bear,2010,"Adventure,Animation,Comedy",4.6,24792
Recep Ivedik 2,2009,Comedy,4.6,24979
Max Steel,2016,"Action,Adventure,Fantasy",4.6,21626
Firestarter,2022,"Drama,Horror,Sci-Fi",4.6,25667
Dark Crimes,2016,"Crime,Drama,Mystery",4.6,20016
Paranormal Activity: The Ghost Dimension,2015,"Horror,Mystery",4.6,33489
God's Not Dead,2014,"Drama,Romance",4.6,46829
Bhool Bhulaiyaa 3,2024,"Comedy,Fantasy,Horror",4.6,79086
Fifty Shades Freed,2018,"Drama,Mystery,Romance",4.6,83589
Trigger Warning,2024,"Action,Crime,Thriller",4.6,20730
Friday the 13th Part VIII: Jason Takes Manhattan,1989,"Adventure,Horror,Thriller",4.5,48423
Highlander: The Final Dimension,1994,"Action,Fantasy,Romance",4.5,23342
Bio-Dome,1996,Comedy,4.5,31716
Species II,1998,"Action,Horror,Sci-Fi",4.5,33882
Nutty Professor II: The Klumps,2000,"Comedy,Romance,Sci-Fi",4.5,55680
Jason X,2001,"Action,Horror,Sci-Fi",4.5,67012
xXx: State of the Union,2005,"Action,Adventure,Crime",4.5,76805
The Butterfly Effect 2,2006,"Drama,Sci-Fi,Thriller",4.5,38773
Postal,2007,"Action,Comedy,Crime",4.5,25772
Rings,2017,"Drama,Horror,Mystery",4.5,45953
Cell,2016,"Action,Adventure,Horror",4.5,33122
The Legend,2022,"Action,Drama,Romance",4.5,29529
Ouija,2014,"Horror,Mystery,Thriller",4.5,62061
Shehzada,2023,"Action,Comedy,Drama",4.5,32211
Skyline,2010,"Action,Sci-Fi,Thriller",4.5,94406
Alvin and the Chipmunks: Chipwrecked,2011,"Adventure,Animation,Comedy",4.5,44984
Paul Blart: Mall Cop 2,2015,"Action,Comedy,Crime",4.5,45098
Space Jam: A New Legacy,2021,"Adventure,Animation,Comedy",4.5,87362
Redemption Day,2021,"Action,Drama,Thriller",4.5,24629
Secret Obsession,2019,"Crime,Drama,Mystery",4.5,26898
Supergirl,1984,"Action,Adventure,Fantasy",4.4,25284
Police Academy 6: City Under Siege,1989,"Comedy,Crime",4.4,33999
Stop! Or My Mom Will Shoot,1992,"Action,Comedy",4.4,46240
Look Who's Talking Now,1993,"Comedy,Family,Romance",4.4,32642
Urban Legends: Final Cut,2000,"Horror,Mystery",4.4,20300
Spy Kids 3: Game Over,2003,"Action,Adventure,Comedy",4.4,71594
Ultraviolet,2006,"Action,Sci-Fi",4.4,86639
Zoom,2006,"Action,Adventure,Comedy",4.4,23573
The Shaggy Dog,2006,"Comedy,Family,Fantasy",4.4,21014
Are We Done Yet?,2007,"Comedy,Family",4.4,24072
Basic Instinct 2,2006,"Drama,Mystery,Thriller",4.4,43819
Cinderella,2021,"Comedy,Family,Fantasy",4.4,50514
Ghost Rider: Spirit of Vengeance,2011,"Action,Adventure,Animation",4.4,134601
Movie 43,2013,Comedy,4.4,120728
The Ice Age Adventures of Buck Wild,2022,"Adventure,Animation,Comedy",4.4,20185
The Human Centipede (First Sequence),2009,Horror,4.4,97317
Recep Ivedik 3,2010,Comedy,4.4,23320
LOL,2012,"Comedy,Drama,Romance",4.4,59995
Prem Ratan Dhan Payo,2015,"Action,Drama,Musical",4.4,26054
The Grudge,2019,"Fantasy,Horror",4.4,32437
He's All That,2021,"Comedy,Romance",4.4,32687
Peter Pan & Wendy,2023,"Adventure,Family,Fantasy",4.4,30493
The Adventures of Rocky & Bullwinkle,2000,"Adventure,Comedy,Family",4.3,21951
A Sound of Thunder,2005,"Action,Adventure,Horror",4.3,21773
Norbit,2007,"Comedy,Romance",4.3,89103
The Legend of Hercules,2014,"Action,Adventure,Fantasy",4.3,57765
Singham Again,2024,"Action,Crime,Drama",4.3,76286
Fantastic Four,2015,"Action,Adventure,Animation",4.3,193277
A Wrinkle in Time,2018,"Adventure,Drama,Family",4.3,50013
The Gallows,2015,"Horror,Mystery,Thriller",4.3,22691
Artemis Fowl,2020,"Adventure,Family,Fantasy",4.3,31773
The Bye Bye Man,2017,"Drama,Fantasy,Horror",4.3,27769
Tejas,2023,"Action,Drama,Thriller",4.3,25230
Highlander II: The Quickening,1991,"Action,Adventure,Drama",4.2,50600
RoboCop 3,1993,"Action,Crime,Sci-Fi",4.2,57302
Super Mario Bros.,1993,"Adventure,Comedy,Family",4.2,67818
Inspector Gadget,1999,"Action,Adventure,Comedy",4.2,54016
Universal Soldier: The Return,1999,"Action,Sci-Fi",4.2,32078
The Cat in the Hat,2003,"Adventure,Comedy,Family",4.2,94518
Torque,2004,"Action,Comedy,Crime",4.2,30557
Boogeyman,2005,"Drama,Horror,Mystery",4.2,33906
Bhuj: The Pride of India,2021,"Action,Drama,History",4.2,26494
Coolie No. 1,2020,"Action,Comedy,Romance",4.2,74759
Cirkus,2022,"Comedy,Drama",4.2,24949
The Devil Inside,2012,Horror,4.2,38517
The Archies,2023,"Comedy,Drama,Musical",4.2,53571
Fifty Shades of Grey,2015,"Drama,Romance,Thriller",4.2,357246
Jason Goes to Hell: The Final Friday,1993,"Fantasy,Horror,Mystery",4.1,41175
Street Fighter,1994,"Action,Adventure,Comedy",4.1,79558
Book of Shadows: Blair Witch 2,2000,"Adventure,Fantasy,Horror",4.1,42126
One Missed Call,2008,"Horror,Mystery",4.1,35385
Madame Web,2024,"Action,Thriller",4.1,115914
The Apparition,2012,"Horror,Thriller",4.1,21201
Shark Night,2011,"Action,Horror,Thriller",4.1,28343
Wounds,2019,"Drama,Horror,Mystery",4.1,23687
Thugs of Hindostan,2018,"Action,Adventure",4.1,23065
Speed 2: Cruise Control,1997,"Action,Adventure,Crime",4.0,89219
You Got Served,2004,"Drama,Music",4.0,28388
Material Girls,2006,"Comedy,Family,Romance",4.0,23222
Prom Night,2008,Horror,4.0,40019
Beverly Hills Chihuahua,2008,"Adventure,Comedy,Drama",4.0,27568
Holmes & Watson,2018,"Comedy,Crime,Mystery",4.0,42377
Return to Silent Hill,2026,"Drama,Horror,Mystery",4.0,21492
Son of Sardaar 2,2025,Comedy,4.0,38571
Tu Meri Main Tera Main Tera Tu Meri,2025,"Adventure,Comedy,Romance",4.0,28195
Tubelight,2017,"Drama,War",4.0,24025
Plan 9 from Outer Space,1958,"Horror,Sci-Fi",3.9,42549
The Adventures of Pluto Nash,2002,"Action,Comedy,Sci-Fi",3.9,28350
Halloween: Resurrection,2002,"Horror,Thriller",3.9,54082
Crossroads,2002,"Comedy,Drama,Romance",3.9,47657
The Last Airbender,2010,"Action,Adventure,Family",3.9,181481
Jeepers Creepers III,2017,Horror,3.9,26988
Kisi Ka Bhai Kisi Ki Jaan,2023,"Action,Comedy,Drama",3.9,42046
Exorcist II: The Heretic,1977,Horror,3.8,30898
Jaws 3-D,1983,"Adventure,Horror,Thriller",3.8,52923
Superman IV: The Quest for Peace,1987,"Action,Adventure,Sci-Fi",3.8,57583
The Avengers,1998,"Action,Adventure,Sci-Fi",3.8,45848
Batman & Robin,1997,"Action,Sci-Fi",3.8,283133
Spice World,1997,"Comedy,Family,Music",3.8,38418
The Flintstones in Viva Rock Vegas,2000,"Comedy,Family,Romance",3.8,26994
The Adventures of Sharkboy and Lavagirl 3-D,2005,"Action,Adventure,Comedy",3.8,46677
The Wicker Man,2006,"Horror,Mystery,Thriller",3.8,74924
In the Name of the King: A Dungeon Siege Tale,2007,"Action,Adventure,Fantasy",3.8,50545
The Love Guru,2008,"Comedy,Romance,Sport",3.8,56994
The Human Centipede 2 (Full Sequence),2011,Horror,3.8,47955
Piranha 3DD,2012,"Comedy,Horror,Sci-Fi",3.8,48063
Kalank,2019,"Drama,Romance",3.8,21826
Dungeons & Dragons,2000,"Action,Adventure,Fantasy",3.7,37931
Ballistic: Ecks vs. Sever,2002,"Action,Crime,Mystery",3.7,21782
The Fog,2005,"Horror,Mystery",3.7,41563
Bade Miyan Chote Miyan,2024,"Action,Adventure,Sci-Fi",3.7,40793
Barb Wire,1996,"Action,Sci-Fi",3.6,32073
Mortal Kombat: Annihilation,1997,"Action,Adventure,Fantasy",3.6,61832
The Room,2003,Drama,3.6,100111
Scary Movie 5,2013,"Comedy,Horror",3.6,85716
Home Sweet Home Alone,2021,"Comedy,Crime,Family",3.6,23391
Spy Kids 4: All the Time in the World,2011,"Action,Adventure,Comedy",3.6,30803
Dam999,2011,"Adventure,Drama,Sci-Fi",3.6,20805
Fifty Shades of Black,2016,Comedy,3.6,24772
Cuties,2020,Drama,3.6,33312
Police Academy: Mission to Moscow,1994,"Comedy,Crime",3.5,38229
Catwoman,2004,"Action,Crime,Fantasy",3.5,132569
Dumb and Dumberer: When Harry Met Lloyd,2003,Comedy,3.5,44588
Dragon Wars: D-War,2007,"Action,Drama,Fantasy",3.5,25951
Vampires Suck,2010,"Comedy,Horror",3.5,54915
Hercules in New York,1970,"Adventure,Comedy,Fantasy",3.4,20675
Texas Chainsaw Massacre: The Next Generation,1994,"Comedy,Horror,Thriller",3.4,28854
Feardotcom,2002,"Crime,Horror,Thriller",3.4,23894
The Master of Disguise,2002,"Adventure,Comedy,Family",3.4,27835
Crimea,2017,"Action,Drama",3.4,33669
Jack and Jill,2011,"Comedy,Family",3.3,96333
365 Days,2020,"Drama,Romance",3.3,108995
The Starving Games,2013,"Adventure,Comedy,Sci-Fi",3.3,24262
Celal and Ceren,2013,"Comedy,Romance",3.3,44794
Slender Man,2018,"Horror,Mystery,Thriller",3.3,43175
The Open House,2018,"Horror,Thriller",3.3,39433
Kazaam,1996,"Comedy,Family,Fantasy",3.2,26642
Rollerball,2002,"Action,Sci-Fi,Sport",3.2,29856
Bratz,2007,"Comedy,Family,Music",3.2,21040
Left Behind,2014,"Action,Fantasy,Sci-Fi",3.2,44551
Jaws: The Revenge,1987,"Adventure,Horror,Thriller",3.1,52592
Troll 2,1990,"Comedy,Fantasy,Horror",3.0,36481
BloodRayne,2005,"Action,Fantasy,Horror",3.0,38660
Dabangg 3,2019,"Action,Comedy,Crime",3.0,23111
Winnie-the-Pooh: Blood and Honey,2023,Horror,2.9,37298
Breach,2020,"Action,Horror,Sci-Fi",2.9,20942
Date Movie,2006,"Comedy,Romance",2.8,64464
Meet the Spartans,2008,"Comedy,Fantasy",2.8,113269
Cats,2019,"Comedy,Drama,Family",2.8,59267
Gigli,2003,"Comedy,Crime,Romance",2.7,50929
365 Days: This Day,2022,"Drama,Romance",2.7,28502
The Human Centipede III (Final Sequence),2015,"Comedy,Horror",2.7,23124
Baby Geniuses,1999,"Comedy,Crime,Family",2.6,28424
Adipurush,2023,"Action,Drama",2.6,137609
Liger,2022,"Action,Drama,Romance",2.6,49277
Glitter,2001,"Drama,Music,Romance",2.5,23416
Battlefield Earth,2000,"Action,Adventure,Sci-Fi",2.5,84871
Epic Movie,2007,"Adventure,Comedy,Fantasy",2.5,113900
Dragonball: Evolution,2009,"Action,Adventure,Fantasy",2.5,85030
War of the Worlds,2025,"Action,Adventure,Sci-Fi",2.5,33920
Alone in the Dark,2005,"Action,Horror,Sci-Fi",2.4,46163
Nothing to Lose,2018,"Biography,Drama",2.4,23215
Son of the Mask,2005,"Comedy,Family,Fantasy",2.3,62250
The Prototype,2022,"Action,Sci-Fi,Thriller",2.3,47352
Student of the Year 2,2019,"Action,Comedy,Drama",2.3,23283
Heropanti 2,2022,"Action,Comedy,Crime",2.2,28229
House of the Dead,2003,"Action,Adventure,Horror",2.1,39958
Martin,2024,"Action,Drama,Thriller",2.1,36592
The Hottie & the Nottie,2008,"Comedy,Romance",2.0,38487
A Business Proposal,2025,"Comedy,Drama,Romance",2.0,22960
Enes Batur: Imagination or Reality?,2018,\N,2.0,56784
From Justin to Kelly,2003,"Comedy,Music,Musical",1.9,26193
Disaster Movie,2008,"Comedy,Sci-Fi",1.9,98062
Race 3,2018,"Action,Thriller",1.9,50330
Radhe,2021,"Action,Thriller",1.8,181739
Manos: The Hands of Fate,1966,Horror,1.7,38488
Superbabies: Baby Geniuses 2,2003,"Comedy,Family,Sci-Fi",1.5,32112
The Cost of Deception,2021,"Action,Crime,Drama",1.5,40926
Smolensk,2016,"Drama,Thriller",1.2,37489
Sadak 2,2020,"Action,Drama",1.2,97207
Reis,2017,"Biography,Drama",1.0,74715
Cumali Ceber,2017,Comedy,1.0,40016
